artikelcode,merk,omschrijving
1047515,Pragmalux,Pragmalux  LED Inbouw/Opbouw Downlight Luna G2 IP44 12W/18W 3000K-6000K 3-CCT 1400-2050lm Ø217 Buitenmaat - Gatmaat Ø65-185 incl. LED Driver
1047607,Pragmalux,Pragmalux  LED Inbouw/Opbouw Downlight Luna G2 IP44 15W/23W 3000K-6000K 3-CCT 1875-2875lm Ø290 Buitenmaat - Gatmaat Ø65-260 incl. LED Driver
1047522,Pragmalux,Pragmalux  LED Inbouw/Opbouw Downlight Luna G2 IP44 zwart frame Ø165 Buitenmaat
1047539,Pragmalux,Pragmalux  LED Inbouw/Opbouw Downlight Luna G2 IP44 zwart frame Ø217 Buitenmaat
2029125,Pragmalux,Pragmalux  LED Inbouw/Opbouw Downlight Luna G2 PIR wit IP54 15W/23W 3000K-6000K 3-CCT 1650-2450lm Ø300 Buitenmaat - Gatmaat Ø65-260 incl. LED Driver
1047614,Pragmalux,Pragmalux  LED Inbouw/Opbouw Downlight Luna G2 PIR wit IP54 9W/18W 3000K-6000K 3-CCT 1025-2000lm Ø227 Buitenmaat - Gatmaat Ø65-185 incl. LED Driver
2029132,Pragmalux,Pragmalux  LED Inbouw/Opbouw Downlight Luna G2 PIR zwart IP54 15W/23W 3000K-6000K 3-CCT 1650-2450lm Ø300 Buitenmaat - Gatmaat Ø65-260 incl. LED Driver
1047553,Pragmalux,Pragmalux  LED Inbouw/Opbouw Downlight Luna G2 PIR zwart IP54 9W/18W 3000K-6000K 3-CCT 1025-2000lm Ø227 Buitenmaat - Gatmaat Ø65-185 incl. LED Driver
4608310,Pragmalux,Pragmalux Bewegingssensor t.b.v. LED Waterdicht Armatuur Zeus/Hermes
1045436,Pragmalux,Pragmalux component LED Bulkhead Venus G2 CCT-schakelaar met kabel
1037158,Pragmalux,Pragmalux component Modul LED module frame zwart 9005
1037141,Pragmalux,Pragmalux component Modul LED module wit 15W 2000-2100lm 3000-4000K  2CCT
1047461,Pragmalux,Pragmalux Essence G2 PIR LED Driver 6-9W 150-220mA
1046730,Pragmalux,Pragmalux Essence G2/UGR LED Driver 15-21W 340-470mA
1046730-PR-EUR,Pragmalux,Pragmalux Essence G2/UGR LED Driver 15-21W 340-470mA incl. eurosnoer 2m wit
1046709,Pragmalux,Pragmalux Essence G2/UGR LED Driver 3-6W 65-135mA
1046709-PR-GST3,Pragmalux,Pragmalux Essence G2/UGR LED Driver 3-6W 65-135mA incl. GST18i3
1046716,Pragmalux,Pragmalux Essence G2/UGR LED Driver 6-9W 135-200mA
1046716-PR-EUR,Pragmalux,Pragmalux Essence G2/UGR LED Driver 6-9W 135-200mA incl. eurosnoer 2m wit
1046723,Pragmalux,Pragmalux Essence G2/UGR LED Driver 9-15W 200-330mA
1046723-PR-EUR,Pragmalux,Pragmalux Essence G2/UGR LED Driver 9-15W 200-330mA incl. eurosnoer 2m wit
1046723-PR-GST3,Pragmalux,Pragmalux Essence G2/UGR LED Driver 9-15W 200-330mA incl. GST18i3
2030008,Pragmalux,Pragmalux Flexcore component LED module IP44  for 1720x145cm with air slot max 39W 5250-5500lm CRI>90 3000K-3500K-4000K 3CCT
1048925,Pragmalux,Pragmalux Flexcore component LED module IP44 30x120cm max 39W 5250-5500lm CRI>90 3000K-3500K-4000K 3CCT
1048918,Pragmalux,Pragmalux Flexcore component LED module IP44 60x60cm max 39W 5250-5500lm CRI>90 3000K-3500K-4000K 3CCT
4600154,Pragmalux,Pragmalux Inbouwspot Alpha Rond Kantelbaar aluminium - Incl. GU10 Fitting
4600185,Pragmalux,Pragmalux Inbouwspot Alpha Rond Kantelbaar nikkel - Incl. GU10 Fitting
4600161,Pragmalux,Pragmalux Inbouwspot Alpha Rond Kantelbaar wit RAL9003 - Incl. GU10 Fitting
4600178,Pragmalux,Pragmalux Inbouwspot Alpha Rond Kantelbaar Zwart RAL9004 - Incl. GU10 Fitting
4600031,Pragmalux,Pragmalux Inbouwspot Apollo Rond Verdiept wit RAL9003 - Incl. GU10 Fitting
4600048,Pragmalux,Pragmalux Inbouwspot Apollo Rond Verdiept Zwart RAL9004 - Incl. GU10 Fitting
4600055,Pragmalux,Pragmalux Inbouwspot Apollo Vierkant Verdiept wit RAL9003 - Incl. GU10 Fitting
4600062,Pragmalux,Pragmalux Inbouwspot Apollo Vierkant Verdiept Zwart RAL9004 - Incl. GU10 Fitting
4600116,Pragmalux,Pragmalux Inbouwspot Aura Rond Kantelbaar aluminium - Incl. GU10 Fitting
4600192,Pragmalux,Pragmalux Inbouwspot Boxy Vierkant Kantelbaar aluminium - Incl. GU10 Fitting
4600208,Pragmalux,Pragmalux Inbouwspot Boxy Vierkant Kantelbaar wit RAL9003 - Incl. GU10 Fitting
4600215,Pragmalux,Pragmalux Inbouwspot Boxy Vierkant Kantelbaar Zwart RAL9004 - Incl. GU10 Fitting
4600079,Pragmalux,Pragmalux Inbouwspot Delta Rond Kantelbaar aluminium - Incl. GU10 Fitting
4600086,Pragmalux,Pragmalux Inbouwspot Delta Rond Kantelbaar wit RAL9003 - Incl. GU10 Fitting
4600093,Pragmalux,Pragmalux Inbouwspot Delta Rond Kantelbaar Zwart RAL9004 - Incl. GU10 Fitting
9171856,Pragmalux,Pragmalux LED 3-Fase Railspot Piccolo 15W 2700K CRI>90 33D 1393lm Wit - Dimbaar
9171859,Pragmalux,Pragmalux LED 3-Fase Railspot Piccolo 15W 2700K CRI>90 33D 1393lm Zwart - Dimbaar
9171857,Pragmalux,Pragmalux LED 3-Fase Railspot Piccolo 15W 3000K CRI>90 33D 1440lm Wit - Dimbaar
9171860,Pragmalux,Pragmalux LED 3-Fase Railspot Piccolo 15W 3000K CRI>90 33D 1440lm Zwart - Dimbaar
9171861,Pragmalux,Pragmalux LED 3-Fase Railspot Piccolo 15W 4000K CRI>90 33D 1561lm Zwart - Dimbaar
9171868,Pragmalux,Pragmalux LED 3-Fase Railspot Piccolo 27W 2700K CRI>90 40D 2786lm Zwart - Dimbaar
9171847,Pragmalux,Pragmalux LED 3-Fase Railspot Piccolo 7W 2700K CRI>90 33D 674lm Wit - Dimbaar
9171850,Pragmalux,Pragmalux LED 3-Fase Railspot Piccolo 7W 2700K CRI>90 33D 674lm Zwart - Dimbaar
9171848,Pragmalux,Pragmalux LED 3-Fase Railspot Piccolo 7W 3000K CRI>90 33D 722lm Wit - Dimbaar
9171851,Pragmalux,Pragmalux LED 3-Fase Railspot Piccolo 7W 3000K CRI>90 33D 722lm Zwart - Dimbaar
2029736,Pragmalux,Pragmalux LED 3-Fase Railspot Punto component COB houder 20x24''
2038431,Pragmalux,"Pragmalux LED 3-Fase Railspot Punto component thermische pad 20x24x0,5mm 6W/m·K"
2029316,Pragmalux,Pragmalux LED Armatuur Hera/ Auva G3 accessoire afstandsbediening voor sensor
1043920,Pragmalux,Pragmalux LED Balvast Sporthalarmatuur Sparta Pro accessoire Ophangset
1043906,Pragmalux,Pragmalux LED Balvast Sporthalarmatuur Sparta Pro IK10 100-150-200W 4000K wit RAL9003 excl. driver
1043890-PH-DA,Pragmalux,Pragmalux LED Balvast Sporthalarmatuur Sparta Pro IK10 100W 4000K 13000lm DALI wit RAL9003 (440mA)
1043890-PH,Pragmalux,Pragmalux LED Balvast Sporthalarmatuur Sparta Pro IK10 100W 4000K 13000lm wit RAL9003 (440mA)
1043906-PH-DA,Pragmalux,Pragmalux LED Balvast Sporthalarmatuur Sparta Pro IK10 150W 4000K 18750lm DALI wit RAL9003 (675mA)
1043906-PH,Pragmalux,Pragmalux LED Balvast Sporthalarmatuur Sparta Pro IK10 150W 4000K 18750lm wit RAL9003 (675mA)
1043913-PH-DA,Pragmalux,Pragmalux LED Balvast Sporthalarmatuur Sparta Pro IK10 200W 4000K 25000lm DALI wit RAL9003 (440mA)
1043913-PH,Pragmalux,Pragmalux LED Balvast Sporthalarmatuur Sparta Pro IK10 200W 4000K 25000lm wit RAL9003 (440mA)
1043937,Pragmalux,Pragmalux LED Balvast Sporthalarmatuur Sparta Pro reserveonderdeel Opbouwset
2029842-TC-DA,Pragmalux,Pragmalux LED Bandrasterarmatuur Flexcore IP44 1720x145mm 36W 4850-5100lm 3000K-3500K-4000K 3-CCT CRI>90 UGR<19 wit RAL9003 + TCI DALI Driver
2029842-UN,Pragmalux,"Pragmalux LED Bandrasterarmatuur Flexcore IP44 1720x145mm 36W 4850-5100lm 3000K-3500K-4000K 3-CCT CRI>90 UGR<19 wit RAL9003 + UN Driver (DALI2, 1-10V, Push-dim)"
1000848,Pragmalux,Pragmalux LED Bewegingssensor
2029699,Pragmalux,Pragmalux LED Breedstraler Auva G3 100W bevestigingsbeugel paal Ø40-80 zwart
2029675,Pragmalux,Pragmalux LED Breedstraler Auva G3 100W muursteun bevestigingsbeugel 1m zwart
2029705,Pragmalux,Pragmalux LED Breedstraler Auva G3 200W bevestigingsbeugel paal Ø40-80 zwart
2033405,Pragmalux,Pragmalux LED Breedstraler Auva G3 200W muursteun bevestigingsbeugel 1m grijs
2033412,Pragmalux,Pragmalux LED Breedstraler Auva G3 200W muursteun bevestigingsbeugel 1m zwart
2029712,Pragmalux,Pragmalux LED Breedstraler Auva G3 300W bevestigingsbeugel paal Ø40-80 zwart
2029682,Pragmalux,Pragmalux LED Breedstraler Auva G3 50W bevestigingsbeugel paal Ø40-80 zwart
2029668,Pragmalux,Pragmalux LED Breedstraler Auva G3 50W muursteun bevestigingsbeugel 1m zwart
2029637,Pragmalux,Pragmalux LED Breedstraler Auva G3 component 50-200W muursteun bevestigingsbeugel 1m zwart
2029644,Pragmalux,Pragmalux LED Breedstraler Auva G3 component 50-300W bevestigingsbeugel paal Ø40-80 zwart
2029569,Pragmalux,Pragmalux LED Breedstraler Auva G3 IP66 C4 120-200W 3000K-5000K 3CCT 19500-32500lm asymmetrisch incl. photocell zwart RAL9004
2029606,Pragmalux,Pragmalux LED Breedstraler Auva G3 IP66 C4 120-200W 3000K-5000K 3CCT 19500-32500lm asymmetrisch zwart RAL9004  DALI2
2029576,Pragmalux,Pragmalux LED Breedstraler Auva G3 IP66 C4 180-300W 3000K-5000K 3CCT 30300-51500lm asymmetrisch zwart RAL9004
2029613,Pragmalux,Pragmalux LED Breedstraler Auva G3 IP66 C4 180-300W 3000K-5000K 3CCT 30300-51500lm asymmetrisch zwart RAL9004  DALI2
2029651,Pragmalux,Pragmalux LED Breedstraler Auva G3 IP66 C4 20-50W 3000K-5000K 3CCT 3050-7950lm asymmetrisch zwart RAL9004
2029583,Pragmalux,Pragmalux LED Breedstraler Auva G3 IP66 C4 300-500W 3000K-5000K 3CCT 50000-85000lm asymmetrisch zwart RAL9004
2029620,Pragmalux,Pragmalux LED Breedstraler Auva G3 IP66 C4 300-500W 3000K-5000K 3CCT 50000-85000lm asymmetrisch zwart RAL9004  DALI2
2029552,Pragmalux,Pragmalux LED Breedstraler Auva G3 IP66 C4 60-100W 3000K-5000K 3CCT 10000-17000lm asymmetrisch incl. photocell zwart RAL9004
2029590,Pragmalux,Pragmalux LED Breedstraler Auva G3 IP66 C4 60-100W 3000K-5000K 3CCT 10000-17000lm asymmetrisch zwart RAL9004  DALI2
1000893,Pragmalux,Pragmalux LED Bulkhead Ovalo IP65 5W 3000K-4000K 2-CCT 450lm Wit Ø270
1000893-S,Pragmalux,Pragmalux LED Bulkhead Ovalo IP65 5W 3000K-4000K 2-CCT 450lm Wit Ø270 + Bewegingssensor
1000893-DS,Pragmalux,Pragmalux LED Bulkhead Ovalo IP65 5W 3000K-4000K 2-CCT 450lm Wit Ø270 + Daglichtsensor
1000909,Pragmalux,Pragmalux LED Bulkhead Ovalo IP65 5W 3000K-4000K 2-CCT 450lm Zwart Ø270
1000909-S,Pragmalux,Pragmalux LED Bulkhead Ovalo IP65 5W 3000K-4000K 2-CCT 450lm Zwart Ø270 + Bewegingssensor
1000909-DS,Pragmalux,Pragmalux LED Bulkhead Ovalo IP65 5W 3000K-4000K 2-CCT 450lm Zwart Ø270 + Daglichtsensor
1000527,Pragmalux,Pragmalux LED Bulkhead Ovalo IP65 Grill Afscherming Wit
1000534,Pragmalux,Pragmalux LED Bulkhead Ovalo IP65 Grill Afscherming Zwart
1000503,Pragmalux,Pragmalux LED Bulkhead Ovalo IP65 Halve Afscherming Wit
1000510,Pragmalux,Pragmalux LED Bulkhead Ovalo IP65 Halve Afscherming Zwart
1000381,Pragmalux,Pragmalux LED Bulkhead Venus G2 3-Step Dim Bewegingssensor (Daglicht Prioriteit)
1045443-DS,Pragmalux,"Pragmalux LED Bulkhead Venus G2 IP65 2,75W-5W 3000K-5000K 3-CCT 295-570lm Ø300 + Step-dim daglicht & bewegingssensor"
1045443-DSN,Pragmalux,"Pragmalux LED Bulkhead Venus G2 IP65 2,75W-5W 3000K-5000K 3-CCT 295-570lm Ø300 + Step-dim daglicht & bewegingssensor & noodmodule 1uur autotest"
1048482,Pragmalux,"Pragmalux LED Bulkhead Venus G2 IP65 24-42V AC/DC  2,75W-5W 3000K-5000K 3-CCT 295-570lm Ø300"
1048451,Pragmalux,Pragmalux LED Bulkhead Venus G2 IP65 24-42V AC/DC 8W-18W 3000K-5000K 3-CCT 900-2025lm Ø300
1048451-S,Pragmalux,Pragmalux LED Bulkhead Venus G2 IP65 24-42V AC/DC 8W-18W 3000K-5000K 3-CCT 900-2025lm Ø300 + bewegingssensor
1000152,Pragmalux,Pragmalux LED Bulkhead Venus G2 IP65 8W-18W 3000K-5000K 3-CCT 900-2025lm Ø300
1000152-N,Pragmalux,Pragmalux LED Bulkhead Venus G2 IP65 8W-18W 3000K-5000K 3-CCT 900-2025lm Ø300 + Noodmodule 1uur autotest
1000152-S,Pragmalux,Pragmalux LED Bulkhead Venus G2 IP65 8W-18W 3000K-5000K 3-CCT 900-2025lm Ø300 + Step-dim bewegingssensor
1000152-SN,Pragmalux,Pragmalux LED Bulkhead Venus G2 IP65 8W-18W 3000K-5000K 3-CCT 900-2025lm Ø300 + Step-dim bewegingssensor & noodmodule 1uur autotest
1000152-DS,Pragmalux,Pragmalux LED Bulkhead Venus G2 IP65 8W-18W 3000K-5000K 3-CCT 900-2025lm Ø300 + Step-dim daglicht & bewegingssensor
1000152-DSN,Pragmalux,Pragmalux LED Bulkhead Venus G2 IP65 8W-18W 3000K-5000K 3-CCT 900-2025lm Ø300 + Step-dim daglicht & bewegingssensor & noodmodule 1uur autotest
1041148,Pragmalux,Pragmalux LED Bulkhead Venus G2 LED Driver dip-switch18W 0.46A 42V
1000213,Pragmalux,Pragmalux LED Bulkhead Venus G2 Master-Slave Kabel
1001050,Pragmalux,Pragmalux LED Bulkhead Venus G2 Ø300 Halve Maan Ring Wit RAL9003
1001074,Pragmalux,Pragmalux LED Bulkhead Venus G2 Ø300 Halve Maan Ring Zwart RAL9004
1000176,Pragmalux,Pragmalux LED Bulkhead Venus G2 Ø300 Ring Grijs RAL7016
1000169,Pragmalux,Pragmalux LED Bulkhead Venus G2 Ø300 Ring Wit RAL9003
1001081,Pragmalux,Pragmalux LED Bulkhead Venus G2 Ø370 Ring Wit RAL9003
1001104,Pragmalux,Pragmalux LED Bulkhead Venus G2 Ø370 Ring Zwart RAL9004
1000855,Pragmalux,Pragmalux LED Daglichtsensor
1046761,Pragmalux,Pragmalux LED Downlight Essence G2 IP54 max. 15W 3000K-6000K 3-CCT max. 1650lm 100D Gatmaat Ø150 excl. LED Driver en frame
1046778,Pragmalux,Pragmalux LED Downlight Essence G2 IP54 max. 21W 3000K-6000K 3-CCT max. 2450lm 100D Gatmaat Ø200 excl. LED Driver en frame
1046747,Pragmalux,Pragmalux LED Downlight Essence G2 IP54 max. 6W 3000K-6000K 3-CCT max. 690lm 100D Gatmaat Ø90 excl. LED Driver en frame
1046754,Pragmalux,Pragmalux LED Downlight Essence G2 IP54 max. 9W 3000K-6000K 3-CCT max. 1000lm 100D Gatmaat Ø120 excl. LED Driver en frame
WO1046761,Pragmalux,Pragmalux LED Downlight Essence G2 IP54 wit opbouw max. 15W 3000K-6000K 3-CCT max. 1650lm 100D Ø150x80(H) Buitenmaat excl. LED Driver
WO1046778,Pragmalux,Pragmalux LED Downlight Essence G2 IP54 wit opbouw max. 21W 3000K-6000K 3-CCT max. 2450lm 100D Ø200x80(H) Buitenmaat excl. LED Driver
WS1046761,Pragmalux,Pragmalux LED Downlight Essence G2 IP54 wit standaard max. 15W 3000K-6000K 3-CCT max. 1650lm 100D Ø200 Buitenmaat - Gatmaat Ø150 excl. LED Driver
WS1046778,Pragmalux,Pragmalux LED Downlight Essence G2 IP54 wit standaard max. 21W 3000K-6000K 3-CCT max. 2450lm 100D Ø250 Buitenmaat - Gatmaat Ø200 excl. LED Driver
WS1046747,Pragmalux,Pragmalux LED Downlight Essence G2 IP54 wit standaard max. 6W 3000K-6000K 3-CCT max. 690lm 100D Ø110 Buitenmaat - Gatmaat Ø90 excl. LED Driver
WS1046754,Pragmalux,Pragmalux LED Downlight Essence G2 IP54 wit standaard max. 9W 3000K-6000K 3-CCT max. 1000lm 100D Ø146 Buitenmaat - Gatmaat Ø120 excl. LED Driver
WV1046761,Pragmalux,Pragmalux LED Downlight Essence G2 IP54 wit verdiept max. 15W 3000K-6000K 3-CCT max. 1650lm 100D Ø176 Buitenmaat - Gatmaat Ø150 excl. LED Driver
WV1046778,Pragmalux,Pragmalux LED Downlight Essence G2 IP54 wit verdiept max. 21W 3000K-6000K 3-CCT max. 2450lm 100D Ø226 Buitenmaat - Gatmaat Ø200 excl. LED Driver
WV1046747,Pragmalux,Pragmalux LED Downlight Essence G2 IP54 wit verdiept max. 6W 3000K-6000K 3-CCT max. 690lm 100D Ø110 Buitenmaat - Gatmaat Ø90 excl. LED Driver
ZO1046761,Pragmalux,Pragmalux LED Downlight Essence G2 IP54 zwart opbouw max. 15W 3000K-6000K 3-CCT max. 1650lm 100D Ø150x80(H) Buitenmaat excl. LED Driver
ZO1046778,Pragmalux,Pragmalux LED Downlight Essence G2 IP54 zwart opbouw max. 21W 3000K-6000K 3-CCT max. 2450lm 100D Ø200x80(H) Buitenmaat excl. LED Driver
ZS1046761,Pragmalux,Pragmalux LED Downlight Essence G2 IP54 zwart standaard max. 15W 3000K-6000K 3-CCT max. 1650lm 100D Ø200 Buitenmaat - Gatmaat Ø150 excl. LED Driver
ZS1046778,Pragmalux,Pragmalux LED Downlight Essence G2 IP54 zwart standaard max. 21W 3000K-6000K 3-CCT max. 2450lm 100D Ø250 Buitenmaat - Gatmaat Ø200 excl. LED Driver
ZV1046761,Pragmalux,Pragmalux LED Downlight Essence G2 IP54 zwart verdiept max. 15W 3000K-6000K 3-CCT max. 1650lm 100D Ø176 B - G Ø150 excl. LED Driver
ZV1046778,Pragmalux,Pragmalux LED Downlight Essence G2 IP54 zwart verdiept max. 21W 3000K-6000K 3-CCT max. 2450lm 100D Ø226 B - G Ø200 excl. LED Driver
1046808,Pragmalux,Pragmalux LED Downlight Essence G2 licht verdiepte frame PC Ø110 Wit
1046785,Pragmalux,Pragmalux LED Downlight Essence G2 licht verdiepte frame PC Ø110 Zwart
1046815,Pragmalux,Pragmalux LED Downlight Essence G2 licht verdiepte frame PC Ø146 Wit
1046792,Pragmalux,Pragmalux LED Downlight Essence G2 licht verdiepte frame PC Ø146 Zwart
1046846,Pragmalux,Pragmalux LED Downlight Essence G2 licht verdiepte frame PC Ø200 Wit
1046822,Pragmalux,Pragmalux LED Downlight Essence G2 licht verdiepte frame PC Ø200 Zwart
1046853,Pragmalux,Pragmalux LED Downlight Essence G2 licht verdiepte frame PC Ø250 Wit
1046839,Pragmalux,Pragmalux LED Downlight Essence G2 licht verdiepte frame PC Ø250 Zwart
1051635,Pragmalux,Pragmalux LED Downlight Essence G2 opbouwframe IP54 PC Ø150x80(H) Wit
1051642,Pragmalux,Pragmalux LED Downlight Essence G2 opbouwframe IP54 PC Ø150x80(H) Zwart
1051659,Pragmalux,Pragmalux LED Downlight Essence G2 opbouwframe IP54 PC Ø200x80(H) Wit
1051666,Pragmalux,Pragmalux LED Downlight Essence G2 opbouwframe IP54 PC Ø200x80(H) Zwart
1047492,Pragmalux,Pragmalux LED Downlight Essence G2 PIR IP54 wit 6/9W 3000K-6000K 3-CCT 700-1125lm 100D Ø190 Buitenmaat - Gatmaat Ø150 incl. LED Driver
Z1047492,Pragmalux,Pragmalux LED Downlight Essence G2 PIR IP54 zwart 6/9W 3000K-6000K 3-CCT 700/1125lm 100D Ø190 Buitenmaat - Gatmaat Ø150 incl. LED Driver
1047478,Pragmalux,Pragmalux LED Downlight Essence G2 PIR IP54 zwart frame Ø190 Buitenmaat
1047065,Pragmalux,Pragmalux LED Downlight Essence G2 verdiepte frame PC Ø110 Wit
1047140,Pragmalux,Pragmalux LED Downlight Essence G2 verdiepte frame PC Ø110 Zwart
1047072,Pragmalux,Pragmalux LED Downlight Essence G2 verdiepte frame PC Ø146 Wit
1047157,Pragmalux,Pragmalux LED Downlight Essence G2 verdiepte frame PC Ø146 Zwart
1047089,Pragmalux,Pragmalux LED Downlight Essence G2 verdiepte frame PC Ø176 Wit
1047164,Pragmalux,Pragmalux LED Downlight Essence G2 verdiepte frame PC Ø176 Zwart
1047096,Pragmalux,Pragmalux LED Downlight Essence G2 verdiepte frame PC Ø226 Wit
1047171,Pragmalux,Pragmalux LED Downlight Essence G2 verdiepte frame PC Ø226 Zwart
1046686,Pragmalux,Pragmalux LED Downlight Essence UGR IP54 wit max. 15W 3000K-6000K 3-CCT max. 2000lm 60D Ø176 Buitenmaat - Gatmaat Ø150 UGR<19 Excl. LED Driver
1046693,Pragmalux,Pragmalux LED Downlight Essence UGR IP54 wit max. 21W 3000K-6000K 3-CCT max. 2800lm 60D Ø226 Buitenmaat - Gatmaat Ø200 UGR<19 Excl. LED Driver
1046662,Pragmalux,Pragmalux LED Downlight Essence UGR IP54 wit max. 6W 3000K-6000K 3-CCT max. 760lm 60D Ø110 Buitenmaat - Gatmaat Ø95 UGR<19 Excl. LED Driver
1046679,Pragmalux,Pragmalux LED Downlight Essence UGR IP54 wit max. 9W 3000K-6000K 3-CCT max. 1200lm 60D Ø146 Buitenmaat - Gatmaat Ø120 UGR<19 Excl. LED Driver
Z1046686,Pragmalux,Pragmalux LED Downlight Essence UGR IP54 zwart max. 15W 3000K-6000K 3-CCT max. 2000lm 60D Ø176 Buitenmaat - Gatmaat Ø150 UGR<19 Excl. LED Driver
Z1046693,Pragmalux,Pragmalux LED Downlight Essence UGR IP54 zwart max. 21W 3000K-6000K 3-CCT max. 2800lm 60D Ø226 Buitenmaat - Gatmaat Ø200 UGR<19 Excl. LED Driver
Z1046662,Pragmalux,Pragmalux LED Downlight Essence UGR IP54 zwart max. 6W 3000K-6000K 3-CCT max. 760lm 60D Ø110 Buitenmaat - Gatmaat Ø95 UGR<19 Excl. LED Driver
Z1046679,Pragmalux,Pragmalux LED Downlight Essence UGR IP54 zwart max. 9W 3000K-6000K 3-CCT max. 1200lm 60D Ø146 Buitenmaat - Gatmaat Ø120 UGR<19 Excl. LED Driver
1028682,Pragmalux,Pragmalux LED Downlight Fora IP65 component  DC kabel + DC connector + 2-CCT schakelaar 25cm
1028637,Pragmalux,Pragmalux LED Downlight Fora IP65 component wit frame schroeflock Ø150
1028668,Pragmalux,Pragmalux LED Downlight Fora IP65 component wit frame schroeflock Ø200
1027968,Pragmalux,Pragmalux LED Downlight Fora IP65 component wit frame standaard Ø150
1027982,Pragmalux,Pragmalux LED Downlight Fora IP65 component wit frame standaard Ø200
1028644,Pragmalux,Pragmalux LED Downlight Fora IP65 component zwart frame schroeflock Ø150
1028675,Pragmalux,Pragmalux LED Downlight Fora IP65 component zwart frame schroeflock Ø200
1028620,Pragmalux,Pragmalux LED Downlight Fora IP65 component zwart frame standaard Ø172
1028651,Pragmalux,Pragmalux LED Downlight Fora IP65 component zwart frame standaard Ø235
1007205,Pragmalux,Pragmalux LED Downlight Fora IP65 driver niet dimbaar 15W 350mA 30-40Vdc Ø125-150-200
1028750,Pragmalux,Pragmalux LED Downlight Fora IP65 driver niet dimbaar 25W 580mA 30-40Vdc Ø150-200
1028767,Pragmalux,Pragmalux LED Downlight Fora IP65 driver niet dimbaar 40W 1000mA 30-40Vdc Ø200
1028477-PH20-350,Pragmalux,Pragmalux LED Downlight Fora IP65 Ø150 - Ø125 10-20W 900-2000lm 3000K-4000K 2-CCT wit +Philips Driver
1028477-PR-UN20,Pragmalux,"Pragmalux LED Downlight Fora IP65 Ø150 - Ø125 10-20W 900-2000lm 3000K-4000K 2-CCT wit +Universele LED Driver (DALI2, 1-10V, Push-dim)"
Z1028477-PH20-350,Pragmalux,Pragmalux LED Downlight Fora IP65 Ø150 - Ø125 10-20W 900-2000lm 3000K-4000K 2-CCT zwart +Philips Driver(350mA)
1028477-PR-IP65,Pragmalux,Pragmalux LED Downlight Fora IP65 Ø150 - Ø125 13W 1300-1350lm 3000K-4000K 2-CCT wit +IP65 Driver
1028477,Pragmalux,Pragmalux LED Downlight Fora IP65 Ø150 - Ø125 max. 25W 2750lm 3000K-4000K 2-CCT wit excl. driver
1028484-PR-UN20,Pragmalux,"Pragmalux LED Downlight Fora IP65 Ø172 - Ø150 10-20W 900-2000lm 3000K-4000K 2-CCT wit +Universele LED Driver (DALI2, 1-10V, Push-dim)"
Z1028484-PH20-350,Pragmalux,Pragmalux LED Downlight Fora IP65 Ø172 - Ø150 10-20W 900-2000lm 3000K-4000K 2-CCT zwart +Philips Driver(350mA)
Z1028484-PH30-700,Pragmalux,Pragmalux LED Downlight Fora IP65 Ø172 - Ø150 20-26W 1850-2800lm 3000K-4000K 2-CCT zwart +Philips Driver(700mA)
1028484-PR-IP65,Pragmalux,Pragmalux LED Downlight Fora IP65 Ø172 - Ø150 23W 2300-2350lm 3000K-4000K 2-CCT wit +IP65 Driver
1028484-PR-UN40,Pragmalux,"Pragmalux LED Downlight Fora IP65 Ø172 - Ø150 25-30W 2350-3250lm 3000K-4000K 2-CCT wit +Universele LED Driver (DALI2, 1-10V, Push-dim)"
1028484,Pragmalux,Pragmalux LED Downlight Fora IP65 Ø172 - Ø150 max. 30W 3500lm 3000K-4000K 2-CCT wit excl. driver
1028491-PR-UN20,Pragmalux,"Pragmalux LED Downlight Fora IP65 Ø235 - Ø200 10-20W 900-2000lm 3000K-4000K 2-CCT wit +Universele LED Driver (DALI2, 1-10V, Push-dim)"
Z1028491-PH20-350,Pragmalux,Pragmalux LED Downlight Fora IP65 Ø235 - Ø200 10-20W 900-2000lm 3000K-4000K 2-CCT zwart +Philips Driver(350mA)
Z1028491-PH30-700,Pragmalux,Pragmalux LED Downlight Fora IP65 Ø235 - Ø200 20-26W 1850-2800lm 3000K-4000K 2-CCT zwart +Philips Driver (700mA)
1028491-PR-UN40,Pragmalux,"Pragmalux LED Downlight Fora IP65 Ø235 - Ø200 25-35W 2400-3550lm 3000K-4000K 2-CCT wit +Universele LED Driver (DALI2, 1-10V, Push-dim)"
1028491-PR-IP65,Pragmalux,Pragmalux LED Downlight Fora IP65 Ø235 - Ø200 38W 3800-3850lm 3000K-4000K 2-CCT wit +IP65 Driver
1028699,Pragmalux,Pragmalux LED Downlight Fora opvulring buitenmaat Ø190 gat Ø125 wit
1028729,Pragmalux,Pragmalux LED Downlight Fora opvulring buitenmaat Ø190 gat Ø125 zwart
1028712,Pragmalux,Pragmalux LED Downlight Fora opvulring buitenmaat Ø300 gat Ø200 wit
1028743,Pragmalux,Pragmalux LED Downlight Fora opvulring buitenmaat Ø300 gat Ø200 zwart
3501373,Pragmalux,Pragmalux LED Downlight Mado 195 Darklight 18W 3000K 2486lm Ø195 Buitenmaat - Gatmaat Ø180
3501412,Pragmalux,Pragmalux LED Downlight Mado 195 Hoogglans IP44 12W 3000K 1695lm Ø195 Buitenmaat - Gatmaat Ø180 UGR<19
2029217,Pragmalux,Pragmalux LED Downlight Mondial COB IP54 facet reflector wit standaard max. 38W max. 4200lm 3000K CRI>90 UGR<19 60D Ø226 Buitenmaat - Gatmaat Ø200-210 excl. LED Driver
2029200,Pragmalux,Pragmalux LED Downlight Mondial COB IP54 facet reflector wit standaard max. 38W max. 4400lm 4000K CRI>90 UGR<19 60D Ø226 Buitenmaat - Gatmaat Ø200-210 excl. LED Driver
1029221,Pragmalux,Pragmalux LED Downlight Spectre opvulring buitenmaat Ø286 zaagmaat Ø210 wit
1029238,Pragmalux,Pragmalux LED Downlight Spectre opvulring buitenmaat Ø286 zaagmaat Ø210 zwart
1000343-PH-350,Pragmalux,Pragmalux LED Downlight Spectre SR IP54 10-14W 3000K-5700K 3-CCT 1050-1550lm Ø145 Buitenmaat - Gatmaat Ø125-135 +Philips Driver (1x18W)
Z1000343-PH-350,Pragmalux,Pragmalux LED Downlight Spectre SR IP54 10-14W 3000K-5700K 3-CCT 1050-1550lm zwart Ø145 Buitenmaat - Gatmaat Ø125-135 +Philips Driver (1x18W)
1000350-PH-350,Pragmalux,Pragmalux LED Downlight Spectre SR IP54 10-20W 3000K-5700K 3-CCT 1150-2200lm Ø172 Buitenmaat - Gatmaat Ø150-165 +Philips Driver (2x18W)
Z1000350-PH-350,Pragmalux,Pragmalux LED Downlight Spectre SR IP54 10-20W 3000K-5700K 3-CCT 1150-2200lm zwart Ø172 Buitenmaat - Gatmaat Ø150-165 +Philips Driver (2x18W)
1000367-PH-350,Pragmalux,Pragmalux LED Downlight Spectre SR IP54 10-20W 3000K-5700K 3-CCT 1150-2300lm Ø228 Buitenmaat - Gatmaat Ø200-210 +Philips Driver (2x26W)
Z1000367-PH-350,Pragmalux,Pragmalux LED Downlight Spectre SR IP54 10-20W 3000K-5700K 3-CCT 1150-2300lm zwart Ø228 Buitenmaat - Gatmaat Ø200-210 +Philips Driver (2x26W)
1000350-PR-UN,Pragmalux,"Pragmalux LED Downlight Spectre SR IP54 10-25W 3000K-5700K 3-CCT 1150-2750lm Ø172 Buitenmaat - Gatmaat Ø150-165 +Universele LED Driver (DALI2, 1-10V, Push-dim) (2x18W)"
1000367-PR-UN,Pragmalux,"Pragmalux LED Downlight Spectre SR IP54 10-25W 3000K-5700K 3-CCT 1150-2750lm Ø228 Buitenmaat - Gatmaat Ø200-210 +Universele LED Driver (DALI2, 1-10V, Push-dim) (2x26W)"
Z1000350-PR-UN,Pragmalux,"Pragmalux LED Downlight Spectre SR IP54 10-25W 3000K-5700K 3-CCT 1150-2750lm zwart Ø172 Buitenmaat - Gatmaat Ø150-165 +Universele LED Driver (DALI2, 1-10V, Push-dim) (2x18W)"
Z1000367-PR-UN,Pragmalux,"Pragmalux LED Downlight Spectre SR IP54 10-25W 3000K-5700K 3-CCT 1150-2750lm zwart Ø228 Buitenmaat - Gatmaat Ø200-210 +Universele LED Driver (DALI2, 1-10V, Push-dim) (2x26W)"
1000343,Pragmalux,Pragmalux LED Downlight Spectre SR IP54 13W 3000K-5700K 3-CCT 1120-1310lm Ø145 Buitenmaat - Gatmaat Ø125-135 Excl. LED Driver (1x18W)
1000343-PH-DA-350,Pragmalux,Pragmalux LED Downlight Spectre SR IP54 14W 3000K-5700K 3-CCT 1450-1550lm Ø145 Buitenmaat - Gatmaat Ø125-135 +Philips DALI Driver (1x18W)
Z1000343-PH-DA-350,Pragmalux,Pragmalux LED Downlight Spectre SR IP54 14W 3000K-5700K 3-CCT 1450-1550lm zwart Ø145 Buitenmaat - Gatmaat Ø125-135 +Philips DALI Driver (1x18W)
1000350,Pragmalux,Pragmalux LED Downlight Spectre SR IP54 18W 3000K-5700K 3-CCT 1800-1980lm Ø172 Buitenmaat - Gatmaat Ø150-165 Excl. LED Driver (2x18W)
1000350-PH-DA-500,Pragmalux,Pragmalux LED Downlight Spectre SR IP54 18W 3000K-5700K 3-CCT 2100-2200lm Ø172 Buitenmaat - Gatmaat Ø150-165 +Philips DALI Driver (2x18W)
Z1000350-PH-DA-500,Pragmalux,Pragmalux LED Downlight Spectre SR IP54 18W 3000K-5700K 3-CCT 2100-2200lm zwart Ø172 Buitenmaat - Gatmaat Ø150-165 +Philips DALI Driver (2x18W)
1000367-PH-DA-500,Pragmalux,Pragmalux LED Downlight Spectre SR IP54 20W 3000K-5700K 3-CCT 2200-2300lm Ø228 Buitenmaat - Gatmaat Ø200-210 +Philips DALI Driver (2x26W)
Z1000367-PH-DA-500,Pragmalux,Pragmalux LED Downlight Spectre SR IP54 20W 3000K-5700K 3-CCT 2200-2300lm zwart Ø228 Buitenmaat - Gatmaat Ø200-210 +Philips DALI Driver (2x26W)
1000367,Pragmalux,Pragmalux LED Downlight Spectre SR IP54 25W 3000K-5700K 3-CCT 2500-2750lm Ø228 Buitenmaat - Gatmaat Ø200-210 Excl. LED Driver (2x26W)
1001241,Pragmalux,Pragmalux LED Downlight Spectre SR IP54 Frame Zwart Ø145 Buitenmaat - Gatmaat Ø125-135mm
1001258,Pragmalux,Pragmalux LED Downlight Spectre SR IP54 Frame Zwart Ø172 Buitenmaat - Gatmaat Ø150-165mm
1001265,Pragmalux,Pragmalux LED Downlight Spectre SR IP54 Frame Zwart Ø228 Buitenmaat - Gatmaat Ø200-210mm
2033566,Pragmalux,Pragmalux LED Gevelarmatuur Cilindro 60 Up/Down IP65 IK08 Ø60x141mm 2x5W 800-850lm 2700-3000-4000K 3CCT CRI90 36° Zwart RAL9005 DALI2
2033559,Pragmalux,Pragmalux LED Gevelarmatuur Cilindro 60 Up/Down IP65 IK08 Ø60x141mm 2x5W 850-900lm 2700-3000-4000K 3CCT CRI90 36° Zwart RAL9005
2033580,Pragmalux,Pragmalux LED Gevelarmatuur Cilindro 80 Up/Down IP65 IK08 Ø80x181mm 2x10W 1600-1800lm 2700-3000-4000K 3CCT CRI90 36° Zwart RAL9005 DALI2
2033573,Pragmalux,Pragmalux LED Gevelarmatuur Cilindro 80 Up/Down IP65 IK08 Ø80x181mm 2x10W 1700-1900lm 2700-3000-4000K 3CCT CRI90 36° Zwart RAL9005
1004075,Pragmalux,Pragmalux LED Gevelarmatuur Deca Frame Wit
1004082,Pragmalux,Pragmalux LED Gevelarmatuur Deca Frame Zwart
1000824,Pragmalux,"Pragmalux LED Gevelarmatuur Deca IP65 6,5-12W 3000K-4000K 2-CCT 650-1100lm Wit"
1000824-DS,Pragmalux,"Pragmalux LED Gevelarmatuur Deca IP65 6,5-12W 3000K-4000K 2-CCT 650-1100lm Wit + Daglichtsensor"
1000824-N,Pragmalux,"Pragmalux LED Gevelarmatuur Deca IP65 6,5-12W 3000K-4000K 2-CCT 650-1100lm Wit + Noodmodule 3uur"
1000831,Pragmalux,"Pragmalux LED Gevelarmatuur Deca IP65 6,5-12W 3000K-4000K 2-CCT 650-1100lm Zwart"
1000831-S,Pragmalux,"Pragmalux LED Gevelarmatuur Deca IP65 6,5-12W 3000K-4000K 2-CCT 650-1100lm Zwart + Bewegingssensor"
1000831-DS,Pragmalux,"Pragmalux LED Gevelarmatuur Deca IP65 6,5-12W 3000K-4000K 2-CCT 650-1100lm Zwart + Daglichtsensor"
1000831-DSN,Pragmalux,"Pragmalux LED Gevelarmatuur Deca IP65 6,5-12W 3000K-4000K 2-CCT 650-1100lm Zwart + Daglichtsensor & Noodmodule 1uur zelftest"
1000831-N,Pragmalux,"Pragmalux LED Gevelarmatuur Deca IP65 6,5-12W 3000K-4000K 2-CCT 650-1100lm Zwart + Noodmodule 1uur zelftest"
1001180,Pragmalux,Pragmalux LED Gevelarmatuur Deca Noodmodule Bevestigingsbeugel
2037090,Pragmalux,Pragmalux LED Gevelarmatuur Mura/ Rocq-M/L reserveonderdeel accessoire zakje
2021051,Pragmalux,Pragmalux LED Gevelarmatuur Rocq-L Up/Down IP65 C4 16W 1564-1946lm 2200-2700-3000-4000K 4CCT CRI>80 Grafiet grijs RAL7024
2021037,Pragmalux,Pragmalux LED Gevelarmatuur Rocq-M Up/Down IP65 C4 11W 850-1150lm 2200-2700-3000-4000K 4CCT CRI>80 Grafiet grijs RAL7024 fase dimbaar
2021044,Pragmalux,Pragmalux LED Gevelarmatuur Rocq-M Up/Down IP65 C4 11W 850-1150lm 2200-2700-3000-4000K 4CCT CRI>80 Grafiet zwart RAL9011 fase dimbaar
1049281,Pragmalux,Pragmalux LED Gevelarmatuur Squalo component schroefset voor Nood
1000879,Pragmalux,Pragmalux LED Gevelarmatuur Squalo IP65 13-27W 3000K 1750-3450lm Asymmetrisch Antraciet RAL7016
1000879-DS,Pragmalux,Pragmalux LED Gevelarmatuur Squalo IP65 13-27W 3000K 1750-3450lm Asymmetrisch Antraciet RAL7016 + Daglichtsensor
1000879-DSN,Pragmalux,Pragmalux LED Gevelarmatuur Squalo IP65 13-27W 3000K 1750-3450lm Asymmetrisch Antraciet RAL7016 + Daglichtsensor & Noodmodule 3uur manueel
1000886,Pragmalux,Pragmalux LED Gevelarmatuur Squalo IP65 13-27W 4000K 1850-3600lm Asymmetrisch Antraciet RAL7016
1000886-DS,Pragmalux,Pragmalux LED Gevelarmatuur Squalo IP65 13-27W 4000K 1850-3600lm Asymmetrisch Antraciet RAL7016 + Daglichtsensor
1000886-DSN,Pragmalux,Pragmalux LED Gevelarmatuur Squalo IP65 13-27W 4000K 1850-3600lm Asymmetrisch Antraciet RAL7016 + Daglichtsensor & Noodmodule 3uur manueel
1000886-N,Pragmalux,Pragmalux LED Gevelarmatuur Squalo IP65 13-27W 4000K 1850-3600lm Asymmetrisch Antraciet RAL7016 + Noodmodule 3uur manueel
2030091,Pragmalux,Pragmalux LED Half-inbouwspot Ario zaagmaat Ø70 bronze RAL8000 12W 850-900lm 2700-3000-4000K 3CCT CRI95 36° excl. LED Driver
2030213,Pragmalux,Pragmalux LED Half-inbouwspot Ario zaagmaat Ø70 bronze RAL8000 12W 850-900lm 2700-3000-4000K 3CCT CRI95 36° incl.Osram fase dimbare driver
2030114,Pragmalux,Pragmalux LED Half-inbouwspot Ario zaagmaat Ø70 goud RAL1036 12W 850-900lm 2700-3000-4000K 3CCT CRI95 36° excl. LED Driver
2030237,Pragmalux,Pragmalux LED Half-inbouwspot Ario zaagmaat Ø70 goud RAL1036 12W 850-900lm 2700-3000-4000K 3CCT CRI95 36° incl.Osram fase dimbare driver
2030121,Pragmalux,Pragmalux LED Half-inbouwspot Ario zaagmaat Ø70 gunmetal RAL7031 12W 850-900lm 2700-3000-4000K 3CCT CRI95 36° excl. LED Driver
2030084,Pragmalux,Pragmalux LED Half-inbouwspot Ario zaagmaat Ø70 wit RAL9003 12W 850-900lm 2700-3000-4000K 3CCT CRI95 36° excl. LED Driver
2030206,Pragmalux,Pragmalux LED Half-inbouwspot Ario zaagmaat Ø70 wit RAL9003 12W 850-900lm 2700-3000-4000K 3CCT CRI95 36° incl.Osram fase dimbare driver
2030077,Pragmalux,Pragmalux LED Half-inbouwspot Ario zaagmaat Ø70 zwart RAL9004 12W 850-900lm 2700-3000-4000K 3CCT CRI95 36° excl. LED Driver
2030312,Pragmalux,Pragmalux LED Half-inbouwspot Ario zaagmaat Ø70 zwart RAL9004 12W 850-900lm 2700-3000-4000K 3CCT CRI95 36° incl.Osram DALI2 driver
2030039,Pragmalux,Pragmalux LED Half-inbouwspot Ario zaagmaat Ø80 bronze RAL8000 12W 850-900lm 2700-3000-4000K 3CCT CRI95 36° excl. LED Driver
2030053,Pragmalux,Pragmalux LED Half-inbouwspot Ario zaagmaat Ø80 goud RAL1036 12W 850-900lm 2700-3000-4000K 3CCT CRI95 36° excl. LED Driver
2030299,Pragmalux,Pragmalux LED Half-inbouwspot Ario zaagmaat Ø80 goud RAL1036 12W 850-900lm 2700-3000-4000K 3CCT CRI95 36° incl.Osram DALI2 driver
2030060,Pragmalux,Pragmalux LED Half-inbouwspot Ario zaagmaat Ø80 gunmetal RAL7031 12W 850-900lm 2700-3000-4000K 3CCT CRI95 36° excl. LED Driver
2030305,Pragmalux,Pragmalux LED Half-inbouwspot Ario zaagmaat Ø80 gunmetal RAL7031 12W 850-900lm 2700-3000-4000K 3CCT CRI95 36° incl.Osram DALI2 driver
2030022,Pragmalux,Pragmalux LED Half-inbouwspot Ario zaagmaat Ø80 wit RAL9003 12W 850-900lm 2700-3000-4000K 3CCT CRI95 36° excl. LED Driver
2030145,Pragmalux,Pragmalux LED Half-inbouwspot Ario zaagmaat Ø80 wit RAL9003 12W 850-900lm 2700-3000-4000K 3CCT CRI95 36° incl.Osram fase dimbare driver
2030015,Pragmalux,Pragmalux LED Half-inbouwspot Ario zaagmaat Ø80 zwart RAL9004 12W 850-900lm 2700-3000-4000K 3CCT CRI95 36° excl. LED Driver
2030138,Pragmalux,Pragmalux LED Half-inbouwspot Ario zaagmaat Ø80 zwart RAL9004 12W 850-900lm 2700-3000-4000K 3CCT CRI95 36° incl.Osram fase dimbare driver
2033207,Pragmalux,"Pragmalux LED Highbay Clean HACCP G3 accessoire veiligheidskabel 0,8 meter"
2033191,Pragmalux,Pragmalux LED Highbay Clean HACCP G3 accessoire Verstelbare Montagebeugel(90D)
2033177,Pragmalux,Pragmalux LED Highbay Clean HACCP G3 component 110D lens
2033160,Pragmalux,Pragmalux LED Highbay Clean HACCP G3 component 60D lens
2033184,Pragmalux,Pragmalux LED Highbay Clean HACCP G3 component 90D lens
2033139,Pragmalux,Pragmalux LED Highbay Clean HACCP G3 IP66&IP69K C4 100-200W 3000K-5000K 3CCT 18500-38000lm 90D 0-10V Dimbaar Grijs RAL9006 (250-400W)
2033467,Pragmalux,Pragmalux LED Highbay Essence accessoire Verstelbare Montagebeugel(50D)
2033443,Pragmalux,Pragmalux LED Highbay Essence component 110D lens
2033450,Pragmalux,Pragmalux LED Highbay Essence component 90D lens
2033429,Pragmalux,Pragmalux LED Highbay Essence IP65 100-200W 3000K-5000K 3CCT 15500-32000lm 90D Zwart RAL9004 (250-400W)
1000404,Pragmalux,Pragmalux LED Highbay Storm G3/G2 Aluminium Kap
1000411,Pragmalux,Pragmalux LED Highbay Storm G3/G2 PC Kap
1047508,Pragmalux,Pragmalux LED Inbouw/Opbouw Downlight Luna G2 IP44 8W/12W 3000K-6000K 3-CCT 900-1400ml Ø165 Buitenmaat - Gatmaat Ø50-125 incl. LED Driver
1047560,Pragmalux,Pragmalux LED Inbouw/Opbouw Downlight Luna G2 IP44 brush nickel frame Ø165 Buitenmaat
1047577,Pragmalux,Pragmalux LED Inbouw/Opbouw Downlight Luna G2 IP44 brush nickel frame Ø217 Buitenmaat
1047584,Pragmalux,Pragmalux LED Inbouw/Opbouw Downlight Luna G2 IP44 brush nickel frame Ø290 Buitenmaat
1047546,Pragmalux,Pragmalux LED Inbouw/Opbouw Downlight Luna G2 IP44 zwart frame Ø290 Buitenmaat
1037066-PR-UN,Pragmalux,"Pragmalux LED Inlegarmatuur Modul 15x150cm 18,5-30W 2500-4200lm 3000K-4000K 2CCT UGR<16 wit RAL9003 +Universele driver (DALI2, 1-10V, push-dim)"
1037110-PR-UN,Pragmalux,"Pragmalux LED Inlegarmatuur Modul 15x150cm 18,5-30W 2500-4200lm 3000K-4000K 2CCT UGR<16 zwart RAL9005 +Universele driver (DALI2, 1-10V, push-dim)"
1037066-PR,Pragmalux,Pragmalux LED Inlegarmatuur Modul 15x150cm 26-30W 3500-4200lm 3000K-4000K 2CCT UGR<16 wit RAL9003 +driver
1037066-PR-GST3,Pragmalux,Pragmalux LED Inlegarmatuur Modul 15x150cm 26-30W 3500-4200lm 3000K-4000K 2CCT UGR<16 wit RAL9003 +driver incl. GST18i3
1037110-PR,Pragmalux,Pragmalux LED Inlegarmatuur Modul 15x150cm 26-30W 3500-4200lm 3000K-4000K 2CCT UGR<16 zwart RAL9005 +driver
1037110-PR-GST3,Pragmalux,Pragmalux LED Inlegarmatuur Modul 15x150cm 26-30W 3500-4200lm 3000K-4000K 2CCT UGR<16 zwart RAL9005 +driver incl. GST18i3
1037066,Pragmalux,Pragmalux LED Inlegarmatuur Modul 15x150cm 30W 3000-4000K 2-CCT UGR<16 wit RAL9003 excl. led driver
1037110,Pragmalux,Pragmalux LED Inlegarmatuur Modul 15x150cm 30W 3000-4000K 2-CCT UGR<16 zwart RAL9005 excl. led driver
1037059-PR-UN,Pragmalux,"Pragmalux LED Inlegarmatuur Modul 30x120cm 18,5-30W 2500-4200lm 3000K-4000K 2CCT UGR<16 wit RAL9003 +Universele driver (DALI2, 1-10V, push-dim)"
1037103-PR-UN,Pragmalux,"Pragmalux LED Inlegarmatuur Modul 30x120cm 18,5-30W 2500-4200lm 3000K-4000K 2CCT UGR<16 zwart RAL9005 +Universele driver (DALI2, 1-10V, push-dim)"
1037059-PR,Pragmalux,Pragmalux LED Inlegarmatuur Modul 30x120cm 26-30W 3500-4200lm 3000K-4000K 2CCT UGR<16 wit RAL9003 +driver
1037059-PR-GST3,Pragmalux,Pragmalux LED Inlegarmatuur Modul 30x120cm 26-30W 3500-4200lm 3000K-4000K 2CCT UGR<16 wit RAL9003 +driver incl. GST18i3
1037103-PR,Pragmalux,Pragmalux LED Inlegarmatuur Modul 30x120cm 26-30W 3500-4200lm 3000K-4000K 2CCT UGR<16 zwart RAL9005 +driver
1037103-PR-GST3,Pragmalux,Pragmalux LED Inlegarmatuur Modul 30x120cm 26-30W 3500-4200lm 3000K-4000K 2CCT UGR<16 zwart RAL9005 +driver incl. GST18i3
1037059,Pragmalux,Pragmalux LED Inlegarmatuur Modul 30x120cm 30W 3000-4000K 2-CCT UGR<16 wit RAL9003 excl. led driver
1037103,Pragmalux,Pragmalux LED Inlegarmatuur Modul 30x120cm 30W 3000-4000K 2-CCT UGR<16 zwart RAL9005 excl. led driver
1037073-PR-UN,Pragmalux,"Pragmalux LED Inlegarmatuur Modul 30x150cm 18,5-30W 2500-4200lm 3000K-4000K 2CCT UGR<16 wit RAL9003 +Universele driver (DALI2, 1-10V, push-dim)"
1037127-PR-UN,Pragmalux,"Pragmalux LED Inlegarmatuur Modul 30x150cm 18,5-30W 2500-4200lm 3000K-4000K 2CCT UGR<16 zwart RAL9005 +Universele driver (DALI2, 1-10V, push-dim)"
1037073-PR,Pragmalux,Pragmalux LED Inlegarmatuur Modul 30x150cm 26-30W 3500-4200lm 3000K-4000K 2CCT UGR<16 wit RAL9003 +driver
1037073-PR-GST3,Pragmalux,Pragmalux LED Inlegarmatuur Modul 30x150cm 26-30W 3500-4200lm 3000K-4000K 2CCT UGR<16 wit RAL9003 +driver incl. GST18i3
1037127-PR,Pragmalux,Pragmalux LED Inlegarmatuur Modul 30x150cm 26-30W 3500-4200lm 3000K-4000K 2CCT UGR<16 zwart RAL9005 +driver
1037127-PR-GST3,Pragmalux,Pragmalux LED Inlegarmatuur Modul 30x150cm 26-30W 3500-4200lm 3000K-4000K 2CCT UGR<16 zwart RAL9005 +driver incl. GST18i3
1037073,Pragmalux,Pragmalux LED Inlegarmatuur Modul 30x150cm 30W 3000-4000K 2-CCT UGR<16 wit RAL9003 excl. led driver
1037127,Pragmalux,Pragmalux LED Inlegarmatuur Modul 30x150cm 30W 3000-4000K 2-CCT UGR<16 zwart RAL9005 excl. led driver
1037080,Pragmalux,Pragmalux LED Inlegarmatuur Modul 30x150cm 45W 3000-4000K 2-CCT UGR<16 wit RAL9003 excl. led driver
1037134,Pragmalux,Pragmalux LED Inlegarmatuur Modul 30x150cm 45W 3000-4000K 2-CCT UGR<16 zwart RAL9005 excl. led driver
1037080-PH-DA,Pragmalux,Pragmalux LED Inlegarmatuur Modul 30x150cm 45W 6000-6300lm 3000K-4000K 2CCT UGR<16 wit RAL9003 +Philips DALI2 driver
1037134-PH-DA,Pragmalux,Pragmalux LED Inlegarmatuur Modul 30x150cm 45W 6000-6300lm 3000K-4000K 2CCT UGR<16 zwart RAL9005 +Philips DALI2 driver
1037042-PR-UN,Pragmalux,"Pragmalux LED Inlegarmatuur Modul 60x60cm 18,5-30W 2500-4200lm 3000K-4000K 2CCT UGR<16 wit RAL9003 +Universele driver (DALI2, 1-10V, push-dim)"
1037097-PR-UN,Pragmalux,"Pragmalux LED Inlegarmatuur Modul 60x60cm 18,5-30W 2500-4200lm 3000K-4000K 2CCT UGR<16 zwart RAL9005 +Universele driver (DALI2, 1-10V, push-dim)"
1037042-PR,Pragmalux,Pragmalux LED Inlegarmatuur Modul 60x60cm 26-30W 3500-4200lm 3000K-4000K 2CCT UGR<16 wit RAL9003 +driver
1037042-PR-GST3,Pragmalux,Pragmalux LED Inlegarmatuur Modul 60x60cm 26-30W 3500-4200lm 3000K-4000K 2CCT UGR<16 wit RAL9003 +driver incl. GST18i3
1037097-PR,Pragmalux,Pragmalux LED Inlegarmatuur Modul 60x60cm 26-30W 3500-4200lm 3000K-4000K 2CCT UGR<16 zwart RAL9005 +driver
1037097-PR-GST3,Pragmalux,Pragmalux LED Inlegarmatuur Modul 60x60cm 26-30W 3500-4200lm 3000K-4000K 2CCT UGR<16 zwart RAL9005 +driver incl. GST18i3
1037042,Pragmalux,Pragmalux LED Inlegarmatuur Modul 60x60cm 30W 3000-4000K 2-CCT UGR<16 wit RAL9003 excl. led driver
1037097,Pragmalux,Pragmalux LED Inlegarmatuur Modul 60x60cm 30W 3000-4000K 2-CCT UGR<16 zwart RAL9005 excl. led driver
1029948,Pragmalux,Pragmalux LED Lowbay Copa G2 30-100W 3500-13500lm 3000-4000K 2-CCT 1-10V dimbaar Wit RAL9016
1029955,Pragmalux,Pragmalux LED Lowbay Copa G2 30-100W 3500-13500lm 3000-4000K 2-CCT 1-10V dimbaar Zwart RAL9017
1029979,Pragmalux,"Pragmalux LED Lowbay Copa G2 deksel t.b.v. PC Kap Ø42x16,6cm"
1029962,Pragmalux,"Pragmalux LED Lowbay Copa G2 PC Kap Ø42x16,5cm"
1004136,Pragmalux,Pragmalux LED Montagebalk Linea 120cm 20-35W 3000-5000K 3CCT 2800-4900lm
1004150,Pragmalux,Pragmalux LED Montagebalk Linea 150cm 29-50W 3000-5000K 3CCT 4060-7000lm
1004105,Pragmalux,Pragmalux LED Montagebalk Linea 60cm 11-20W 3000-5000K 3CCT 1540-2800lm
1004112,Pragmalux,Pragmalux LED Montagebalk Linea 90cm 15-25W 3000-5000K 3CCT 2100-3500lm
1004174,Pragmalux,Pragmalux LED Montagebalk Linea ophangset 2 meter
1004181,Pragmalux,Pragmalux LED Montagebalk Linea plafond montage beugels
2011380,Pragmalux,Pragmalux LED Opbouw-/pendelarmatuur Moon component noodmodule 1uur zelftest
2033795,Pragmalux,Pragmalux LED Opbouwarmatuur Opus accessoire ophangset
2033801,Pragmalux,Pragmalux LED Opbouwarmatuur Opus accessoire T-profielclipset ( 2 stuks)
2036123,Pragmalux,Pragmalux LED Opbouwarmatuur Opus accessoire T-profielclipset ( 2 stuks) incl. ophangset
2033757,Pragmalux,Pragmalux LED Opbouwarmatuur Opus component Noodmodule set 3uur zelftest(toolles plug&play)
2033764,Pragmalux,Pragmalux LED Opbouwarmatuur Opus component uplight 1300mm
2033771,Pragmalux,Pragmalux LED Opbouwarmatuur Opus component uplight 1495mm
2033597,Pragmalux,Pragmalux LED Opbouwarmatuur Opus prisma 160x1300mm 18-32W 2400-4250lm 3000K-4000K 2CCT UGR<19 wit RAL9003
2033672,Pragmalux,Pragmalux LED Opbouwarmatuur Opus prisma 160x1495mm 30-50W 4000-6850lm 3000K-4000K 2CCT UGR<19 wit RAL9003
2033788,Pragmalux,Pragmalux LED Opbouwarmatuur Opus reserveonderdeel opbouwset
1044545-PR,Pragmalux,Pragmalux LED Paneel 30x120cm Easy G2 26-36W 3000K-6000K 3-CCT 2850-4200lm +Driver (2x28W)
1044545-PR-GST3,Pragmalux,Pragmalux LED Paneel 30x120cm Easy G2 26-36W 3000K-6000K 3-CCT 2850-4200lm +Driver incl. GST18i3 (2x28W)
1044545-UN,Pragmalux,"Pragmalux LED Paneel 30x120cm Easy G2 26-36W 3000K-6000K 3-CCT 2850-4200lm +Universele Driver (DALI2, 1-10V, Push-dim) (2x28W)"
1044545-PH,Pragmalux,Pragmalux LED Paneel 30x120cm Easy G2 27-36W 3000K-6000K 3-CCT 3000-4200lm +Philips Driver (2x28W)
1044545-PH-GST3,Pragmalux,Pragmalux LED Paneel 30x120cm Easy G2 27-36W 3000K-6000K 3-CCT 3000-4200lm +Philips Driver incl. GST18i3 (2x28W)
1044545-PH-DA,Pragmalux,Pragmalux LED Paneel 30x120cm Easy G2 36W 3000K-6000K 3-CCT 4000-4200lm +Philips DALI2 Push-dim driver (2x28W)
1044545,Pragmalux,Pragmalux LED Paneel 30x120cm Easy G2 max. 36W 3000K-6000K 3-CCT (2x28W) Excl. LED Driver
1044514-PR,Pragmalux,Pragmalux LED Paneel 30x120cm Essence G3 25-34W 3000K-6000K 3-CCT 3050-4350lm UGR<19 +Driver (2x28W)
1044514-PR-GST3,Pragmalux,Pragmalux LED Paneel 30x120cm Essence G3 25-34W 3000K-6000K 3-CCT 3050-4350lm UGR<19 +Driver incl. GST18i3 (2x28W)
1044514-UN,Pragmalux,"Pragmalux LED Paneel 30x120cm Essence G3 25-34W 3000K-6000K 3-CCT 3050-4350lm UGR<19 +Universele Driver (DALI2, 1-10V, Push-dim) (2x28W)"
1044514-PH,Pragmalux,Pragmalux LED Paneel 30x120cm Essence G3 27-34W 3000K-6000K 3-CCT 3300-4350lm UGR<19 +Philips Driver (2x28W)
1044514-PH-GST3,Pragmalux,Pragmalux LED Paneel 30x120cm Essence G3 27-34W 3000K-6000K 3-CCT 3300-4350lm UGR<19 +Philips Driver incl. GST18i3 (2x28W)
1044514-PH-DA,Pragmalux,Pragmalux LED Paneel 30x120cm Essence G3 34W 3000K-6000K 3-CCT 4250-4350lm UGR<19 +Philips DALI2 Push-dim driver (2x28W)
1044514,Pragmalux,Pragmalux LED Paneel 30x120cm Essence G3 max. 34W 3000K-6000K 3-CCT UGR<19 (2x28W) Excl. LED Driver
1042541,Pragmalux,Pragmalux LED Paneel 30x120cm Sigma G2  Zwart IP44 38W 3000K-4000K 2-CCT UGR<19 (2x28W) Excl. LED Driver
1000947-PH-700,Pragmalux,Pragmalux LED Paneel 30x120cm Sigma G2 IP44 18-26W 3000K-4000K 2-CCT 2400-3650lm UGR<19 +Philips Driver (2x28W)
1000947-PH-700-GST3,Pragmalux,Pragmalux LED Paneel 30x120cm Sigma G2 IP44 18-26W 3000K-4000K 2-CCT 2400-3650lm UGR<19 +Philips Driver incl. GST18i3 (2x28W)
1000947-PR,Pragmalux,Pragmalux LED Paneel 30x120cm Sigma G2 IP44 26-38W 3000K-4000K 2-CCT 3500-5100lm UGR<19 +Driver (2x28W)
1000947-PR-GST3,Pragmalux,Pragmalux LED Paneel 30x120cm Sigma G2 IP44 26-38W 3000K-4000K 2-CCT 3500-5100lm UGR<19 +Driver incl. GST18i3 (2x28W)
1000947-PR-UN,Pragmalux,"Pragmalux LED Paneel 30x120cm Sigma G2 IP44 26-38W 3000K-4000K 2-CCT 3500-5100lm UGR<19 +Universele Driver (DALI2, 1-10V, Push-dim) (2x28W)"
1000947,Pragmalux,Pragmalux LED Paneel 30x120cm Sigma G2 IP44 38W 3000K-4000K 2-CCT UGR<19 (2x28W) Excl. LED Driver
1043241-PH-700,Pragmalux,Pragmalux LED Paneel 30x120cm Sigma G2 IP65 CRI>90 13-26W 3000K-4000K 2-CCT 1700-3600lm UGR<19 +Philips Driver (2x28W/2x36W)
1043241-PH-700-GST3,Pragmalux,Pragmalux LED Paneel 30x120cm Sigma G2 IP65 CRI>90 13-26W 3000K-4000K 2-CCT 1700-3600lm UGR<19 +Philips Driver incl. GST18i3 (2x28W/2x36W)
1043258-PH-700,Pragmalux,Pragmalux LED Paneel 30x120cm Sigma G2 IP65 CRI>90 13-26W 5000K-6500K 2-CCT 1800-3800lm UGR<19 +Philips Driver (2x28W/2x36W)
1043258-PH-700-GST3,Pragmalux,Pragmalux LED Paneel 30x120cm Sigma G2 IP65 CRI>90 13-26W 5000K-6500K 2-CCT 1800-3800lm UGR<19 +Philips Driver incl. GST18i3 (2x28W/2x36W)
1043241-PR,Pragmalux,Pragmalux LED Paneel 30x120cm Sigma G2 IP65 CRI>90 26-37W 3000K-4000K 2-CCT 3550-5000lm UGR<19 +Driver (2x28W/2x36W)
1043241-PR-GST3,Pragmalux,Pragmalux LED Paneel 30x120cm Sigma G2 IP65 CRI>90 26-37W 3000K-4000K 2-CCT 3550-5000lm UGR<19 +Driver incl. GST18i3 (2x28W/2x36W)
1043241-PR-UN,Pragmalux,"Pragmalux LED Paneel 30x120cm Sigma G2 IP65 CRI>90 26-37W 3000K-4000K 2-CCT 3550-5000lm UGR<19 +Universele Driver (DALI2, 1-10V, Push-dim) (2x28W/2x36W)"
1043258-PR,Pragmalux,Pragmalux LED Paneel 30x120cm Sigma G2 IP65 CRI>90 26-37W 5000K-6500K 2-CCT 3700-5300lm UGR<19 +Driver (2x28W/2x36W)
1043258-PR-GST3,Pragmalux,Pragmalux LED Paneel 30x120cm Sigma G2 IP65 CRI>90 26-37W 5000K-6500K 2-CCT 3700-5300lm UGR<19 +Driver incl. GST18i3 (2x28W/2x36W)
1043258-PR-UN,Pragmalux,"Pragmalux LED Paneel 30x120cm Sigma G2 IP65 CRI>90 26-37W 5000K-6500K 2-CCT 3700-5300lm UGR<19 +Universele Driver (DALI2, 1-10V, Push-dim) (2x28W/2x36W)"
1043241-PR65,Pragmalux,Pragmalux LED Paneel 30x120cm Sigma G2 IP65 CRI>90 37W 3000K-4000K 2-CCT 5000-5050lm UGR<19 +IP65 Driver (2x28W/2x36W)
1043258-PR65,Pragmalux,Pragmalux LED Paneel 30x120cm Sigma G2 IP65 CRI>90 37W 5000K-6500K 2-CCT 5100-5150lm UGR<19 +IP65 Driver (2x28W/2x36W)
1043241,Pragmalux,Pragmalux LED Paneel 30x120cm Sigma G2 IP65 CRI>90 38W 3000K-4000K 2-CCT UGR<19 (2x28W/2x36W) Excl. LED Driver
1043258,Pragmalux,Pragmalux LED Paneel 30x120cm Sigma G2 IP65 CRI>90 38W 5000K-6500K 2-CCT UGR<19 (2x28W/2x36W) Excl. LED Driver
1042541-PH-700,Pragmalux,Pragmalux LED Paneel 30x120cm Sigma G2 Zwart IP44 18-26W 3000K-4000K 2-CCT 2400-3650lm UGR<19 +Philips Driver (2x28W)
1042541-PH-700-GST3,Pragmalux,Pragmalux LED Paneel 30x120cm Sigma G2 Zwart IP44 18-26W 3000K-4000K 2-CCT 2400-3650lm UGR<19 +Philips Driver incl. GST18i3 (2x28W)
1042541-PR,Pragmalux,Pragmalux LED Paneel 30x120cm Sigma G2 Zwart IP44 26-38W 3000K-4000K 2-CCT 3500-5100lm UGR<19 +Driver (2x28W)
1042541-PR-GST3,Pragmalux,Pragmalux LED Paneel 30x120cm Sigma G2 Zwart IP44 26-38W 3000K-4000K 2-CCT 3500-5100lm UGR<19 +Driver incl. GST18i3 (2x28W)
1042541-PR-UN,Pragmalux,"Pragmalux LED Paneel 30x120cm Sigma G2 Zwart IP44 26-38W 3000K-4000K 2-CCT 3500-5100lm UGR<19 +Universele Driver (DALI2, 1-10V, Push-dim) (2x28W)"
2036895-PR,Pragmalux,Pragmalux LED Paneel 30x120cm Sigma G3 IP54 CRI>90 19-34W 2950-5375lm 3000-3500-4000K 3-CCT UGR<19 (2x28W) +Driver
2036895-PR-ST3,Pragmalux,Pragmalux LED Paneel 30x120cm Sigma G3 IP54 CRI>90 19-34W 2950-5375lm 3000-3500-4000K 3-CCT UGR<19 (2x28W) +Driver incl. 3P Aansluitsnoer
2036895-PH,Pragmalux,Pragmalux LED Paneel 30x120cm Sigma G3 IP54 CRI>90 25-32W 4100-5325lm 3000-3500-4000K 3-CCT UGR<19 (2x28W) +Philips driver
2036895-TC-DA,Pragmalux,Pragmalux LED Paneel 30x120cm Sigma G3 IP54 CRI>90 28W 4350-4500lm 3000-3500-4000K 3-CCT UGR<19 (2x28W) +TCI DALI driver
2036895-TC-DA-ST5,Pragmalux,Pragmalux LED Paneel 30x120cm Sigma G3 IP54 CRI>90 28W 4350-4500lm 3000-3500-4000K 3-CCT UGR<19 (2x28W) +TCI DALI driver incl. 5P Aansluitsnoer
2036895,Pragmalux,Pragmalux LED Paneel 30x120cm Sigma G3 IP54 CRI>90 34W 3000-3500-4000K 3-CCT UGR<19 (2x28W) Excl. LED Driver
2036918-PR,Pragmalux,Pragmalux LED Paneel 30x120cm Sigma G3 Zwart IP54 CRI>90 19-34W 2950-5375lm 3000-3500-4000K 3-CCT UGR<19 (2x28W) +Driver
2036918-PR-ST3,Pragmalux,Pragmalux LED Paneel 30x120cm Sigma G3 Zwart IP54 CRI>90 19-34W 2950-5375lm 3000-3500-4000K 3-CCT UGR<19 (2x28W) +Driver incl. 3P Aansluitsnoer
2036918-PH,Pragmalux,Pragmalux LED Paneel 30x120cm Sigma G3 Zwart IP54 CRI>90 25-32W 4100-5325lm 3000-3500-4000K 3-CCT UGR<19 (2x28W) +Philips driver
2036918-TC-DA,Pragmalux,Pragmalux LED Paneel 30x120cm Sigma G3 Zwart IP54 CRI>90 28W 4350-4500lm 3000-3500-4000K 3-CCT UGR<19 (2x28W) +TCI DALI driver
2036918-TC-DA-ST5,Pragmalux,Pragmalux LED Paneel 30x120cm Sigma G3 Zwart IP54 CRI>90 28W 4350-4500lm 3000-3500-4000K 3-CCT UGR<19 (2x28W) +TCI DALI driver incl. 5P Aansluitsnoer
2036918,Pragmalux,Pragmalux LED Paneel 30x120cm Sigma G3 Zwart IP54 CRI>90 34W 3000-3500-4000K 3-CCT UGR<19 (2x28W) Excl. LED Driver
1000923-PH-350,Pragmalux,Pragmalux LED Paneel 30x60cm Sigma G2 IP44 11-20W 3000K-4000K 2-CCT 1250-2500lm UGR<19 +Philips Driver (2x14W)
1000923-PR-UN,Pragmalux,"Pragmalux LED Paneel 30x60cm Sigma G2 IP44 11-20W 3000K-4000K 2-CCT 1250-2500lm UGR<19 +Universele Driver (DALI2, 1-10V, Push-dim) (2x14W)"
1000923,Pragmalux,Pragmalux LED Paneel 30x60cm Sigma G2 IP44 20W 3000K-4000K 2-CCT UGR<19 (2x14W) Excl. LED Driver
1000923-PR,Pragmalux,Pragmalux LED Paneel 30x60cm Sigma G2 IP44 9-20W 3000K-4000K 2-CCT 1050-2500lm UGR<19 +Driver (2x14W)
1043203-PR-UN,Pragmalux,"Pragmalux LED Paneel 30x60cm Sigma G2 IP65 CRI>90 10-20W 3000K-4000K 2-CCT 1200-2500lm UGR<19 +Universele Driver (DALI2, 1-10V, Push-dim) (2x14W/2X18W)"
1043210-PR-UN,Pragmalux,"Pragmalux LED Paneel 30x60cm Sigma G2 IP65 CRI>90 10-20W 5000K-6500K 2-CCT 1250-2600lm UGR<19 +Universele Driver (DALI2, 1-10V, Push-dim) (2x14W/2X18W)"
1043203-PR65,Pragmalux,Pragmalux LED Paneel 30x60cm Sigma G2 IP65 CRI>90 20W 3000K-4000K 2-CCT 2400-2500lm UGR<19 +IP65 Driver (2x14W/2X18W)
1043203,Pragmalux,Pragmalux LED Paneel 30x60cm Sigma G2 IP65 CRI>90 20W 3000K-4000K 2-CCT UGR<19 (2x14W/2X18W) Excl. LED Driver
1043210-PR65,Pragmalux,Pragmalux LED Paneel 30x60cm Sigma G2 IP65 CRI>90 20W 5000K-6500K 2-CCT 2550-2600lm UGR<19 +IP65 Driver (2x14W/2X18W)
1043210,Pragmalux,Pragmalux LED Paneel 30x60cm Sigma G2 IP65 CRI>90 20W 5000K-6500K 2-CCT UGR<19 (2x14W/2X18W) Excl. LED Driver
1043203-PH-350,Pragmalux,Pragmalux LED Paneel 30x60cm Sigma G2 IP65 CRI>90 6-20W 3000K-4000K 2-CCT 700-2500lm UGR<19 +Philips Driver (2x14W/2X18W)
1043210-PH-350,Pragmalux,Pragmalux LED Paneel 30x60cm Sigma G2 IP65 CRI>90 6-20W 5000K-6500K 2-CCT 800-2600lm UGR<19 +Philips Driver (2x14W/2X18W)
1043203-PR,Pragmalux,Pragmalux LED Paneel 30x60cm Sigma G2 IP65 CRI>90 9-20W 3000K-4000K 2-CCT 1000-2500lm UGR<19 +Driver (2x14W/2X18W)
1043203-PR-GST3,Pragmalux,Pragmalux LED Paneel 30x60cm Sigma G2 IP65 CRI>90 9-20W 3000K-4000K 2-CCT 1000-2500lm UGR<19 +Driver incl. GST18i3 (2x14W/2X18W)
1043210-PR,Pragmalux,Pragmalux LED Paneel 30x60cm Sigma G2 IP65 CRI>90 9-20W 5000K-6500K 2-CCT 1100-2600lm UGR<19 +Driver (2x14W/2X18W)
1043210-PR-GST3,Pragmalux,Pragmalux LED Paneel 30x60cm Sigma G2 IP65 CRI>90 9-20W 5000K-6500K 2-CCT 1100-2600lm UGR<19 +Driver incl. GST18i3 (2x14W/2X18W)
1042527-PH-350,Pragmalux,Pragmalux LED Paneel 30x60cm Sigma G2 Zwart IP44 11-20W 3000K-4000K 2-CCT 1250-2500lm UGR<19 +Philips Driver (2x14W)
1042527-PR-UN,Pragmalux,"Pragmalux LED Paneel 30x60cm Sigma G2 Zwart IP44 11-20W 3000K-4000K 2-CCT 1250-2500lm UGR<19 +Universele Driver (DALI2, 1-10V, Push-dim) (2x14W)"
1042527,Pragmalux,Pragmalux LED Paneel 30x60cm Sigma G2 Zwart IP44 20W 3000K-4000K 2-CCT UGR<19 (2x14W) Excl. LED Driver
1042527-PR,Pragmalux,Pragmalux LED Paneel 30x60cm Sigma G2 Zwart IP44 9-20W 3000K-4000K 2-CCT 1050-2500lm UGR<19 +Driver (2x14W)
1042527-PR-GST3,Pragmalux,Pragmalux LED Paneel 30x60cm Sigma G2 Zwart IP44 9-20W 3000K-4000K 2-CCT 1050-2500lm UGR<19 +Driver incl. GST18i3 (2x14W)
1048352,Pragmalux,Pragmalux LED Paneel 4 puntige Ophangset max. 20kg
1044538-PR,Pragmalux,Pragmalux LED Paneel 60x60cm Easy G2 26-36W 3000K-6000K 3-CCT 2850-4200lm +Driver (4x14W)
1044538-PR-GST3,Pragmalux,Pragmalux LED Paneel 60x60cm Easy G2 26-36W 3000K-6000K 3-CCT 2850-4200lm +Driver incl. GST18i3 (4x14W)
1044538-UN,Pragmalux,"Pragmalux LED Paneel 60x60cm Easy G2 26-36W 3000K-6000K 3-CCT 2850-4200lm +Universele Driver (DALI2, 1-10V, Push-dim) (4x14W)"
1044538-PH,Pragmalux,Pragmalux LED Paneel 60x60cm Easy G2 27-36W 3000K-6000K 3-CCT 3000-4200lm +Philips Driver (4x14W)
1044538-PH-GST3,Pragmalux,Pragmalux LED Paneel 60x60cm Easy G2 27-36W 3000K-6000K 3-CCT 3000-4200lm +Philips Driver incl. GST18i3 (4x14W)
1044538-PH-DA,Pragmalux,Pragmalux LED Paneel 60x60cm Easy G2 36W 3000K-6000K 3-CCT 4000-4200lm +Philips DALI2 Push-dim driver (4x14W)
1044538,Pragmalux,Pragmalux LED Paneel 60x60cm Easy G2 max. 36W 3000K-6000K 3-CCT (4x14W) Excl. LED Driver
1044507-PR,Pragmalux,Pragmalux LED Paneel 60x60cm Essence G3 25-34W 3000K-6000K 3-CCT 3050-4350lm UGR<19 +Driver (4x14W)
1044507-PR-GST3,Pragmalux,Pragmalux LED Paneel 60x60cm Essence G3 25-34W 3000K-6000K 3-CCT 3050-4350lm UGR<19 +Driver incl. GST18i3 (4x14W)
1044507-UN,Pragmalux,"Pragmalux LED Paneel 60x60cm Essence G3 25-34W 3000K-6000K 3-CCT 3050-4350lm UGR<19 +Universele Driver (DALI2, 1-10V, Push-dim) (4x14W)"
1044507-PH,Pragmalux,Pragmalux LED Paneel 60x60cm Essence G3 27-34W 3000K-6000K 3-CCT 3300-4350lm UGR<19 +Philips Driver (4x14W)
1044507-PH-GST3,Pragmalux,Pragmalux LED Paneel 60x60cm Essence G3 27-34W 3000K-6000K 3-CCT 3300-4350lm UGR<19 +Philips Driver incl. GST18i3 (4x14W)
1044507-PH-DA,Pragmalux,Pragmalux LED Paneel 60x60cm Essence G3 34W 3000K-6000K 3-CCT 4250-4350lm UGR<19 +Philips DALI2 Push-dim driver (4x14W)
1044507,Pragmalux,Pragmalux LED Paneel 60x60cm Essence G3 max. 34W 3000K-6000K 3-CCT UGR<19 (4x14W) Excl. LED Driver
1042534,Pragmalux,Pragmalux LED Paneel 60x60cm Sigma G2  Zwart IP44 38W 3000K-4000K 2-CCT UGR<19 (4x14W) Excl. LED Driver
1000930-PH-700,Pragmalux,Pragmalux LED Paneel 60x60cm Sigma G2 IP44 18-26W 3000K-4000K 2-CCT 2400-3650lm UGR<19 +Philips Driver (4x14W)
1000930-PR,Pragmalux,Pragmalux LED Paneel 60x60cm Sigma G2 IP44 26-38W 3000K-4000K 2-CCT 3500-5100lm UGR<19 +Driver (4x14W)
1000930-PR-UN,Pragmalux,"Pragmalux LED Paneel 60x60cm Sigma G2 IP44 26-38W 3000K-4000K 2-CCT 3500-5100lm UGR<19 +Universele Driver (DALI2, 1-10V, Push-dim) (4x14W)"
1000930,Pragmalux,Pragmalux LED Paneel 60x60cm Sigma G2 IP44 38W 3000K-4000K 2-CCT UGR<19 (4x14W) Excl. LED Driver
1043227-PH-700,Pragmalux,Pragmalux LED Paneel 60x60cm Sigma G2 IP65 CRI>90 13-26W 3000K-4000K 2-CCT 1700-3600lm UGR<19 +Philips Driver (4x14W/4X18W)
1043227-PH-700-GST3,Pragmalux,Pragmalux LED Paneel 60x60cm Sigma G2 IP65 CRI>90 13-26W 3000K-4000K 2-CCT 1700-3600lm UGR<19 +Philips Driver incl. GST18i3 (4x14W/4X18W)
1043234-PH-700,Pragmalux,Pragmalux LED Paneel 60x60cm Sigma G2 IP65 CRI>90 13-26W 5000K-6500K 2-CCT 1800-3800lm UGR<19 +Philips Driver (4x14W/4X18W)
1043234-PH-700-GST3,Pragmalux,Pragmalux LED Paneel 60x60cm Sigma G2 IP65 CRI>90 13-26W 5000K-6500K 2-CCT 1800-3800lm UGR<19 +Philips Driver incl. GST18i3 (4x14W/4X18W)
1043227-PR,Pragmalux,Pragmalux LED Paneel 60x60cm Sigma G2 IP65 CRI>90 26-37W 3000K-4000K 2-CCT 3550-5000lm UGR<19 +Driver (4x14W/4X18W)
1043227-PR-GST3,Pragmalux,Pragmalux LED Paneel 60x60cm Sigma G2 IP65 CRI>90 26-37W 3000K-4000K 2-CCT 3550-5000lm UGR<19 +Driver incl. GST18i3 (4x14W/4X18W)
1043227-PR-UN,Pragmalux,"Pragmalux LED Paneel 60x60cm Sigma G2 IP65 CRI>90 26-37W 3000K-4000K 2-CCT 3550-5000lm UGR<19 +Universele Driver (DALI2, 1-10V, Push-dim) (4x14W/4X18W)"
1043234-PR,Pragmalux,Pragmalux LED Paneel 60x60cm Sigma G2 IP65 CRI>90 26-37W 5000K-6500K 2-CCT 3700-5300lm UGR<19 +Driver (4x14W/4X18W)
1043234-PR-GST3,Pragmalux,Pragmalux LED Paneel 60x60cm Sigma G2 IP65 CRI>90 26-37W 5000K-6500K 2-CCT 3700-5300lm UGR<19 +Driver incl. GST18i3 (4x14W/4X18W)
1043234-PR-UN,Pragmalux,"Pragmalux LED Paneel 60x60cm Sigma G2 IP65 CRI>90 26-37W 5000K-6500K 2-CCT 3700-5300lm UGR<19 +Universele Driver (DALI2, 1-10V, Push-dim) (4x14W/4X18W)"
1043227-PR65,Pragmalux,Pragmalux LED Paneel 60x60cm Sigma G2 IP65 CRI>90 37W 3000K-4000K 2-CCT 5000-5050lm UGR<19 +IP65 Driver (4x14W/4X18W)
1043234-PR65,Pragmalux,Pragmalux LED Paneel 60x60cm Sigma G2 IP65 CRI>90 37W 5000K-6500K 2-CCT 5100-5150lm UGR<19 +IP65 Driver (4x14W/4X18W)
1043227,Pragmalux,Pragmalux LED Paneel 60x60cm Sigma G2 IP65 CRI>90 38W 3000K-4000K 2-CCT UGR<19 (4x14W/4x18W) Excl. LED Driver
1043234,Pragmalux,Pragmalux LED Paneel 60x60cm Sigma G2 IP65 CRI>90 38W 5000K-6500K 2-CCT UGR<19 (4x14W/4x18W) Excl. LED Driver
1042534-PH-700,Pragmalux,Pragmalux LED Paneel 60x60cm Sigma G2 Zwart IP44 18-26W 3000K-4000K 2-CCT 2400-3650lm UGR<19 +Philips Driver (4x14W)
1042534-PH-700-GST3,Pragmalux,Pragmalux LED Paneel 60x60cm Sigma G2 Zwart IP44 18-26W 3000K-4000K 2-CCT 2400-3650lm UGR<19 +Philips Driver incl. GST18i3 (4x14W)
1042534-PR,Pragmalux,Pragmalux LED Paneel 60x60cm Sigma G2 Zwart IP44 26-38W 3000K-4000K 2-CCT 3500-5100lm UGR<19 +Driver (4x14W)
1042534-PR-GST3,Pragmalux,Pragmalux LED Paneel 60x60cm Sigma G2 Zwart IP44 26-38W 3000K-4000K 2-CCT 3500-5100lm UGR<19 +Driver incl. GST18i3 (4x14W)
1042534-PR-UN,Pragmalux,"Pragmalux LED Paneel 60x60cm Sigma G2 Zwart IP44 26-38W 3000K-4000K 2-CCT 3500-5100lm UGR<19 +Universele Driver (DALI2, 1-10V, Push-dim) (4x14W)"
2036888-PR,Pragmalux,Pragmalux LED Paneel 60x60cm Sigma G3 IP54 CRI>90 19-34W 2950-5375lm 3000-3500-4000K 3-CCT UGR<19 (4x14W) +Driver
2036888-PR-ST3,Pragmalux,Pragmalux LED Paneel 60x60cm Sigma G3 IP54 CRI>90 19-34W 2950-5375lm 3000-3500-4000K 3-CCT UGR<19 (4x14W) +Driver incl. 3P Aansluitsnoer
2036888-PH,Pragmalux,Pragmalux LED Paneel 60x60cm Sigma G3 IP54 CRI>90 25-32W 4100-5325lm 3000-3500-4000K 3-CCT UGR<19 (4x14W) +Philips driver
2036888-TC-DA,Pragmalux,Pragmalux LED Paneel 60x60cm Sigma G3 IP54 CRI>90 28W 4350-4500lm 3000-3500-4000K 3-CCT UGR<19 (4x14W) +TCI DALI driver
2036888-TC-DA-ST5,Pragmalux,Pragmalux LED Paneel 60x60cm Sigma G3 IP54 CRI>90 28W 4350-4500lm 3000-3500-4000K 3-CCT UGR<19 (4x14W) +TCI DALI driver incl. 5P Aansluitsnoer
2036888,Pragmalux,Pragmalux LED Paneel 60x60cm Sigma G3 IP54 CRI>90 34W 3000-3500-4000K 3-CCT UGR<19 (4x14W) Excl. LED Driver
2036901-PR,Pragmalux,Pragmalux LED Paneel 60x60cm Sigma G3 Zwart IP54 CRI>90 19-34W 2950-5375lm 3000-3500-4000K 3-CCT UGR<19 (4x14W) +Driver
2036901-PR-ST3,Pragmalux,Pragmalux LED Paneel 60x60cm Sigma G3 Zwart IP54 CRI>90 19-34W 2950-5375lm 3000-3500-4000K 3-CCT UGR<19 (4x14W) +Driver incl. 3P Aansluitsnoer
2036901-PH,Pragmalux,Pragmalux LED Paneel 60x60cm Sigma G3 Zwart IP54 CRI>90 25-32W 4100-5325lm 3000-3500-4000K 3-CCT UGR<19 (4x14W) +Philips driver
2036901-TC-DA,Pragmalux,Pragmalux LED Paneel 60x60cm Sigma G3 Zwart IP54 CRI>90 28W 4350-4500lm 3000-3500-4000K 3-CCT UGR<19 (4x14W) +TCI DALI driver
2036901-TC-DA-ST5,Pragmalux,Pragmalux LED Paneel 60x60cm Sigma G3 Zwart IP54 CRI>90 28W 4350-4500lm 3000-3500-4000K 3-CCT UGR<19 (4x14W) +TCI DALI driver incl. 5P Aansluitsnoer
2036901,Pragmalux,Pragmalux LED Paneel 60x60cm Sigma G3 Zwart IP54 CRI>90 34W 3000-3500-4000K 3-CCT UGR<19 (4x14W) Excl. LED Driver
4600444,Pragmalux,Pragmalux LED Paneel Bevestigingsclips 60cm/62cm/120cm (4 stuks)
4607788,Pragmalux,Pragmalux LED Paneel Bevestigingsclips G2 60cm/62cm/120cm (4 stuks)
1046464,Pragmalux,Pragmalux LED Paneel Easy V2 40W LED Driver
1048956,Pragmalux,Pragmalux LED Paneel Flexcore IP44 30x120cm 26-39W 3600-5500lm 3000K-3500K-4000K 3CCT CRI >90 UGR<19 wit RAL9003 excl. led driver
1048949,Pragmalux,Pragmalux LED Paneel Flexcore IP44 60x60cm 26-39W 3600-5500lm 3000K-3500K-4000K 3CCT CRI >90 UGR<19 wit RAL9003 excl. led driver
1043951,Pragmalux,Pragmalux LED Paneel Opbouwset 30x150cm
1042800,Pragmalux,Pragmalux LED Paneel Opbouwset G2 Zwart 30x120cm
1042794,Pragmalux,Pragmalux LED Paneel Opbouwset G2 Zwart 60x60cm
4607771,Pragmalux,Pragmalux LED Paneel Opbouwset G2/G3 30x120cm
4607764,Pragmalux,Pragmalux LED Paneel Opbouwset G2/G3 60x60cm
1000954,Pragmalux,Pragmalux LED Paneel Opbouwset Sigma G2/G3 30x60cm
1001036,Pragmalux,"Pragmalux LED Paneel Sigma G2 20W Universele LED Driver (DALI2, 1-10V, Push-dim)"
1001043,Pragmalux,"Pragmalux LED Paneel Sigma G2 40W Universele LED Driver (DALI2, 1-10V, Push-dim)"
4607801,Pragmalux,Pragmalux LED Paneel Veiligheidskabel G2 1 meter
2032972,Pragmalux,Pragmalux LED Plafonnière / Pendelarmatuur Eclipse-L Wit Ø430 IP40 IK08 13-32W 1400-4000lm 3000K-3500K-4000K 3-CCT
2033023,Pragmalux,Pragmalux LED Plafonnière / Pendelarmatuur Eclipse-L Zwart Ø430 IP40 IK08 13-32W 1400-4000lm 3000K-3500K-4000K 3-CCT
2032873,Pragmalux,Pragmalux LED Plafonnière / Pendelarmatuur Eclipse-M Wit Ø350 IP40 IK08 6-19W 650-2300lm 3000K-3500K-4000K 3-CCT
2032927,Pragmalux,Pragmalux LED Plafonnière / Pendelarmatuur Eclipse-M Zwart Ø350 IP40 IK08 6-19W 650-2300lm 3000K-3500K-4000K 3-CCT
2032774,Pragmalux,Pragmalux LED Plafonnière / Pendelarmatuur Eclipse-S Wit Ø290 IP40 IK08 4-8W 420-900lm 3000K-3500K-4000K 3-CCT
2032828,Pragmalux,Pragmalux LED Plafonnière / Pendelarmatuur Eclipse-S Zwart Ø290 IP40 IK08 4-8W 420-900lm 3000K-3500K-4000K 3-CCT
2033122,Pragmalux,Pragmalux LED Plafonnière / Pendelarmatuur Eclipse-S/M/L accessoire inbouwklemmen set 2 stuks
2033108,Pragmalux,Pragmalux LED Plafonnière / Pendelarmatuur Eclipse-S/M/L accessoire pendelset incl. 125cm kabel wit
2033115,Pragmalux,Pragmalux LED Plafonnière / Pendelarmatuur Eclipse-S/M/L accessoire pendelset incl. 125cm kabel zwart
2033092,Pragmalux,Pragmalux LED Plafonnière / Pendelarmatuur Eclipse-S/M/L component draadloos sensor
2033078,Pragmalux,Pragmalux LED Plafonnière / Pendelarmatuur Eclipse-S/M/L component noodmodule 3uur zelftest
2033085,Pragmalux,Pragmalux LED Plafonnière / Pendelarmatuur Eclipse-S/M/L component step-dim daglicht & bewegingssensor
2039322,Pragmalux,Pragmalux LED Plafonnière / Pendelarmatuur Plano component bewegingssensor plug
2032743,Pragmalux,Pragmalux LED Plafonnière / Wandarmatuur Aludisc-M component noodmodule 3uur zelftest
2032682,Pragmalux,Pragmalux LED Plafonnière / Wandarmatuur Aludisc-M Zwart half afgeschermd Ø340 IP66 IK10 C4 10-23W 750-1800lm 3000K-3500K-4000K 3-CCT
2032651,Pragmalux,"Pragmalux LED Plafonnière / Wandarmatuur Aludisc-S Zwart half afgeschermd Ø270 IP66 IK10 C4 4,5-9W 360-750lm 3000K-3500K-4000K 3-CCT"
2032767,Pragmalux,Pragmalux LED Plafonnière / Wandarmatuur Aludisc-S/M component draadloos sensor
2032750,Pragmalux,Pragmalux LED Plafonnière / Wandarmatuur Aludisc-S/M component step-dim daglicht & bewegingssensor
4608280,Pragmalux,Pragmalux LED Plafonnière / Wandarmatuur Bewegingssensor Klein Detectiebereik
2028890,Pragmalux,Pragmalux LED Plafonnière / Wandarmatuur Lumio-L component driver Fase dimbaar
2028852,Pragmalux,Pragmalux LED Plafonnière / Wandarmatuur Lumio-L reserveonderdeel driver aan/uit
2028555,Pragmalux,"Pragmalux LED Plafonnière / Wandarmatuur Lumio-L Wit Ø400 IP65 IK10 12-31,5W 1375-4000lm 2700K-3000K-4000K 3-CCT"
2028883,Pragmalux,Pragmalux LED Plafonnière / Wandarmatuur Lumio-M component driver Fase dimbaar
2028845,Pragmalux,Pragmalux LED Plafonnière / Wandarmatuur Lumio-M reserveonderdeel driver aan/uit
2028548,Pragmalux,"Pragmalux LED Plafonnière / Wandarmatuur Lumio-M Wit Ø335 IP65 IK10 7,5-19W 850-2400lm 2700K-3000K-4000K 3-CCT"
2028913,Pragmalux,Pragmalux LED Plafonnière / Wandarmatuur Lumio-M/L component driver DALI2
2028906,Pragmalux,Pragmalux LED Plafonnière / Wandarmatuur Lumio-S component driver DALI2
2028876,Pragmalux,Pragmalux LED Plafonnière / Wandarmatuur Lumio-S component driver Fase dimbaar
2028838,Pragmalux,Pragmalux LED Plafonnière / Wandarmatuur Lumio-S reserveonderdeel driver aan/uit
2028531,Pragmalux,"Pragmalux LED Plafonnière / Wandarmatuur Lumio-S Wit Ø277 IP65 IK10 4,5-8,5W 475-1075lm 2700K-3000K-4000K 3-CCT"
2028968,Pragmalux,Pragmalux LED Plafonnière / Wandarmatuur Lumio-S/M/L accessoire inbouwset
2028951,Pragmalux,Pragmalux LED Plafonnière / Wandarmatuur Lumio-S/M/L component 2.4G draadloos sensor
2028944,Pragmalux,Pragmalux LED Plafonnière / Wandarmatuur Lumio-S/M/L component HF (5.8 GHz) bewegingssensor
2028920,Pragmalux,Pragmalux LED Plafonnière / Wandarmatuur Lumio-S/M/L component noodmodule 3uur autotest
2028937,Pragmalux,Pragmalux LED Plafonnière / Wandarmatuur Lumio-S/M/L component noodmodule DALI 3uur autotest
2028869,Pragmalux,Pragmalux LED Plafonnière / Wandarmatuur Lumio-S/M/L reserveonderdeel accessoire zak
4608297,Pragmalux,Pragmalux LED Plafonnière / Wandarmatuur Noodmodule 3u Manueel
1029085,Pragmalux,Pragmalux LED Plafonnière / Wandarmatuur Polo G3 IP64 12W 3000K-6000K 3-CCT 1000-1100lm Ø280 (2x18W)
1029085-S,Pragmalux,Pragmalux LED Plafonnière / Wandarmatuur Polo G3 IP64 12W 3000K-6000K 3-CCT 1000-1100lm Ø280 (2x18W) +Bewegingssensor
1029085-SN,Pragmalux,Pragmalux LED Plafonnière / Wandarmatuur Polo G3 IP64 12W 3000K-6000K 3-CCT 1000-1100lm Ø280 (2x18W) +Bewegingssensor & Noodmodule 3 uur manueel
1029085-N,Pragmalux,Pragmalux LED Plafonnière / Wandarmatuur Polo G3 IP64 12W 3000K-6000K 3-CCT 1000-1100lm Ø280 (2x18W) +Noodmodule 3uur manueel
1029092,Pragmalux,Pragmalux LED Plafonnière / Wandarmatuur Polo G3 IP64 18W 3000K-6000K 3-CCT 1550-1700lm Ø360 (1x26W)
1029092-S,Pragmalux,Pragmalux LED Plafonnière / Wandarmatuur Polo G3 IP64 18W 3000K-6000K 3-CCT 1550-1700lm Ø360 (1x26W) +Bewegingssensor
1029092-SN,Pragmalux,Pragmalux LED Plafonnière / Wandarmatuur Polo G3 IP64 18W 3000K-6000K 3-CCT 1550-1700lm Ø360 (1x26W) +Bewegingssensor & Noodmodule 3 uur manueel
1029092-N,Pragmalux,Pragmalux LED Plafonnière / Wandarmatuur Polo G3 IP64 18W 3000K-6000K 3-CCT 1550-1700lm Ø360 (1x26W) +Noodmodule 3uur manueel
1029108,Pragmalux,Pragmalux LED Plafonnière / Wandarmatuur Polo G3 IP64 22W 3000K-6000K 3-CCT 1950-2150lm Ø410 (1x32W)
1029108-S,Pragmalux,Pragmalux LED Plafonnière / Wandarmatuur Polo G3 IP64 22W 3000K-6000K 3-CCT 1950-2150lm Ø410 (1x32W) +Bewegingssensor
1029108-SN,Pragmalux,Pragmalux LED Plafonnière / Wandarmatuur Polo G3 IP64 22W 3000K-6000K 3-CCT 1950-2150lm Ø410 (1x32W) +Bewegingssensor & Noodmodule 3 uur manueel
1029108-N,Pragmalux,Pragmalux LED Plafonnière / Wandarmatuur Polo G3 IP64 22W 3000K-6000K 3-CCT 1950-2150lm Ø410 (1x32W) +Noodmodule 3uur manueel
1029207,Pragmalux,Pragmalux LED Plafonnière / Wandarmatuur Polo G3 IP64 Ø360 PMMA kap
1029191,Pragmalux,Pragmalux LED Plafonnière / Wandarmatuur Polo G3 Ø280mm IP64 PMMA Kap
1029214,Pragmalux,Pragmalux LED Plafonnière / Wandarmatuur Polo G3 Ø410 IP64 PMMA Kap
4605654,Pragmalux,Pragmalux LED Plafonnière / Wandarmatuur Polo IP64 8W 3000K 650lm Ø180 (1x18W)
4605661,Pragmalux,Pragmalux LED Plafonnière / Wandarmatuur Polo IP64 8W 4000K 700lm Ø180 (1x18W)
4609997,Pragmalux,Pragmalux LED Plafonnière / Wandarmatuur Polo IP64 PMMA Kap Ø180
2031944,Pragmalux,Pragmalux LED Plafonnière / Wandarmatuur Rondisc component bewegingssensor
2031951,Pragmalux,Pragmalux LED Plafonnière / Wandarmatuur Rondisc component noodmodule 1uur manueel
2031906,Pragmalux,Pragmalux LED Plafonnière / Wandarmatuur Rondisc Wit Ø348 IP44 IK10 6-12W 650-1500lm 3000K-4000K 2-CCT
2032491,Pragmalux,"Pragmalux LED Plafonnière / Wandarmatuur Soladisc IP65 IK10 Ø370 6,5-14W 700-1600lm 3000K-4000K 2-CCT"
2032491-NA,Pragmalux,"Pragmalux LED Plafonnière / Wandarmatuur Soladisc IP65 IK10 Ø370 6,5-14W 700-1600lm 3000K-4000K 2-CCT + noodmodule 3uur zelftest"
2036154,Pragmalux,Pragmalux LED Plafonnière / Wandarmatuur Soladisc-L component noodmodule 3uur zelftest
2032057,Pragmalux,Pragmalux LED Plafonnière / Wandarmatuur Soladisc-L Wit Ø400 IP44 IK10 12-24W 1400-3000lm 3000K-3500K-4000K 3-CCT
2032118,Pragmalux,Pragmalux LED Plafonnière / Wandarmatuur Soladisc-M component noodmodule 3uur zelftest
2031999,Pragmalux,Pragmalux LED Plafonnière / Wandarmatuur Soladisc-M Wit Ø340 IP44 IK10 7-14W 700-1600lm 3000K-3500K-4000K 3-CCT
2031968,Pragmalux,"Pragmalux LED Plafonnière / Wandarmatuur Soladisc-S Wit Ø260 IP44 IK10 4,5-9W 510-1100lm 3000K-3500K-4000K 3-CCT"
2032132,Pragmalux,Pragmalux LED Plafonnière / Wandarmatuur Soladisc-S/M/L & Soladisc IP65 component draadloos sensor
2032125,Pragmalux,Pragmalux LED Plafonnière / Wandarmatuur Soladisc-S/M/L & Soladisc IP65 component step-dim daglicht & bewegingssensor
2032460,Pragmalux,Pragmalux LED Plafonnière / Wandarmatuur Titandisc-M component noodmodule 3uur zelftest
2032408,Pragmalux,Pragmalux LED Plafonnière / Wandarmatuur Titandisc-M Grijs half afgeschermd Ø360 IP65 IK10 7-14W 550-1200lm 3000K-3500K-4000K 3-CCT
2032309,Pragmalux,Pragmalux LED Plafonnière / Wandarmatuur Titandisc-M Grijs Ø360 IP65 IK10 7-14W 690-1500lm 3000K-3500K-4000K 3-CCT
2032309-DS,Pragmalux,Pragmalux LED Plafonnière / Wandarmatuur Titandisc-M Grijs Ø360 IP65 IK10 7-14W 690-1500lm 3000K-3500K-4000K 3-CCT + Daglichtsensor
2032378,Pragmalux,Pragmalux LED Plafonnière / Wandarmatuur Titandisc-S Grijs half afgeschermd Ø265 IP65 IK10 5-9W 325-700lm 3000K-3500K-4000K 3-CCT
2032262,Pragmalux,Pragmalux LED Plafonnière / Wandarmatuur Titandisc-S Grijs Ø265 IP65 IK10 5-9W 420-900lm 3000K-3500K-4000K 3-CCT
2032262-DS,Pragmalux,Pragmalux LED Plafonnière / Wandarmatuur Titandisc-S Grijs Ø265 IP65 IK10 5-9W 420-900lm 3000K-3500K-4000K 3-CCT + Daglichtsensor
2032484,Pragmalux,Pragmalux LED Plafonnière / Wandarmatuur Titandisc-S/M component draadloos sensor
2032477,Pragmalux,Pragmalux LED Plafonnière / Wandarmatuur Titandisc-S/M component step-dim daglicht & bewegingssensor
1037196,Pragmalux,Pragmalux LED Portiek Port-M Frame Wit RAL9003
1037202,Pragmalux,Pragmalux LED Portiek Port-M Frame Zwart RAL9004
1037226,Pragmalux,Pragmalux LED Portiek Port-M Halve Afscherming Frame Wit RAL9003
1037233,Pragmalux,Pragmalux LED Portiek Port-M Halve Afscherming Frame Zwart RAL9004
1037172,Pragmalux,"Pragmalux LED Portiek Port-M PKVW IP66 IK10 2,75-5W 295-570lm 2700K-4000K 3-CCT"
1037172-S,Pragmalux,"Pragmalux LED Portiek Port-M PKVW IP66 IK10 2,75-5W 295-570lm 2700K-4000K 3-CCT + bewegingssensor"
1037172-SN,Pragmalux,"Pragmalux LED Portiek Port-M PKVW IP66 IK10 2,75-5W 295-570lm 2700K-4000K 3-CCT + bewegingssensor & noodmodule 1H autotest"
1037172-DS,Pragmalux,"Pragmalux LED Portiek Port-M PKVW IP66 IK10 2,75-5W 295-570lm 2700K-4000K 3-CCT + daglichtsensor"
1037172-DSN,Pragmalux,"Pragmalux LED Portiek Port-M PKVW IP66 IK10 2,75-5W 295-570lm 2700K-4000K 3-CCT + daglichtsensor & noodmodule 1H autotest"
1037172-N,Pragmalux,"Pragmalux LED Portiek Port-M PKVW IP66 IK10 2,75-5W 295-570lm 2700K-4000K 3-CCT + noodmodule 1uur autotest"
1037172-DA,Pragmalux,"Pragmalux LED Portiek Port-M PKVW IP66 IK10 2,75-5W 295-570lm 2700K-4000K 3-CCT DALI"
1037172-DA-N,Pragmalux,"Pragmalux LED Portiek Port-M PKVW IP66 IK10 2,75-5W 295-570lm 2700K-4000K 3-CCT DALI noodverlichting 1H autotest"
1037189,Pragmalux,"Pragmalux LED Portiek Port-M PKVW IP66 IK10 24-42V AC/DC 2,75-5W 295-570lm 2700K-4000K 3-CCT"
1037189-S,Pragmalux,"Pragmalux LED Portiek Port-M PKVW IP66 IK10 24-42V AC/DC 2,75-5W 295-570lm 2700K-4000K 3-CCT + bewegingssensor"
1045429,Pragmalux,Pragmalux LED Portiek Port-M-S Venus LED Driver dip-switch 5W 0.12A 42V
2032255,Pragmalux,Pragmalux LED Portiek Port-Nova accessoire set pictogrammen boven beneden links rechts
2032248,Pragmalux,Pragmalux LED Portiek Port-Nova component draadloos sensor
2033535,Pragmalux,Pragmalux LED Portiek Port-Nova component driver photocell
2032224,Pragmalux,Pragmalux LED Portiek Port-Nova component noodmodule 1uur manueel
2032231,Pragmalux,Pragmalux LED Portiek Port-Nova component step-dim daglicht & bewegingssensor
2032149-LV,Pragmalux,Pragmalux LED Portiek Port-Nova Wit IP65 IK10 24-42V AC/DC 3-6W 360-780lm 3000K-3500K-4000K 3-CCT
2032149,Pragmalux,Pragmalux LED Portiek Port-Nova Wit IP65 IK10 3-6W 360-780lm 3000K-3500K-4000K 3-CCT
2032149-DS,Pragmalux,Pragmalux LED Portiek Port-Nova Wit IP65 IK10 3-6W 360-780lm 3000K-3500K-4000K 3-CCT + Daglichtsensor
1044019,Pragmalux,Pragmalux LED Portiek Port-S Frame Wit RAL9003
1044026,Pragmalux,Pragmalux LED Portiek Port-S Frame Zwart RAL9004
1044040,Pragmalux,Pragmalux LED Portiek Port-S Halve Afscherming Frame Wit RAL9003
1044057,Pragmalux,Pragmalux LED Portiek Port-S Halve Afscherming Frame Zwart RAL9004
1043999,Pragmalux,"Pragmalux LED Portiek Port-S PKVW IP66 IK10 2,75-5W 275-600lm 2700K-4000K 3-CCT"
1043999-S,Pragmalux,"Pragmalux LED Portiek Port-S PKVW IP66 IK10 2,75-5W 275-600lm 2700K-4000K 3-CCT + bewegingssensor"
1043999-SN,Pragmalux,"Pragmalux LED Portiek Port-S PKVW IP66 IK10 2,75-5W 275-600lm 2700K-4000K 3-CCT + bewegingssensor & noodmodule 1H autotest"
1043999-DS,Pragmalux,"Pragmalux LED Portiek Port-S PKVW IP66 IK10 2,75-5W 275-600lm 2700K-4000K 3-CCT + daglichtsensor"
1043999-DSN,Pragmalux,"Pragmalux LED Portiek Port-S PKVW IP66 IK10 2,75-5W 275-600lm 2700K-4000K 3-CCT + daglichtsensor & noodmodule 1H autotest"
1043999-N,Pragmalux,"Pragmalux LED Portiek Port-S PKVW IP66 IK10 2,75-5W 275-600lm 2700K-4000K 3-CCT + noodmodule 1H autotest"
1044002,Pragmalux,"Pragmalux LED Portiek Port-S PKVW IP66 IK10 24-42V AC/DC 2,75-5W 275-600lm 2700K-4000K 3-CCT"
1041810,Pragmalux,Pragmalux LED Spotlight Casso IP44 dimbaar 6W 420lm ø81 Buitenmaat-Gaatmaat ø68-73 40° 2700K UGR<19 Zwart
1041803,Pragmalux,Pragmalux LED Spotlight Casso IP44 dimbaar 6W 500lm ø81 Buitenmaat-Gaatmaat ø68-73 40° 2700K UGR<19 Wit
1041827,Pragmalux,Pragmalux LED Spotlight Casso IP44 dimbaar 9W 810lm ø103 Buitenmaat-Gaatmaat ø90-95 40° 2700K UGR<19 Wit
1008271,Pragmalux,Pragmalux LED Straatverlichting Strada 40W 4000K 5800lm 55x145D Ø60mm Spigot incl. 6m kabel
1029122,Pragmalux,Pragmalux LED Straatverlichting Strada 40W 4000K 5800lm 55x145D Ø60mm Spigot Photocell incl. 6m kabel
1008288,Pragmalux,Pragmalux LED Straatverlichting Strada 55W 4000K 7900m 55x145D Ø60mm Spigot incl. 6m kabel
1029139,Pragmalux,Pragmalux LED Straatverlichting Strada 55W 4000K 7900m 55x145D Ø60mm Spigot Photocell incl. 6m kabel
1008301,Pragmalux,Pragmalux LED Straatverlichting Strada bevestigingsbeugel muursteun hoek Ø60mm
1008295,Pragmalux,Pragmalux LED Straatverlichting Strada bevestigingsbeugel muursteun Ø60mm
1008318,Pragmalux,Pragmalux LED Straatverlichting Strada paaltop uithouder 2-voudig Ø60mm
1046310,Pragmalux,"Pragmalux LED TL Waterdicht Armatuur Essence Classic G2 IP65 120cm 20-35W 4000K 2700-4700lm 3x2,5mm Doorvoerbedrading (2x36W)"
1046334,Pragmalux,"Pragmalux LED TL Waterdicht Armatuur Essence Classic G2 IP65 150cm 30-51W 4000K 4000-6850lm 3x2,5mm Doorvoerbedrading (2x58W)"
2024946,Pragmalux,Pragmalux LED TL Waterdicht Armatuur Essence Classic G3 accessoire afstandsbediening voor bewegingssensor
2024786,Pragmalux,Pragmalux LED TL Waterdicht Armatuur Essence Classic G3 accessoire Bewegingssensor set (toolles plug&play) t.b.v. 60cm/120cm/150cm
2024793,Pragmalux,Pragmalux LED TL Waterdicht Armatuur Essence Classic G3 accessoire Noodmodule set (toolles plug&play) 3uur zelftest & manueel 2-in-1 t.v.b.120cm/150cm
2024687,Pragmalux,"Pragmalux LED TL Waterdicht Armatuur Essence Classic G3 IP66 120cm 22-39W 3100-5400lm 3CCT 3000-4000-6500K 4x2,5mm Doorvoerbedrading (2x36W)"
2024687-N,Pragmalux,"Pragmalux LED TL Waterdicht Armatuur Essence Classic G3 IP66 120cm 22-39W 3100-5400lm 3CCT 3000-4000-6500K 4x2,5mm Doorvoerbedrading (2x36W) + Noodmodule 3uur zelftest & manueel"
2024687-S,Pragmalux,"Pragmalux LED TL Waterdicht Armatuur Essence Classic G3 IP66 120cm 22-39W 3100-5400lm 3CCT 3000-4000-6500K 4x2,5mm Doorvoerbedrading (2x36W)+ Bewegingssensor"
2024687-SN,Pragmalux,"Pragmalux LED TL Waterdicht Armatuur Essence Classic G3 IP66 120cm 22-39W 3100-5400lm 3CCT 3000-4000-6500K 4x2,5mm Doorvoerbedrading (2x36W)+ Bewegingssensor &  Noodmodule 3uur zelftest & manueel"
2024694,Pragmalux,"Pragmalux LED TL Waterdicht Armatuur Essence Classic G3 IP66 150cm 33-58W 4500-7700lm 3CCT 3000-4000-6500K 4x2,5mm Doorvoerbedrading (2x58W)"
2024694-N,Pragmalux,"Pragmalux LED TL Waterdicht Armatuur Essence Classic G3 IP66 150cm 33-58W 4500-7700lm 3CCT 3000-4000-6500K 4x2,5mm Doorvoerbedrading (2x58W) + Noodmodule 3uur zelftest & manueel"
2024694-S,Pragmalux,"Pragmalux LED TL Waterdicht Armatuur Essence Classic G3 IP66 150cm 33-58W 4500-7700lm 3CCT 3000-4000-6500K 4x2,5mm Doorvoerbedrading (2x58W)+ Bewegingssensor"
2024694-SN,Pragmalux,"Pragmalux LED TL Waterdicht Armatuur Essence Classic G3 IP66 150cm 33-58W 4500-7700lm 3CCT 3000-4000-6500K 4x2,5mm Doorvoerbedrading (2x58W)+ Bewegingssensor &  Noodmodule 3uur zelftest & manueel"
2024670,Pragmalux,"Pragmalux LED TL Waterdicht Armatuur Essence Classic G3 IP66 60cm 11-19W 1400-2450lm 3CCT 3000-4000-6500K 3x2,5mm Doorvoerbedrading (2x18W)"
2024670-S,Pragmalux,"Pragmalux LED TL Waterdicht Armatuur Essence Classic G3 IP66 60cm 11-19W 1400-2450lm 3CCT 3000-4000-6500K 3x2,5mm Doorvoerbedrading (2x18W)+ Bewegingssensor"
4607641-CCT,Pragmalux,"Pragmalux LED TL Waterdicht Armatuur Essence Slim IP65 120cm 35W 3000K-6000K 4000-4450lm 3x1,5mm Doorvoerbedrading (2x36W)"
4607665-CCT,Pragmalux,"Pragmalux LED TL Waterdicht Armatuur Essence Slim IP65 150cm 30W 3000K-6000K 3300-3750lm 3x1,5mm Doorvoerbedrading (1x58W)"
4607689-CCT,Pragmalux,"Pragmalux LED TL Waterdicht Armatuur Essence Slim IP65 150cm 51W 3000K-6000K 5600-6400lm 3x1,5mm Doorvoerbedrading (2x58W)"
4607603-CCT,Pragmalux,"Pragmalux LED TL Waterdicht Armatuur Essence Slim IP65 60cm 19W 3000K-6000K 2000-2200lm 3x1,5mm Doorvoerbedrading (2x18W)"
1000916,Pragmalux,"Pragmalux LED TL Waterdicht Armatuur Essence Slim Koppelstuk Incl. 3x1,5mm kabel"
2029293,Pragmalux,Pragmalux LED TL Waterdicht Armatuur Hera accessoire PIR-sensor
2029309,Pragmalux,Pragmalux LED TL Waterdicht Armatuur Hera accessoire RF-bewegingssensor
2029330,Pragmalux,Pragmalux LED TL Waterdicht Armatuur Hera component Noodmodule 1u autotest
2029231,Pragmalux,"Pragmalux LED TL Waterdicht Armatuur Hera IP66 120cm 18-33W 2600-4800lm 3000K-4000-6000K 3-CCT 4x2,5mm Doorvoerbedrading (1/2x36W)"
2029248,Pragmalux,"Pragmalux LED TL Waterdicht Armatuur Hera IP66 150cm 25-44W 3500-6600lm 3000K-4000-6000K 3-CCT 4x2,5mm Doorvoerbedrading (1/2x58W)"
2029255,Pragmalux,"Pragmalux LED TL Waterdicht Armatuur Hera IP66 150cm 36-60W 5050-9000lm 3000K-4000-6000K 3-CCT 4x2,5mm Doorvoerbedrading (1/2x80W)"
2029224,Pragmalux,"Pragmalux LED TL Waterdicht Armatuur Hera IP66 60cm 10-17W 1350-2400lm 3000K-4000-6000K 3-CCT 4x2,5mm Doorvoerbedrading (1/2x18W)"
2029347,Pragmalux,Pragmalux LED TL Waterdicht Armatuur Hera reserveonderdeel accessoire zakje
2029323,Pragmalux,Pragmalux LED TL Waterdicht Armatuur Hera/ Typhoon G2 accessoire afstandsbediening voor RF-bewegingssensor
4609904,Pragmalux,Pragmalux LED TL Waterdicht Armatuur Hera/ Typhoon G2 Ophangset 3m Staaldraad
1000473,Pragmalux,"Pragmalux LED TL Waterdicht Armatuur Hermes IP66 120cm 20-35W 3000K-6000K 3-CCT 2700-5000lm 5x2,5mm Doorvoerbedrading (2x36W)"
1000473-S,Pragmalux,"Pragmalux LED TL Waterdicht Armatuur Hermes IP66 120cm 20-35W 3000K-6000K 3-CCT 2700-5000lm 5x2,5mm Doorvoerbedrading (2x36W) + Bewegingssensor"
1000473-NA,Pragmalux,"Pragmalux LED TL Waterdicht Armatuur Hermes IP66 120cm 20-35W 3000K-6000K 3-CCT 2700-5000lm 5x2,5mm Doorvoerbedrading (2x36W) + Noodmodule 1uur zelftest"
4607696,Pragmalux,Pragmalux LED TL Waterdicht Armatuur Hermes IP66 120cm 35W 4000K 5100lm (2x36W)
4607696-S,Pragmalux,Pragmalux LED TL Waterdicht Armatuur Hermes IP66 120cm 35W 4000K 5100lm (2x36W) +Bewegingssensor
1000480,Pragmalux,"Pragmalux LED TL Waterdicht Armatuur Hermes IP66 150cm 30-53W 3000K-6000K 3-CCT 4150-7700lm 5x2,5mm Doorvoerbedrading (2x58W)"
1000480-S,Pragmalux,"Pragmalux LED TL Waterdicht Armatuur Hermes IP66 150cm 30-53W 3000K-6000K 3-CCT 4150-7700lm 5x2,5mm Doorvoerbedrading (2x58W) + Bewegingssensor"
1000480-NA,Pragmalux,"Pragmalux LED TL Waterdicht Armatuur Hermes IP66 150cm 30-53W 3000K-6000K 3-CCT 4150-7700lm 5x2,5mm Doorvoerbedrading (2x58W) + Noodmodule 1uur zelftest"
1000480-SNA,Pragmalux,"Pragmalux LED TL Waterdicht Armatuur Hermes IP66 150cm 30-53W 3000K-6000K 3-CCT 4150-7700lm 5x2,5mm Doorvoerbedrading (2x58W)+bewegingssensor + noodmodule 1uur zelftest"
1000497,Pragmalux,"Pragmalux LED TL Waterdicht Armatuur Hermes IP66 150cm 36-61W 4000K 6000-10200lm 5x2,5mm Doorvoerbedrading (2x80W)"
4607702,Pragmalux,Pragmalux LED TL Waterdicht Armatuur Hermes IP66 150cm 42W 4000K 6100lm (2x58W)
4607702-S,Pragmalux,Pragmalux LED TL Waterdicht Armatuur Hermes IP66 150cm 42W 4000K 6100lm (2x58W) +Bewegingssensor
4607702-NA,Pragmalux,Pragmalux LED TL Waterdicht Armatuur Hermes IP66 150cm 42W 4000K 6100lm (2x58W) +Noodmodule 1uur zelftest
4607702-SNA,Pragmalux,Pragmalux LED TL Waterdicht Armatuur Hermes IP66 150cm 42W 4000K 6100lm (2x58W)+bewegingssensor + noodmodule 1uur zelftest
4607702-CCT,Pragmalux,Pragmalux LED TL Waterdicht Armatuur Hermes IP66 150cm 53W 3000K-6000K 3-CCT 4150-7700lm (2x58W)
4607702-CCT-S,Pragmalux,Pragmalux LED TL Waterdicht Armatuur Hermes IP66 150cm 53W 3000K-6000K 3-CCT 4150-7700lm (2x58W) +Bewegingssensor
4607702-CCT-NA,Pragmalux,Pragmalux LED TL Waterdicht Armatuur Hermes IP66 150cm 53W 3000K-6000K 3-CCT 4150-7700lm (2x58W) +Nood 1uur zelftest
1000466,Pragmalux,"Pragmalux LED TL Waterdicht Armatuur Hermes IP66 60cm 10-18W 3000K-6000K 3-CCT 1250-2300lm 5x2,5mm Doorvoerbedrading (2x18W)"
1000466-S,Pragmalux,"Pragmalux LED TL Waterdicht Armatuur Hermes IP66 60cm 10-18W 3000K-6000K 3-CCT 1250-2300lm 5x2,5mm Doorvoerbedrading (2x18W) + Bewegingssensor"
1036632,Pragmalux,Pragmalux LED TL Waterdicht Armatuur Hermes noodmodule autotest bevestigingsbeugel
2031326,Pragmalux,Pragmalux LED TL Waterdicht Armatuur Typhoon G2 accessoire step-dim Bewegingssensor set (toolles plug&play) t.b.v. 60cm/120cm/150cm
2031333,Pragmalux,Pragmalux LED TL Waterdicht Armatuur Typhoon G2 component kabelset voor noodmodule
2031340,Pragmalux,Pragmalux LED TL Waterdicht Armatuur Typhoon G2 component montagebeugel met schroeven
2031272,Pragmalux,"Pragmalux LED TL Waterdicht Armatuur Typhoon G2 IP66 IP69K IK08 PMMA 120cm 20-34W 3000-4000K-6000K 3CCT 2800-4850lm 4x2,5mm Doorvoerbedrading (2x36W)"
2031289,Pragmalux,"Pragmalux LED TL Waterdicht Armatuur Typhoon G2 IP66 IP69K IK08 PMMA 150cm 27-48W 3000-4000K-6000K 3CCT 3700-6800lm 4x2,5mm Doorvoerbedrading (2x58W)"
2031265,Pragmalux,"Pragmalux LED TL Waterdicht Armatuur Typhoon G2 IP66 IP69K IK08 PMMA 60cm 10-17W 3000-4000K-6000K 3CCT 1250-2200lm 4x2,5mm Doorvoerbedrading (2x18W)"
2031357,Pragmalux,Pragmalux LED TL Waterdicht Armatuur Typhoon G2 reserveonderdeel accessoire zakje
2029972,Pragmalux,Pragmalux LED Wandarmatuur Blocq halfrond Up/Down IP65 2x3W 280lm 2000-3000K dim to warm CRI>90 instelbare lichtbundel 0-120° wit - fase dimbaar
2029965,Pragmalux,Pragmalux LED Wandarmatuur Blocq halfrond Up/Down IP65 2x3W 280lm 2000-3000K dim to warm CRI>90 instelbare lichtbundel 0-120° zwart - fase dimbaar
2029996,Pragmalux,Pragmalux LED Wandarmatuur Blocq halfrond Up/Down IP65 2x3W 360lm 2700-3000-4000K 3CCT CRI>90 instelbare lichtbundel 0-120° wit - fase dimbaar
2029989,Pragmalux,Pragmalux LED Wandarmatuur Blocq halfrond Up/Down IP65 2x3W 360lm 2700-3000-4000K 3CCT CRI>90 instelbare lichtbundel 0-120° zwart - fase dimbaar
2029934,Pragmalux,Pragmalux LED Wandarmatuur Blocq Up/Down IP65 2x3W 280lm 2000-3000K dim to warm CRI>90 instelbare lichtbundel 0-120° wit - fase dimbaar
2029927,Pragmalux,Pragmalux LED Wandarmatuur Blocq Up/Down IP65 2x3W 280lm 2000-3000K dim to warm CRI>90 instelbare lichtbundel 0-120° zwart - fase dimbaar
2029958,Pragmalux,Pragmalux LED Wandarmatuur Blocq Up/Down IP65 2x3W 360lm 2700-3000-4000K 3CCT CRI>90 instelbare lichtbundel 0-120° wit - fase dimbaar
2029941,Pragmalux,Pragmalux LED Wandarmatuur Blocq Up/Down IP65 2x3W 360lm 2700-3000-4000K 3CCT CRI>90 instelbare lichtbundel 0-120° zwart - fase dimbaar
2028500,Pragmalux,Pragmalux LED Wandarmatuur Facio 45° accessoire (2 pcs)
2028517,Pragmalux,Pragmalux LED Wandarmatuur Facio 60° accessoire (2 pcs)
2028524,Pragmalux,Pragmalux LED Wandarmatuur Facio 90° accessoire (2 pcs)
2028494,Pragmalux,Pragmalux LED Wandarmatuur Facio IP65 Up/Down 6W 500lm 2700K Zwart RAL9005
2028487,Pragmalux,Pragmalux LED Wandarmatuur Facio IP65 Up/Down 6W 580lm 3000K Zwart RAL9005
2028470,Pragmalux,Pragmalux LED Wandarmatuur Parono IP65 Up/Down 6W 500lm 2700K instelbare lichtbundel Zwart RAL9005
2028463,Pragmalux,Pragmalux LED Wandarmatuur Parono IP65 Up/Down 6W 580lm 3000K instelbare lichtbundel Zwart RAL9005
2033481,Pragmalux,Pragmalux LED Wandarmatuur Verto 60 Up/Down IP40 IK06 Ø60x170mm 2x5W 520-580lm 2700-3000-4000K 3CCT CRI90 70° Zwart RAL9005 DALI2
2033474,Pragmalux,Pragmalux LED Wandarmatuur Verto 60 Up/Down IP40 IK06 Ø60x170mm 2x5W 520-580lm 2700-3000-4000K 3CCT CRI90 70° Zwart RAL9005 fase dimbaar
2033504,Pragmalux,Pragmalux LED Wandarmatuur Verto 60 Up/Down IP40 IK06 Ø60x170mm 2x5W 730-800lm 2700-3000-4000K 3CCT CRI90 70° Wit RAL9016 DALI2
2033498,Pragmalux,Pragmalux LED Wandarmatuur Verto 60 Up/Down IP40 IK06 Ø60x170mm 2x5W 730-800lm 2700-3000-4000K 3CCT CRI90 70° Wit RAL9016 fase dimbaar
2029903,Pragmalux,Pragmalux Neo 230V AC LED Module 5W 350lm 2000-3000K dim to warm CRI90 60° fase dimbaar incl. aansluitdoos
2029910,Pragmalux,Pragmalux Neo 230V AC LED Module 5W 400lm 2700-3000-4000K 3CCT CRI90 60° fase dimbaar incl. aansluitdoos
1027678,Pragmalux,Pragmalux PRX component LED module body 1528 met 120gr opale kap
4090-NLS-T8-HO,Pragmalux,Pragmalux PRX Retroline LED-module HO NORTON NLS-T8 75-22W 12900-3785lm 4000K 90D
4090-TX2-R58-HO,Pragmalux,Pragmalux PRX Retroline LED-module HO Philips TTX200-R58 75-22W 12900-3785lm 4000K 90D
65120-TX2-R58-HO,Pragmalux,Pragmalux PRX Retroline LED-module HO Philips TTX200-R58 75-22W 12900-3785lm 6500K 120D
4090-TX4-T8-HO,Pragmalux,Pragmalux PRX Retroline LED-module HO Philips TTX400-T8 75-22W 12900-3785lm 4000K 90D
4090-P-HO,Pragmalux,Pragmalux PRX Retroline LED-module HO VEKO P 75-22W 12900-3785lm 4000K 90D
4090-PNR-HO,Pragmalux,Pragmalux PRX Retroline LED-module HO VEKO PNR 75-22W 12900-3785lm 4000K 90D
1008141,Pragmalux,Pragmalux PRX Retroline LED-module Philips TTX200 blindplaat 1600mm
1006673,Pragmalux,Pragmalux PRX-component LED module UNI 1528mm dipswitch 60-32W 9150-4880lm 4000K 120D Lens
1045511,Pragmalux,"Pragmalux PRX-component Retroline LED-module Philips TMX204 Body zonder LED Driver,PMMA lens en PCB"
1045504,Pragmalux,Pragmalux PRX-component Retroline LED-module Philips TMX204 Connector met beugel en 2 schroeven voor nood
1046648,Pragmalux,Pragmalux PRX-HO Component LED-PCB-75W-4000K
2037731,Pragmalux,Pragmalux PRX-Line G2 1BU LED module component 1000mm LED-PCB-63W Lens 3-CCT 3000-4000-5000K
2037755,Pragmalux,Pragmalux PRX-Line G2 1BU LED module component 1000mm LED-PCB-63W opaal 3-CCT 3000-4000-5000K
2033986,Pragmalux,Pragmalux PRX-Line G2 1BU LED module component 1000mm LED-PCB-73W Lens 3000K
2033993,Pragmalux,Pragmalux PRX-Line G2 1BU LED module component 1000mm LED-PCB-73W Lens 4000K
2034006,Pragmalux,Pragmalux PRX-Line G2 1BU LED module component 1000mm LED-PCB-73W Lens 5000K
2034013,Pragmalux,Pragmalux PRX-Line G2 1BU LED module component 1000mm LED-PCB-73W Lens 6500K
2034068,Pragmalux,Pragmalux PRX-Line G2 1BU LED module component 1000mm LED-PCB-73W opaal 3000K
2034075,Pragmalux,Pragmalux PRX-Line G2 1BU LED module component 1000mm LED-PCB-73W opaal 4000K
2034082,Pragmalux,Pragmalux PRX-Line G2 1BU LED module component 1000mm LED-PCB-73W opaal 5000K
2034099,Pragmalux,Pragmalux PRX-Line G2 1BU LED module component 1000mm LED-PCB-73W opaal 6500K
2037748,Pragmalux,Pragmalux PRX-Line G2 2BU LED module component 2000mm LED-PCB-120W Lens 3-CCT 3000-4000-5000K
2037762,Pragmalux,Pragmalux PRX-Line G2 2BU LED module component 2000mm LED-PCB-120W opaal 3-CCT 3000-4000-5000K
2034020,Pragmalux,Pragmalux PRX-Line G2 2BU LED module component 2000mm LED-PCB-140W Lens 3000K
2034037,Pragmalux,Pragmalux PRX-Line G2 2BU LED module component 2000mm LED-PCB-140W Lens 4000K
2034044,Pragmalux,Pragmalux PRX-Line G2 2BU LED module component 2000mm LED-PCB-140W Lens 5000K
2034051,Pragmalux,Pragmalux PRX-Line G2 2BU LED module component 2000mm LED-PCB-140W Lens 6500K
2034105,Pragmalux,Pragmalux PRX-Line G2 2BU LED module component 2000mm LED-PCB-140W opaal 3000K
2034112,Pragmalux,Pragmalux PRX-Line G2 2BU LED module component 2000mm LED-PCB-140W opaal 4000K
2034129,Pragmalux,Pragmalux PRX-Line G2 2BU LED module component 2000mm LED-PCB-140W opaal 5000K
2034136,Pragmalux,Pragmalux PRX-Line G2 2BU LED module component 2000mm LED-PCB-140W opaal 6500K
2033962,Pragmalux,Pragmalux PRX-Line G2 IP54 LED module component 1000mm profiel met kabelset
2033979,Pragmalux,Pragmalux PRX-Line G2 IP54 LED module component 2000mm profiel met kabelset
2034204,Pragmalux,Pragmalux PRX-Line G2 LED module component 1000mm eindkap 1set
2034211,Pragmalux,Pragmalux PRX-Line G2 LED module component 2000mm eindkap 1set
2034228,Pragmalux,Pragmalux PRX-Line G2 LED module component body 1000mm met 120° opale kap & eindkap
2034235,Pragmalux,Pragmalux PRX-Line G2 LED module component body 2000mm met 120° opale kap & eindkap
3874380,Pragmalux,Pragmalux PRX-Line G2 LED module component Philips Xitanium 150W 400-700mA 215V DS 230V
9293342,Pragmalux,Pragmalux PRX-Line G2 LED module component Philips Xitanium 65W 200-350mA 185V DS 230V EL
3913580,Pragmalux,Pragmalux PRX-Line G2 LED module component Philips Xitanium 80W 400-550mA 200V DS 230V
2034174,Pragmalux,Pragmalux PRX-Line G2 LED module component PMMA Lens 120°
2034143,Pragmalux,Pragmalux PRX-Line G2 LED module component PMMA Lens 30°
2034150,Pragmalux,Pragmalux PRX-Line G2 LED module component PMMA Lens 60°
2034167,Pragmalux,Pragmalux PRX-Line G2 LED module component PMMA Lens 90°
2034242,Pragmalux,Pragmalux PRX-Line G2 LED module component power connector met kabelset
30120-L,Pragmalux,Pragmalux PRX-Line LED module 1528mm dipswitch 60-32W 8235lm 3000k 120D
40120-UO-L,Pragmalux,Pragmalux PRX-Line UO LED module-wit 2039mm dipswitch 115-83W 18000-14000lm 4000K 120D
4060-UO-L,Pragmalux,Pragmalux PRX-Line UO LED module-wit 2039mm dipswitch 115-83W 18000-14000lm 4000K 60D
4090-UO-L,Pragmalux,Pragmalux PRX-Line UO LED module-wit 2039mm dipswitch 115-83W 18000-14000lm 4000K 90D
1007083,Pragmalux,Pragmalux PRX-UO component LED-PCB-115W-3000K
1007090,Pragmalux,Pragmalux PRX-UO component LED-PCB-115W-4000K
1007106,Pragmalux,Pragmalux PRX-UO component LED-PCB-115W-5000K
1007113,Pragmalux,Pragmalux PRX-UO component LED-PCB-115W-6500K
2004696-DA,Pragmalux,Pragmalux Re-light kit T5/T8 LED module 1129mm 25W 3800-3900lm 3000-4000K 2-CCT + Philips DALI2 driver
2004702-DA,Pragmalux,Pragmalux Re-light kit T5/T8 LED module 1429mm 31W 4700-4900lm 3000-4000K 2-CCT + Philips DALI2 driver
2004689-DA,Pragmalux,Pragmalux Re-light kit T5/T8 LED module 529mm 14W 2000-2050lm 3000-4000K 2-CCT + Philips DALI2 driver
2019645,Pragmalux,Pragmalux Re-light LED Philips DALI2 driver 20W voor LED module 529mm
2019652,Pragmalux,Pragmalux Re-light LED Philips DALI2 driver 35W voor LED module1129/1429mm
2019546,Pragmalux,Pragmalux Re-light Noodmodule set voor LED module1129/1429mm
1029832,Pragmalux,Pragmalux Skyline reserveonderdeel wing screw for locking the LED PCB board
1047515-GST3S,Pragmalux,"Pragmalux  LED Inbouw/Opbouw Downlight Luna G2 IP44 12W/18W 3000K-6000K 3-CCT 1400-2050lm Ø217 Buitenmaat - Gatmaat Ø65-185 incl. LED Driver & GST18i3 en splitter en trekontlasting, 1 in 2 uit"
1047515-GST3,Pragmalux,Pragmalux  LED Inbouw/Opbouw Downlight Luna G2 IP44 12W/18W 3000K-6000K 3-CCT 1400-2050lm Ø217 Buitenmaat - Gatmaat Ø65-185 incl. LED Driver &GST18i3
1047515-EUR,Pragmalux,Pragmalux  LED Inbouw/Opbouw Downlight Luna G2 IP44 12W/18W 3000K-6000K 3-CCT 1400-2050lm Ø217 Buitenmaat - Gatmaat Ø65-185+Driver incl. eurosnoer 2m wit
1047607-GST3S,Pragmalux,"Pragmalux  LED Inbouw/Opbouw Downlight Luna G2 IP44 15W/23W 3000K-6000K 3-CCT 1875-2875lm Ø290 Buitenmaat - Gatmaat Ø65-260 incl. LED Driver & GST18i3 en splitter en trekontlasting, 1 in 2 uit"
1047607-GST3,Pragmalux,Pragmalux  LED Inbouw/Opbouw Downlight Luna G2 IP44 15W/23W 3000K-6000K 3-CCT 1875-2875lm Ø290 Buitenmaat - Gatmaat Ø65-260 incl. LED Driver &GST18i3
1047607-EUR,Pragmalux,Pragmalux  LED Inbouw/Opbouw Downlight Luna G2 IP44 15W/23W 3000K-6000K 3-CCT 1875-2875lm Ø290 Buitenmaat - Gatmaat Ø65-260+Driver incl. eurosnoer 2m wit
1047508-GST3S,Pragmalux,"Pragmalux  LED Inbouw/Opbouw Downlight Luna G2 IP44 8W/12W 3000K-6000K 3-CCT 900-1400ml Ø165 Buitenmaat - Gatmaat Ø50-125 incl. LED Driver & GST18i3 en splitter en trekontlasting, 1 in 2 uit"
1047508-GST3,Pragmalux,Pragmalux  LED Inbouw/Opbouw Downlight Luna G2 IP44 8W/12W 3000K-6000K 3-CCT 900-1400ml Ø165 Buitenmaat - Gatmaat Ø50-125 incl. LED Driver &GST18i3
1047508-EUR,Pragmalux,Pragmalux  LED Inbouw/Opbouw Downlight Luna G2 IP44 8W/12W 3000K-6000K 3-CCT 900-1400ml Ø165 Buitenmaat - Gatmaat Ø50-125+Driver incl. eurosnoer 2m wit
2029125-ST3,Pragmalux,Pragmalux  LED Inbouw/Opbouw Downlight Luna G2 PIR wit IP54 15W/23W 3000K-6000K 3-CCT 1650-2450lm Ø300 Buitenmaat - Gatmaat Ø65-260 incl. LED Driver & 3P snoer
1047614-GST3S,Pragmalux,"Pragmalux  LED Inbouw/Opbouw Downlight Luna G2 PIR wit IP54 9W/18W 3000K-6000K 3-CCT 1025-2000lm Ø227 Buitenmaat - Gatmaat Ø65-185 incl. LED Driver & GST18i3 en splitter en trekontlasting, 1 in 2 uit"
1047614-GST3,Pragmalux,Pragmalux  LED Inbouw/Opbouw Downlight Luna G2 PIR wit IP54 9W/18W 3000K-6000K 3-CCT 1025-2000lm Ø227 Buitenmaat - Gatmaat Ø65-185 incl. LED Driver &GST18i3
1047614-EUR,Pragmalux,Pragmalux  LED Inbouw/Opbouw Downlight Luna G2 PIR wit IP54 9W/18W 3000K-6000K 3-CCT 1025-2000lm Ø227 Buitenmaat - Gatmaat Ø65-185+Driver incl. eurosnoer 2m wit
2029132-ST3,Pragmalux,Pragmalux  LED Inbouw/Opbouw Downlight Luna G2 PIR zwart IP54 15W/23W 3000K-6000K 3-CCT 1650-2450lm Ø300 Buitenmaat - Gatmaat Ø65-260 incl. LED Driver & 3P snoer
1047553-GST3,Pragmalux,Pragmalux  LED Inbouw/Opbouw Downlight Luna G2 PIR zwart IP54 9W/18W 3000K-6000K 3-CCT 1025-2000lm Ø227 Buitenmaat - Gatmaat Ø65-185 incl. LED Driver &GST18i3
1047553-GST3S,Pragmalux,"Pragmalux  LED Inbouw/Opbouw Downlight Luna G2 PIR zwart IP54 9W/18W 3000K-6000K 3-CCT 1025-2000lm Ø227 Buitenmaat - Gatmaat Ø65-185 incl. LED Driver &GST18i3 en splitter en trekontlasting, 1 in 2 uit"
1046730-PR-GST3,Pragmalux,Pragmalux Essence G2/UGR LED Driver 15-21W 340-470mA incl. GST18i3
1046730-PR-GST3S,Pragmalux,"Pragmalux Essence G2/UGR LED Driver 15-21W 340-470mA incl. GST18i3 en splitter en trekontlasting, 1 in 2 uit"
1046709-PR-EUR,Pragmalux,Pragmalux Essence G2/UGR LED Driver 3-6W 65-135mA incl. eurosnoer 2m wit
1046709-PR-GST3S,Pragmalux,"Pragmalux Essence G2/UGR LED Driver 3-6W 65-135mA incl. GST18i3 en splitter en trekontlasting, 1 in 2 uit"
1046716-PR-GST3,Pragmalux,Pragmalux Essence G2/UGR LED Driver 6-9W 135-200mA incl. GST18i3
1046716-PR-GST3S,Pragmalux,"Pragmalux Essence G2/UGR LED Driver 6-9W 135-200mA incl. GST18i3 en splitter en trekontlasting, 1 in 2 uit"
1046723-PR-GST3S,Pragmalux,"Pragmalux Essence G2/UGR LED Driver 9-15W 200-330mA incl. GST18i3 en splitter en trekontlasting, 1 in 2 uit"
1043890-PH-DA-NA,Pragmalux,Pragmalux LED Balvast Sporthalarmatuur Sparta Pro IK10 100W 4000K 13000lm DALI wit RAL9003 + Noodmodule 1 uur zelftest (440mA)
1043890-PH-NA,Pragmalux,Pragmalux LED Balvast Sporthalarmatuur Sparta Pro IK10 100W 4000K 13000lm wit RAL9003 + Noodmodule 1 uur zelftest (440mA)
1043906-PH-DA-NA,Pragmalux,Pragmalux LED Balvast Sporthalarmatuur Sparta Pro IK10 150W 4000K 18750lm DALI wit RAL9003 + Noodmodule 1 uur zelftest (675mA)
1043906-PH-NA,Pragmalux,Pragmalux LED Balvast Sporthalarmatuur Sparta Pro IK10 150W 4000K 18750lm wit RAL9003 + Noodmodule 1 uur zelftest (675mA)
1043913-PH-DA-NA,Pragmalux,Pragmalux LED Balvast Sporthalarmatuur Sparta Pro IK10 200W 4000K 25000lm DALI wit RAL9003 + Noodmodule 1 uur zelftest (440mA)
1043913-PH-NA,Pragmalux,Pragmalux LED Balvast Sporthalarmatuur Sparta Pro IK10 200W 4000K 25000lm wit RAL9003 + Noodmodule 1 uur zelftest (440mA)
5310002,Pragmalux,Pragmalux LED Bandrasterarmatuur 112x1197mm 20W 4000K Miro5 Mat  GST-5p RAL 9003 Philips Dali Driver
523120315,Pragmalux,Pragmalux LED Bandrasterarmatuur 1545mm length x 165mm width inbouw 20W 2400lm 4000K UGR<16 Hoogglans
5310003,Pragmalux,Pragmalux LED Bandrasterarmatuur 15x180cm 32W 4000K Philips Fortimo & Xitanium UGR<19 Mat Spiegeloptiek Incl. GST18 Male Uitgang
5310004,Pragmalux,Pragmalux LED Bandrasterarmatuur 15x180cm 32W 4000K Philips Fortimo & Xitanium UGR<19 Microprismatisch Lens Incl. GST18 Male Uitgang
1050874-PH-GST3,Pragmalux,Pragmalux LED Bandrasterarmatuur 1720x147 inbouw 38W 5050-5250lm 2-CCT 3000-4000K UGR<19 Micro DALI + GST18i3 0.5m + Plenum
90523118315,Pragmalux,Pragmalux LED Bandrasterarmatuur Louvre MIRO 18W 2250lm UGR<19 830 parabolische lamellen hoogglans (1x36 / 1x28w vervanger)
90523121515,Pragmalux,Pragmalux LED Bandrasterarmatuur Louvre MIRO 21W 2625lm UGR<19 840 opaale lens (1x36 / 1x28w vervanger)
2033214-PH,Pragmalux,Pragmalux LED Bandrasterarmatuur Optic matte reflector 147x1570mm 26-36W 3550-4750lm 3000K-3500K-4000K 3CCT CRI>90 UGR<16 wit RAL9003 + Philips driver + plenum
Z1089362-TC-DA-ST5,Pragmalux,Pragmalux LED Bandrasterarmatuur Optic zwarte reflector 145x1195mm 36W 4050-4400lm 3000K-3500K-4000K 3CCT CRI>90 UGR<16 wit RAL9003 + TCI DALI Driver +  5P Aansluitsnoer B2ca + plenum
Z1089379-TC-DA-ST5,Pragmalux,Pragmalux LED Bandrasterarmatuur Optic zwarte reflector 145x1195mm 36W 4050-4400lm 3000K-3500K-4000K 3CCT CRI>90 UGR<16 zwart RAL9005 + TCI DALI Driver +  5P Aansluitsnoer B2ca + plenum
Z1089409-TC-DA-ST5,Pragmalux,Pragmalux LED Bandrasterarmatuur Optic zwarte reflector 145x1495mm 36W 4050-4400lm 3000K-3500K-4000K 3CCT CRI>90 UGR<16 wit RAL9003 + TCI DALI Driver +  5P Aansluitsnoer B2ca + plenum
Z1089416-TC-DA-ST5,Pragmalux,Pragmalux LED Bandrasterarmatuur Optic zwarte reflector 145x1495mm 36W 4050-4400lm 3000K-3500K-4000K 3CCT CRI>90 UGR<16 zwart RAL9005 + TCI DALI Driver +  5P Aansluitsnoer B2ca + plenum
Z1089423-TC-DA-ST5,Pragmalux,Pragmalux LED Bandrasterarmatuur Optic zwarte reflector 145x1720mm 36W 4050-4400lm 3000K-3500K-4000K 3CCT CRI>90 UGR<16 wit RAL9003 + TCI DALI Driver +  5P Aansluitsnoer B2ca + plenum
Z1089430-TC-DA-ST5,Pragmalux,Pragmalux LED Bandrasterarmatuur Optic zwarte reflector 145x1720mm 36W 4050-4400lm 3000K-3500K-4000K 3CCT CRI>90 UGR<16 zwart RAL9005 + TCI DALI Driver +  5P Aansluitsnoer B2ca + plenum
Z1089386-TC-DA-ST5,Pragmalux,Pragmalux LED Bandrasterarmatuur Optic zwarte reflector 30x150cm 36W 4050-4400lm 3000K-3500K-4000K 3CCT CRI>90 UGR<16 wit RAL9003 + TCI DALI Driver +  5P Aansluitsnoer B2ca + plenum
Z1089393-TC-DA-ST5,Pragmalux,Pragmalux LED Bandrasterarmatuur Optic zwarte reflector 30x150cm 36W 4050-4400lm 3000K-3500K-4000K 3CCT CRI>90 UGR<16 zwart RAL9005 + TCI DALI Driver +  5P Aansluitsnoer B2ca + plenum
1000152-DA,Pragmalux,"Pragmalux LED Bulkhead Venus G2 DALI2 IP65 5,5W-19,5W 3000K-5000K 3-CCT 550-2250lm Ø300 (450mA)"
1000152-DA-N,Pragmalux,"Pragmalux LED Bulkhead Venus G2 DALI2 IP65 5,5W-19,5W 3000K-5000K 3-CCT 550-2250lm Ø300 + noodmodule 1H autotest (450mA)"
1048482-S,Pragmalux,"Pragmalux LED Bulkhead Venus G2 IP65 24-42V AC/DC  2,75W-5W 3000K-5000K 3-CCT 295-570lm Ø300 + bewegingssensor"
1048482-DS,Pragmalux,"Pragmalux LED Bulkhead Venus G2 IP65 24-42V AC/DC 2,75W-5W 3000K-5000K 3-CCT 295-570lm Ø300 + daglichtsensor"
1048451-DS,Pragmalux,Pragmalux LED Bulkhead Venus G2 IP65 24-42V AC/DC 8W-18W 3000K-5000K 3-CCT 900-2025lm Ø300 + daglichtsensor
WO1046761-TC-DA-ST5,Pragmalux,Pragmalux LED Downlight Essence G2 IP54 wit opbouw max. 15W 3000K-6000K 3-CCT max. 1650lm 100D Ø150x80(H) Buitenmaat incl. TCI DALI Driver incl.  5P Aansluitsnoer B2ca
WO1046761-TC-DA-ST5S,Pragmalux,"Pragmalux LED Downlight Essence G2 IP54 wit opbouw max. 15W 3000K-6000K 3-CCT max. 1650lm 100D Ø150x80(H) Buitenmaat incl. TCI DALI Driver incl.  5P Aansluitsnoer en splitter en trekontlasting, 1 in 2"
WO1046778-TC-DA-ST5,Pragmalux,Pragmalux LED Downlight Essence G2 IP54 wit opbouw max. 21W 3000K-6000K 3-CCT max. 2450lm 100D Ø200x80(H) Buitenmaat incl. TCI DALI Driver incl.  5P Aansluitsnoer B2ca
WO1046778-TC-DA-ST5S,Pragmalux,"Pragmalux LED Downlight Essence G2 IP54 wit opbouw max. 21W 3000K-6000K 3-CCT max. 2450lm 100D Ø200x80(H) Buitenmaat incl. TCI DALI Driver incl.  5P Aansluitsnoer en splitter en trekontlasting, 1 in 2"
WS1046761-TC-DA-ST5,Pragmalux,Pragmalux LED Downlight Essence G2 IP54 wit standaard max. 15W 3000K-6000K 3-CCT max. 1650lm 100D Ø200 Buitenmaat - Gatmaat Ø150 incl. TCI DALI Driver incl.  5P Aansluitsnoer B2ca
WS1046761-TC-DA-ST5S,Pragmalux,Pragmalux LED Downlight Essence G2 IP54 wit standaard max. 15W 3000K-6000K 3-CCT max. 1650lm 100D Ø200 Buitenmaat - Gatmaat Ø150 incl. TCI DALI Driver incl.  5P Aansluitsnoer en splitter en trekontlas
WS1046778-TC-DA-ST5,Pragmalux,Pragmalux LED Downlight Essence G2 IP54 wit standaard max. 21W 3000K-6000K 3-CCT max. 2450lm 100D Ø250 Buitenmaat - Gatmaat Ø200 incl. TCI DALI Driver incl.  5P Aansluitsnoer B2ca
WS1046778-TC-DA-ST5S,Pragmalux,Pragmalux LED Downlight Essence G2 IP54 wit standaard max. 21W 3000K-6000K 3-CCT max. 2450lm 100D Ø250 Buitenmaat - Gatmaat Ø200 incl. TCI DALI Driver incl.  5P Aansluitsnoer en splitter en trekontlas
WV1046761-TC-DA-ST5,Pragmalux,Pragmalux LED Downlight Essence G2 IP54 wit verdiept max. 15W 3000K-6000K 3-CCT max. 1650lm 100D Ø176 Buitenmaat - Gatmaat Ø150 incl. TCI DALI Driver incl.  5P Aansluitsnoer B2ca
WV1046761-TC-DA-ST5S,Pragmalux,Pragmalux LED Downlight Essence G2 IP54 wit verdiept max. 15W 3000K-6000K 3-CCT max. 1650lm 100D Ø176 Buitenmaat - Gatmaat Ø150 incl. TCI DALI Driver incl.  5P Aansluitsnoer en splitter en trekontlast
WV1046778-TC-DA-ST5,Pragmalux,Pragmalux LED Downlight Essence G2 IP54 wit verdiept max. 21W 3000K-6000K 3-CCT max. 2450lm 100D Ø226 Buitenmaat - Gatmaat Ø200 incl. TCI DALI Driver incl.  5P Aansluitsnoer B2ca
WV1046778-TC-DA-ST5S,Pragmalux,Pragmalux LED Downlight Essence G2 IP54 wit verdiept max. 21W 3000K-6000K 3-CCT max. 2450lm 100D Ø226 Buitenmaat - Gatmaat Ø200 incl. TCI DALI Driver incl.  5P Aansluitsnoer en splitter en trekontlast
WV1046754,Pragmalux,Pragmalux LED Downlight Essence G2 IP54 wit verdiept max. 9W 3000K-6000K 3-CCT max. 1000lm 100D Ø146 Buitenmaat - Gatmaat Ø120 excl. LED Driver
ZO1046761-TC-DA-ST5,Pragmalux,Pragmalux LED Downlight Essence G2 IP54 zwart opbouw max. 15W 3000K-6000K 3-CCT max. 1650lm 100D Ø150x80(H) Buitenmaat incl. TCI DALI Driver incl.  5P Aansluitsnoer B2ca
ZO1046761-TC-DA-ST5S,Pragmalux,"Pragmalux LED Downlight Essence G2 IP54 zwart opbouw max. 15W 3000K-6000K 3-CCT max. 1650lm 100D Ø150x80(H) Buitenmaat incl. TCI DALI Driver incl.  5P Aansluitsnoer en splitter en trekontlasting, 1 in"
ZO1046778-TC-DA-ST5,Pragmalux,Pragmalux LED Downlight Essence G2 IP54 zwart opbouw max. 21W 3000K-6000K 3-CCT max. 2450lm 100D Ø200x80(H) Buitenmaat incl. TCI DALI Driver incl.  5P Aansluitsnoer B2ca
ZO1046778-TC-DA-ST5S,Pragmalux,"Pragmalux LED Downlight Essence G2 IP54 zwart opbouw max. 21W 3000K-6000K 3-CCT max. 2450lm 100D Ø200x80(H) Buitenmaat incl. TCI DALI Driver incl.  5P Aansluitsnoer en splitter en trekontlasting, 1 in"
ZS1046761-TC-DA-ST5,Pragmalux,Pragmalux LED Downlight Essence G2 IP54 zwart standaard max. 15W 3000K-6000K 3-CCT max. 1650lm 100D Ø200 Buitenmaat - Gatmaat Ø150 incl. TCI DALI Driver incl.  5P Aansluitsnoer B2ca
ZS1046761-TC-DA-ST5S,Pragmalux,Pragmalux LED Downlight Essence G2 IP54 zwart standaard max. 15W 3000K-6000K 3-CCT max. 1650lm 100D Ø200 Buitenmaat - Gatmaat Ø150 incl. TCI DALI Driver incl.  5P Aansluitsnoer en splitter en trekontl
ZS1046778-TC-DA-ST5,Pragmalux,Pragmalux LED Downlight Essence G2 IP54 zwart standaard max. 21W 3000K-6000K 3-CCT max. 2450lm 100D Ø250 Buitenmaat - Gatmaat Ø200 incl. TCI DALI Driver incl.  5P Aansluitsnoer B2ca
ZS1046778-TC-DA-ST5S,Pragmalux,Pragmalux LED Downlight Essence G2 IP54 zwart standaard max. 21W 3000K-6000K 3-CCT max. 2450lm 100D Ø250 Buitenmaat - Gatmaat Ø200 incl. TCI DALI Driver incl.  5P Aansluitsnoer en splitter en trekontl
ZS1046747,Pragmalux,Pragmalux LED Downlight Essence G2 IP54 zwart standaard max. 6W 3000K-6000K 3-CCT max. 690lm 100D Ø110 Buitenmaat - Gatmaat Ø90 excl. LED Driver
ZS1046754,Pragmalux,Pragmalux LED Downlight Essence G2 IP54 zwart standaard max. 9W 3000K-6000K 3-CCT max. 1000lm 100D Ø146 Buitenmaat - Gatmaat Ø120 excl. LED Driver
ZV1046761-TC-DA,Pragmalux,Pragmalux LED Downlight Essence G2 IP54 zwart verdiept max. 15W 3000K-6000K 3-CCT max. 1650lm 100D Ø176 B - G Ø150 incl. TCI DALI Driver
ZV1046761-TC-DA-ST5,Pragmalux,Pragmalux LED Downlight Essence G2 IP54 zwart verdiept max. 15W 3000K-6000K 3-CCT max. 1650lm 100D Ø176 B - G Ø150 incl. TCI DALI Driver incl.  5P Aansluitsnoer B2ca
ZV1046761-TC-DA-ST5S,Pragmalux,Pragmalux LED Downlight Essence G2 IP54 zwart verdiept max. 15W 3000K-6000K 3-CCT max. 1650lm 100D Ø176 B - G Ø150 incl. TCI DALI Driver incl.  5P Aansluitsnoer en splitter en trekontla
ZV1046761-TC-DA-ST3,Pragmalux,Pragmalux LED Downlight Essence G2 IP54 zwart verdiept max. 15W 3000K-6000K 3-CCT max. 1650lm 100D Ø176 B - G Ø150 incl. TCI DALI Driver incl. 3P snoer
ZV1046761-TC-DA-ST3S,Pragmalux,"Pragmalux LED Downlight Essence G2 IP54 zwart verdiept max. 15W 3000K-6000K 3-CCT max. 1650lm 100D Ø176 B - G Ø150 incl. TCI DALI Driver incl. 3P snoer /splitter, 1 in 2 uit"
ZV1046778-TC-DA,Pragmalux,Pragmalux LED Downlight Essence G2 IP54 zwart verdiept max. 21W 3000K-6000K 3-CCT max. 2450lm 100D Ø226 B - G Ø200 incl. TCI DALI Driver
ZV1046778-TC-DA-ST5,Pragmalux,Pragmalux LED Downlight Essence G2 IP54 zwart verdiept max. 21W 3000K-6000K 3-CCT max. 2450lm 100D Ø226 B - G Ø200 incl. TCI DALI Driver incl.  5P Aansluitsnoer B2ca
ZV1046778-TC-DA-ST5S,Pragmalux,Pragmalux LED Downlight Essence G2 IP54 zwart verdiept max. 21W 3000K-6000K 3-CCT max. 2450lm 100D Ø226 B - G Ø200 incl. TCI DALI Driver incl.  5P Aansluitsnoer en splitter en trekontlast
ZV1046778-TC-DA-ST3,Pragmalux,Pragmalux LED Downlight Essence G2 IP54 zwart verdiept max. 21W 3000K-6000K 3-CCT max. 2450lm 100D Ø226 B - G Ø200 incl. TCI DALI Driver incl. 3P snoer
ZV1046778-TC-DA-ST3S,Pragmalux,"Pragmalux LED Downlight Essence G2 IP54 zwart verdiept max. 21W 3000K-6000K 3-CCT max. 2450lm 100D Ø226 B - G Ø200 incl. TCI DALI Driver incl. 3P snoer /splitter, 1 in 2 uit"
ZV1046747,Pragmalux,Pragmalux LED Downlight Essence G2 IP54 zwart verdiept max. 6W 3000K-6000K 3-CCT max. 690lm 100D Ø110 Buitenmaat - Gatmaat Ø90 excl. LED Driver
ZV1046754,Pragmalux,Pragmalux LED Downlight Essence G2 IP54 zwart verdiept max. 9W 3000K-6000K 3-CCT max. 1000lm 100D Ø146 Buitenmaat - Gatmaat Ø120 excl. LED Driver
1046686-TC-DA-ST5,Pragmalux,Pragmalux LED Downlight Essence UGR IP54 wit max. 15W 3000K-6000K 3-CCT max. 2000lm 60D Ø176 Buitenmaat - Gatmaat Ø150 UGR<19 incl. TCI DALI Driver incl.  5P Aansluitsnoer B2ca
1046686-TC-DA-ST5S,Pragmalux,Pragmalux LED Downlight Essence UGR IP54 wit max. 15W 3000K-6000K 3-CCT max. 2000lm 60D Ø176 Buitenmaat - Gatmaat Ø150 UGR<19 incl. TCI DALI Driver incl.  5P Aansluitsnoer en splitter en trekontlastin
1046693-TC-DA-ST5,Pragmalux,Pragmalux LED Downlight Essence UGR IP54 wit max. 21W 3000K-6000K 3-CCT max. 2800lm 60D Ø226 Buitenmaat - Gatmaat Ø200 UGR<19 incl. TCI DALI Driver incl.  5P Aansluitsnoer B2ca
1046693-TC-DA-ST5S,Pragmalux,Pragmalux LED Downlight Essence UGR IP54 wit max. 21W 3000K-6000K 3-CCT max. 2800lm 60D Ø226 Buitenmaat - Gatmaat Ø200 UGR<19 incl. TCI DALI Driver incl.  5P Aansluitsnoer en splitter en trekontlastin
Z1046686-TC-DA-ST5,Pragmalux,Pragmalux LED Downlight Essence UGR IP54 zwart max. 15W 3000K-6000K 3-CCT max. 2000lm 60D Ø176 Buitenmaat - Gatmaat Ø150 UGR<19 incl. TCI DALI Driver incl.  5P Aansluitsnoer B2ca
Z1046686-TC-DA-ST5S,Pragmalux,Pragmalux LED Downlight Essence UGR IP54 zwart max. 15W 3000K-6000K 3-CCT max. 2000lm 60D Ø176 Buitenmaat - Gatmaat Ø150 UGR<19 incl. TCI DALI Driver incl.  5P Aansluitsnoer en splitter en trekontlast
Z1046693-TC-DA-ST5,Pragmalux,Pragmalux LED Downlight Essence UGR IP54 zwart max. 21W 3000K-6000K 3-CCT max. 2800lm 60D Ø226 Buitenmaat - Gatmaat Ø200 UGR<19 incl. TCI DALI Driver incl.  5P Aansluitsnoer B2ca
Z1046693-TC-DA-ST5S,Pragmalux,Pragmalux LED Downlight Essence UGR IP54 zwart max. 21W 3000K-6000K 3-CCT max. 2800lm 60D Ø226 Buitenmaat - Gatmaat Ø200 UGR<19 incl. TCI DALI Driver incl.  5P Aansluitsnoer en splitter en trekontlast
Z1028477-PR-UN20,Pragmalux,"Pragmalux LED Downlight Fora IP65 Ø150 - Ø125 10-20W 900-2000lm 3000K-4000K 2-CCT zwart +Universele LED Driver (DALI2, 1-10V, Push-dim)"
Z1028477-PR-IP65,Pragmalux,Pragmalux LED Downlight Fora IP65 Ø150 - Ø125 13W 1300-1350lm 3000K-4000K 2-CCT zwart +IP65 Driver
1028477-PH30-700,Pragmalux,Pragmalux LED Downlight Fora IP65 Ø150 - Ø125 20-25W 1850-2550lm 3000K-4000K 2-CCT wit +Philips Driver
1028484-PH20-350,Pragmalux,Pragmalux LED Downlight Fora IP65 Ø172 - Ø150 10-20W 900-2000lm 3000K-4000K 2-CCT wit +Philips Driver
Z1028484-PR-UN20,Pragmalux,"Pragmalux LED Downlight Fora IP65 Ø172 - Ø150 10-20W 900-2000lm 3000K-4000K 2-CCT zwart +Universele LED Driver (DALI2, 1-10V, Push-dim)"
1028484-PH30-700,Pragmalux,Pragmalux LED Downlight Fora IP65 Ø172 - Ø150 20-26W 1850-2800lm 3000K-4000K 2-CCT wit +Philips Driver
Z1028484-PR-IP65,Pragmalux,Pragmalux LED Downlight Fora IP65 Ø172 - Ø150 23W 2300-2350lm 3000K-4000K 2-CCT zwart +IP65 Driver
1028484-PR-UN40-GST5S,Pragmalux,"Pragmalux LED Downlight Fora IP65 Ø172 - Ø150 25-30W 2350-3250lm 3000K-4000K 2-CCT wit +Universele LED Driver (DALI2, 1-10V, Push-dim) incl. GST18i5 en splitter en trekontlasting, 1 in 2 uit"
1028484-PR-UN40-GST5,Pragmalux,"Pragmalux LED Downlight Fora IP65 Ø172 - Ø150 25-30W 2350-3250lm 3000K-4000K 2-CCT wit +Universele LED Driver (DALI2, 1-10V, Push-dim) incl.GST18i5"
Z1028484-PR-UN40,Pragmalux,"Pragmalux LED Downlight Fora IP65 Ø172 - Ø150 25-30W 2350-3250lm 3000K-4000K 2-CCT zwart +Universele LED Driver (DALI2, 1-10V, Push-dim)"
Z1028484-PR-UN40-GST5S,Pragmalux,"Pragmalux LED Downlight Fora IP65 Ø172 - Ø150 25-30W 2350-3250lm 3000K-4000K 2-CCT zwart +Universele LED Driver (DALI2, 1-10V, Push-dim) incl. GST18i5 en splitter en trekontlasting, 1 in 2 uit"
Z1028484-PR-UN40-GST5,Pragmalux,"Pragmalux LED Downlight Fora IP65 Ø172 - Ø150 25-30W 2350-3250lm 3000K-4000K 2-CCT zwart +Universele LED Driver (DALI2, 1-10V, Push-dim) incl.GST18i5"
1028491-PH20-350,Pragmalux,Pragmalux LED Downlight Fora IP65 Ø235 - Ø200 10-20W 900-2000lm 3000K-4000K 2-CCT wit +Philips Driver
Z1028491-PR-UN20,Pragmalux,"Pragmalux LED Downlight Fora IP65 Ø235 - Ø200 10-20W 900-2000lm 3000K-4000K 2-CCT zwart +Universele LED Driver (DALI2, 1-10V, Push-dim)"
1028491-PH30-700,Pragmalux,Pragmalux LED Downlight Fora IP65 Ø235 - Ø200 20-26W 1850-2800lm 3000K-4000K 2-CCT wit +Philips Driver
1028491-PR-UN40-GST5S,Pragmalux,"Pragmalux LED Downlight Fora IP65 Ø235 - Ø200 25-35W 2400-3550lm 3000K-4000K 2-CCT wit +Universele LED Driver (DALI2, 1-10V, Push-dim) incl. GST18i5 en splitter en trekontlasting, 1 in 2 uit"
1028491-PR-UN40-GST5,Pragmalux,"Pragmalux LED Downlight Fora IP65 Ø235 - Ø200 25-35W 2400-3550lm 3000K-4000K 2-CCT wit +Universele LED Driver (DALI2, 1-10V, Push-dim) incl.GST18i5"
Z1028491-PR-UN40,Pragmalux,"Pragmalux LED Downlight Fora IP65 Ø235 - Ø200 25-35W 2400-3550lm 3000K-4000K 2-CCT zwart +Universele LED Driver (DALI2, 1-10V, Push-dim)"
Z1028491-PR-UN40-GST5S,Pragmalux,"Pragmalux LED Downlight Fora IP65 Ø235 - Ø200 25-35W 2400-3550lm 3000K-4000K 2-CCT zwart +Universele LED Driver (DALI2, 1-10V, Push-dim) incl. GST18i5 en splitter en trekontlasting, 1 in 2 uit"
Z1028491-PR-UN40-GST5,Pragmalux,"Pragmalux LED Downlight Fora IP65 Ø235 - Ø200 25-35W 2400-3550lm 3000K-4000K 2-CCT zwart +Universele LED Driver (DALI2, 1-10V, Push-dim) incl.GST18i5"
Z1028491-PR-IP65,Pragmalux,Pragmalux LED Downlight Fora IP65 Ø235 - Ø200 38W 3800-3850lm 3000K-4000K 2-CCT zwart +IP65 Driver
2029217-PH,Pragmalux,Pragmalux LED Downlight Mondial COB IP54 facet reflector wit standaard max. 38W max. 4200lm 3000K CRI>90 UGR<19 60D Ø226 Buitenmaat - Gatmaat Ø200-210 +Philips driver
2029217-DA,Pragmalux,Pragmalux LED Downlight Mondial COB IP54 facet reflector wit standaard max. 38W max. 4200lm 3000K CRI>90 UGR<19 60D Ø226 Buitenmaat - Gatmaat Ø200-210+ TCI DALI Driver
2029217-PH-ST3,Pragmalux,Pragmalux LED Downlight Mondial COB IP54 facet reflector wit standaard max. 38W max. 4200lm 3000K CRI>90 UGR<19 60D Ø226 Buitenmaat - Gatmaat Ø200-210+Philips driver incl.3P snoer
2029217-PH-EUR,Pragmalux,Pragmalux LED Downlight Mondial COB IP54 facet reflector wit standaard max. 38W max. 4200lm 3000K CRI>90 UGR<19 60D Ø226 Buitenmaat - Gatmaat Ø200-210+Philips driver incl.eurosnoer 2m wit
2029217-PH-ST3S,Pragmalux,"Pragmalux LED Downlight Mondial COB IP54 facet reflector wit standaard max. 38W max. 4200lm 3000K CRI>90 UGR<19 60D Ø226 Buitenmaat - GatmaatØ200-210+Philips driver incl.3P snoer/splitter, 1 in 2uit"
2029200-PH,Pragmalux,Pragmalux LED Downlight Mondial COB IP54 facet reflector wit standaard max. 38W max. 4400lm 4000K CRI>90 UGR<19 60D Ø226 Buitenmaat - Gatmaat Ø200-210 +Philips driver
2029200-PH-ST3,Pragmalux,Pragmalux LED Downlight Mondial COB IP54 facet reflector wit standaard max. 38W max. 4400lm 4000K CRI>90 UGR<19 60D Ø226 Buitenmaat - Gatmaat Ø200-210 +Philips driver incl.3P snoer
2029200-DA,Pragmalux,Pragmalux LED Downlight Mondial COB IP54 facet reflector wit standaard max. 38W max. 4400lm 4000K CRI>90 UGR<19 60D Ø226 Buitenmaat - Gatmaat Ø200-210+ TCI DALI Driver
2029200-PH-EUR,Pragmalux,Pragmalux LED Downlight Mondial COB IP54 facet reflector wit standaard max. 38W max. 4400lm 4000K CRI>90 UGR<19 60D Ø226 Buitenmaat - Gatmaat Ø200-210+Philips driver incl.eurosnoer 2m wit
2029200-PH-ST3S,Pragmalux,"Pragmalux LED Downlight Mondial COB IP54 facet reflector wit standaard max. 38W max. 4400lm 4000K CRI>90 UGR<19 60D Ø226 Buitenmaat - GatmaatØ200-210+Philips driver incl.3P snoer/splitter, 1 in 2uit"
Z2029217-PH,Pragmalux,Pragmalux LED Downlight Mondial COB IP54 facet reflector zwart standaard max. 38W max. 4200lm 3000K CRI>90 UGR<19 60D Ø226 Buitenmaat - Gatmaat Ø200-210 +Philips driver
Z2029217,Pragmalux,Pragmalux LED Downlight Mondial COB IP54 facet reflector zwart standaard max. 38W max. 4200lm 3000K CRI>90 UGR<19 60D Ø226 Buitenmaat - Gatmaat Ø200-210 excl. LED Driver
Z2029217-DA,Pragmalux,Pragmalux LED Downlight Mondial COB IP54 facet reflector zwart standaard max. 38W max. 4200lm 3000K CRI>90 UGR<19 60D Ø226 Buitenmaat - Gatmaat Ø200-210+ TCI DALI Driver
Z2029217-PH-ST3,Pragmalux,Pragmalux LED Downlight Mondial COB IP54 facet reflector zwart standaard max. 38W max. 4200lm 3000K CRI>90 UGR<19 60D Ø226 Buitenmaat - Gatmaat Ø200-210+Philips driver incl.3P snoer
Z2029217-PH-EUR,Pragmalux,Pragmalux LED Downlight Mondial COB IP54 facet reflector zwart standaard max. 38W max. 4200lm 3000K CRI>90 UGR<19 60D Ø226 Buitenmaat - Gatmaat Ø200-210+Philips driver incl.eurosnoer 2m wit
Z2029217-PH-ST3S,Pragmalux,"Pragmalux LED Downlight Mondial COB IP54 facet reflector zwart standaard max. 38W max. 4200lm 3000K CRI>90 UGR<19 60D Ø226 Buitenmaat - GatmaatØ200-210+Philips driver incl.3P snoer/splitter, 1 in 2uit"
Z2029200-PH,Pragmalux,Pragmalux LED Downlight Mondial COB IP54 facet reflector zwart standaard max. 38W max. 4400lm 4000K CRI>90 UGR<19 60D Ø226 Buitenmaat - Gatmaat Ø200-210 +Philips driver
Z2029200,Pragmalux,Pragmalux LED Downlight Mondial COB IP54 facet reflector zwart standaard max. 38W max. 4400lm 4000K CRI>90 UGR<19 60D Ø226 Buitenmaat - Gatmaat Ø200-210 excl. LED Driver
Z2029200-DA,Pragmalux,Pragmalux LED Downlight Mondial COB IP54 facet reflector zwart standaard max. 38W max. 4400lm 4000K CRI>90 UGR<19 60D Ø226 Buitenmaat - Gatmaat Ø200-210+ TCI DALI Driver
Z2029200-PH-ST3,Pragmalux,Pragmalux LED Downlight Mondial COB IP54 facet reflector zwart standaard max. 38W max. 4400lm 4000K CRI>90 UGR<19 60D Ø226 Buitenmaat - Gatmaat Ø200-210+Philips driver incl.3P snoer
Z2029200-PH-EUR,Pragmalux,Pragmalux LED Downlight Mondial COB IP54 facet reflector zwart standaard max. 38W max. 4400lm 4000K CRI>90 UGR<19 60D Ø226 Buitenmaat - Gatmaat Ø200-210+Philips driver incl.eurosnoer 2m wit
Z2029200-PH-ST3S,Pragmalux,"Pragmalux LED Downlight Mondial COB IP54 facet reflector zwart standaard max. 38W max. 4400lm 4000K CRI>90 UGR<19 60D Ø226 Buitenmaat - GatmaatØ200-210+Philips driver incl.3P snoer/splitter, 1 in 2uit"
WPF1092379-TC-DA-ST5,Pragmalux,Pragmalux LED Downlight Mondial IP54 facet wit plat 16W 1800lm 3000K-3500K-4000K 3-CCT CRI>90 UGR<19 60D BØ132 - GØ120 +TCI DALI Driver incl.  5P Aansluitsnoer B2ca
WPF1092379-TC-DA-ST5S,Pragmalux,"Pragmalux LED Downlight Mondial IP54 facet wit plat 16W 1800lm 3000K-3500K-4000K 3-CCT CRI>90 UGR<19 60D BØ132 - GØ120 +TCI DALI Driver incl.  5P Aansluitsnoer en splitter en trekontlasting, 1 in 2 ui"
WPF1092386-TC-DA-ST5,Pragmalux,"Pragmalux LED Downlight Mondial IP54 facet wit plat 19,5W 2450lm 3000K-3500K-4000K 3-CCT CRI>90 UGR<19 60D BØ168 - GØ150 +TCI DALI Driver incl.  5P Aansluitsnoer B2ca"
WPF1092386-TC-DA-ST5S,Pragmalux,"Pragmalux LED Downlight Mondial IP54 facet wit plat 19,5W 2450lm 3000K-3500K-4000K 3-CCT CRI>90 UGR<19 60D BØ168 - GØ150 +TCI DALI Driver incl.  5P Aansluitsnoer en splitter en trekontlasting, 1 in 2"
WPF1092393-TC-DA-ST5,Pragmalux,"Pragmalux LED Downlight Mondial IP54 facet wit plat 25,5W 3200lm 3000K-3500K-4000K 3-CCT CRI>90 UGR<19 60D BØ214 - GØ200 +TCI DALI Driver incl.  5P Aansluitsnoer B2ca"
WPF1092393-TC-DA-ST5S,Pragmalux,"Pragmalux LED Downlight Mondial IP54 facet wit plat 25,5W 3200lm 3000K-3500K-4000K 3-CCT CRI>90 UGR<19 60D BØ214 - GØ200 +TCI DALI Driver incl.  5P Aansluitsnoer en splitter en trekontlasting, 1 in 2"
WSF1092379-TC-DA-ST5,Pragmalux,Pragmalux LED Downlight Mondial IP54 facet wit standaard 16W 1800lm 3000K-3500K-4000K 3-CCT CRI>90 UGR<19 60D BØ146 - GØ120-130 +TCI DALI Driver incl.  5P Aansluitsnoer B2ca
WSF1092379-TC-DA-ST5S,Pragmalux,"Pragmalux LED Downlight Mondial IP54 facet wit standaard 16W 1800lm 3000K-3500K-4000K 3-CCT CRI>90 UGR<19 60D BØ146 - GØ120-130 +TCI DALI Driver incl.  5P Aansluitsnoer en splitter en trekontlasting,"
WSF1092386-TC-DA-ST5,Pragmalux,"Pragmalux LED Downlight Mondial IP54 facet wit standaard 19,5W 2450lm 3000K-3500K-4000K 3-CCT CRI>90 UGR<19 60D BØ176 - GØ150-160 +TCI DALI Driver incl.  5P Aansluitsnoer B2ca"
WSF1092386-TC-DA-ST5S,Pragmalux,"Pragmalux LED Downlight Mondial IP54 facet wit standaard 19,5W 2450lm 3000K-3500K-4000K 3-CCT CRI>90 UGR<19 60D BØ176 - GØ150-160 +TCI DALI Driver incl.  5P Aansluitsnoer en splitter en trekontlasting"
WSGF1092386-TC-DA-ST5,Pragmalux,"Pragmalux LED Downlight Mondial IP54 facet wit standaard 19,5W 2450lm 3000K-3500K-4000K 3-CCT CRI>90 UGR<19 60D BØ200 - GØ150-190 +TCI DALI Driver incl.  5P Aansluitsnoer B2ca"
WSGF1092386-TC-DA-ST5S,Pragmalux,"Pragmalux LED Downlight Mondial IP54 facet wit standaard 19,5W 2450lm 3000K-3500K-4000K 3-CCT CRI>90 UGR<19 60D BØ200 - GØ150-190 +TCI DALI Driver incl.  5P Aansluitsnoer en splitter en trekontlasting"
WSF1092393-TC-DA-ST5,Pragmalux,"Pragmalux LED Downlight Mondial IP54 facet wit standaard 25,5W 3200lm 3000K-3500K-4000K 3-CCT CRI>90 UGR<19 60D BØ226 - GØ200-210 +TCI DALI Driver incl.  5P Aansluitsnoer B2ca"
WSF1092393-TC-DA-ST5S,Pragmalux,"Pragmalux LED Downlight Mondial IP54 facet wit standaard 25,5W 3200lm 3000K-3500K-4000K 3-CCT CRI>90 UGR<19 60D BØ226 - GØ200-210 +TCI DALI Driver incl.  5P Aansluitsnoer en splitter en trekontlasting"
WSGF1092393-TC-DA-ST5,Pragmalux,"Pragmalux LED Downlight Mondial IP54 facet wit standaard 25,5W 3200lm 3000K-3500K-4000K 3-CCT CRI>90 UGR<19 60D BØ250 - GØ200-240 +TCI DALI Driver incl.  5P Aansluitsnoer B2ca"
WSGF1092393-TC-DA-ST5S,Pragmalux,"Pragmalux LED Downlight Mondial IP54 facet wit standaard 25,5W 3200lm 3000K-3500K-4000K 3-CCT CRI>90 UGR<19 60D BØ250 - GØ200-240 +TCI DALI Driver incl.  5P Aansluitsnoer en splitter en trekontlasting"
WVF1092379-TC-DA-ST5,Pragmalux,Pragmalux LED Downlight Mondial IP54 facet wit verdiept 16W 1800lm 3000K-3500K-4000K 3-CCT CRI>90 UGR<19 60D BØ146 - GØ120-130 +TCI DALI Driver incl.  5P Aansluitsnoer B2ca
WVF1092379-TC-DA-ST5S,Pragmalux,"Pragmalux LED Downlight Mondial IP54 facet wit verdiept 16W 1800lm 3000K-3500K-4000K 3-CCT CRI>90 UGR<19 60D BØ146 - GØ120-130 +TCI DALI Driver incl.  5P Aansluitsnoer en splitter en trekontlasting, 1"
WVF1092386-TC-DA-ST5,Pragmalux,"Pragmalux LED Downlight Mondial IP54 facet wit verdiept 19,5W 2450lm 3000K-3500K-4000K 3-CCT CRI>90 UGR<19 60D BØ176 - GØ150-160 +TCI DALI Driver incl.  5P Aansluitsnoer B2ca"
WVF1092386-TC-DA-ST5S,Pragmalux,"Pragmalux LED Downlight Mondial IP54 facet wit verdiept 19,5W 2450lm 3000K-3500K-4000K 3-CCT CRI>90 UGR<19 60D BØ176 - GØ150-160 +TCI DALI Driver incl.  5P Aansluitsnoer en splitter en trekontlasting,"
WVF1092393-TC-DA-ST5,Pragmalux,"Pragmalux LED Downlight Mondial IP54 facet wit verdiept 25,5W 3200lm 3000K-3500K-4000K 3-CCT CRI>90 UGR<19 60D BØ226 - GØ200-210 +TCI DALI Driver incl.  5P Aansluitsnoer B2ca"
WVF1092393-TC-DA-ST5S,Pragmalux,"Pragmalux LED Downlight Mondial IP54 facet wit verdiept 25,5W 3200lm 3000K-3500K-4000K 3-CCT CRI>90 UGR<19 60D BØ226 - GØ200-210 +TCI DALI Driver incl.  5P Aansluitsnoer en splitter en trekontlasting,"
ZPF1092379-TC-DA-ST5,Pragmalux,Pragmalux LED Downlight Mondial IP54 facet zwart plat 16W 1700-1800lm 3000K-3500K-4000K 3-CCT CRI>90 UGR<19 60D BØ132 - GØ120 +TCI DALI Driver incl.  5P Aansluitsnoer B2ca
ZPF1092379-TC-DA-ST5S,Pragmalux,"Pragmalux LED Downlight Mondial IP54 facet zwart plat 16W 1700-1800lm 3000K-3500K-4000K 3-CCT CRI>90 UGR<19 60D BØ132 - GØ120 +TCI DALI Driver incl.  5P Aansluitsnoer en splitter en trekontlasting, 1"
ZPF1092386-TC-DA-ST5,Pragmalux,"Pragmalux LED Downlight Mondial IP54 facet zwart plat 19,5W 2275-2450lm 3000K-3500K-4000K 3-CCT CRI>90 UGR<19 60D BØ168 - GØ150 +TCI DALI Driver incl.  5P Aansluitsnoer B2ca"
ZPF1092386-TC-DA-ST5S,Pragmalux,"Pragmalux LED Downlight Mondial IP54 facet zwart plat 19,5W 2275-2450lm 3000K-3500K-4000K 3-CCT CRI>90 UGR<19 60D BØ168 - GØ150 +TCI DALI Driver incl.  5P Aansluitsnoer en splitter en trekontlasting,"
ZPF1092393-TC-DA-ST5,Pragmalux,"Pragmalux LED Downlight Mondial IP54 facet zwart plat 25,5W 3050-3200lm 3000K-3500K-4000K 3-CCT CRI>90 UGR<19 60D BØ214 - GØ200 +TCI DALI Driver incl.  5P Aansluitsnoer B2ca"
ZPF1092393-TC-DA-ST5S,Pragmalux,"Pragmalux LED Downlight Mondial IP54 facet zwart plat 25,5W 3050-3200lm 3000K-3500K-4000K 3-CCT CRI>90 UGR<19 60D BØ214 - GØ200 +TCI DALI Driver incl.  5P Aansluitsnoer en splitter en trekontlasting,"
ZSF1092379-TC-DA-ST5,Pragmalux,Pragmalux LED Downlight Mondial IP54 facet zwart standaard 16W 1700-1800lm 3000K-3500K-4000K 3-CCT CRI>90 UGR<19 60D BØ146 - GØ120-130 +TCI DALI Driver incl.  5P Aansluitsnoer B2ca
ZSF1092379-TC-DA-ST5S,Pragmalux,Pragmalux LED Downlight Mondial IP54 facet zwart standaard 16W 1700-1800lm 3000K-3500K-4000K 3-CCT CRI>90 UGR<19 60D BØ146 - GØ120-130 +TCI DALI Driver incl.  5P Aansluitsnoer en splitter en trekontla
ZSF1092386-TC-DA-ST5,Pragmalux,"Pragmalux LED Downlight Mondial IP54 facet zwart standaard 19,5W 2275-2450lm 3000K-3500K-4000K 3-CCT CRI>90 UGR<19 60D BØ176 - GØ150-160 +TCI DALI Driver incl.  5P Aansluitsnoer B2ca"
ZSF1092386-TC-DA-ST5S,Pragmalux,"Pragmalux LED Downlight Mondial IP54 facet zwart standaard 19,5W 2275-2450lm 3000K-3500K-4000K 3-CCT CRI>90 UGR<19 60D BØ176 - GØ150-160 +TCI DALI Driver incl.  5P Aansluitsnoer en splitter en trekont"
ZSGF1092386-TC-DA-ST5,Pragmalux,"Pragmalux LED Downlight Mondial IP54 facet zwart standaard 19,5W 2275-2450lm 3000K-3500K-4000K 3-CCT CRI>90 UGR<19 60D BØ200 - GØ150-190 +TCI DALI Driver incl.  5P Aansluitsnoer B2ca"
ZSGF1092386-TC-DA-ST5S,Pragmalux,"Pragmalux LED Downlight Mondial IP54 facet zwart standaard 19,5W 2275-2450lm 3000K-3500K-4000K 3-CCT CRI>90 UGR<19 60D BØ200 - GØ150-190 +TCI DALI Driver incl.  5P Aansluitsnoer en splitter en trekont"
ZSF1092393-TC-DA-ST5,Pragmalux,"Pragmalux LED Downlight Mondial IP54 facet zwart standaard 25,5W 3050-3200lm 3000K-3500K-4000K 3-CCT CRI>90 UGR<19 60D BØ226 - GØ200-210 +TCI DALI Driver incl.  5P Aansluitsnoer B2ca"
ZSF1092393-TC-DA-ST5S,Pragmalux,"Pragmalux LED Downlight Mondial IP54 facet zwart standaard 25,5W 3050-3200lm 3000K-3500K-4000K 3-CCT CRI>90 UGR<19 60D BØ226 - GØ200-210 +TCI DALI Driver incl.  5P Aansluitsnoer en splitter en trekont"
ZSGF1092393-TC-DA-ST5,Pragmalux,"Pragmalux LED Downlight Mondial IP54 facet zwart standaard 25,5W 3050-3200lm 3000K-3500K-4000K 3-CCT CRI>90 UGR<19 60D BØ250 - GØ200-240 +TCI DALI Driver incl.  5P Aansluitsnoer B2ca"
ZSGF1092393-TC-DA-ST5S,Pragmalux,"Pragmalux LED Downlight Mondial IP54 facet zwart standaard 25,5W 3050-3200lm 3000K-3500K-4000K 3-CCT CRI>90 UGR<19 60D BØ250 - GØ200-240 +TCI DALI Driver incl.  5P Aansluitsnoer en splitter en trekont"
ZVF1092379-TC-DA-ST5,Pragmalux,Pragmalux LED Downlight Mondial IP54 facet zwart verdiept 16W 1700-1800lm 3000K-3500K-4000K 3-CCT CRI>90 UGR<19 60D BØ146 - GØ120-130 +TCI DALI Driver incl.  5P Aansluitsnoer B2ca
ZVF1092379-TC-DA-ST5S,Pragmalux,Pragmalux LED Downlight Mondial IP54 facet zwart verdiept 16W 1700-1800lm 3000K-3500K-4000K 3-CCT CRI>90 UGR<19 60D BØ146 - GØ120-130 +TCI DALI Driver incl.  5P Aansluitsnoer en splitter en trekontlas
ZVF1092386-TC-DA-ST5,Pragmalux,"Pragmalux LED Downlight Mondial IP54 facet zwart verdiept 19,5W 2275-2450lm 3000K-3500K-4000K 3-CCT CRI>90 UGR<19 60D BØ176 - GØ150-160 +TCI DALI Driver incl.  5P Aansluitsnoer B2ca"
ZVF1092386-TC-DA-ST5S,Pragmalux,"Pragmalux LED Downlight Mondial IP54 facet zwart verdiept 19,5W 2275-2450lm 3000K-3500K-4000K 3-CCT CRI>90 UGR<19 60D BØ176 - GØ150-160 +TCI DALI Driver incl.  5P Aansluitsnoer en splitter en trekontl"
ZVF1092393-TC-DA-ST5,Pragmalux,"Pragmalux LED Downlight Mondial IP54 facet zwart verdiept 25,5W 3050-3200lm 3000K-3500K-4000K 3-CCT CRI>90 UGR<19 60D BØ226 - GØ200-210 +TCI DALI Driver incl.  5P Aansluitsnoer B2ca"
ZVF1092393-TC-DA-ST5S,Pragmalux,"Pragmalux LED Downlight Mondial IP54 facet zwart verdiept 25,5W 3050-3200lm 3000K-3500K-4000K 3-CCT CRI>90 UGR<19 60D BØ226 - GØ200-210 +TCI DALI Driver incl.  5P Aansluitsnoer en splitter en trekontl"
WPH1092379-TC-DA-ST5,Pragmalux,Pragmalux LED Downlight Mondial IP54 hoogglans wit plat 16W 1700-1800lm 3000K-3500K-4000K 3-CCT CRI>90 UGR<19 60D BØ132 - GØ120 +TCI DALI Driver incl.  5P Aansluitsnoer B2ca
WPH1092379-TC-DA-ST5S,Pragmalux,"Pragmalux LED Downlight Mondial IP54 hoogglans wit plat 16W 1700-1800lm 3000K-3500K-4000K 3-CCT CRI>90 UGR<19 60D BØ132 - GØ120 +TCI DALI Driver incl.  5P Aansluitsnoer en splitter en trekontlasting,"
WPH1092386-TC-DA-ST5,Pragmalux,"Pragmalux LED Downlight Mondial IP54 hoogglans wit plat 19,5W 2275-2450lm 3000K-3500K-4000K 3-CCT CRI>90 UGR<19 60D BØ168 - GØ150 +TCI DALI Driver incl.  5P Aansluitsnoer B2ca"
WPH1092386-TC-DA-ST5S,Pragmalux,"Pragmalux LED Downlight Mondial IP54 hoogglans wit plat 19,5W 2275-2450lm 3000K-3500K-4000K 3-CCT CRI>90 UGR<19 60D BØ168 - GØ150 +TCI DALI Driver incl.  5P Aansluitsnoer en splitter en trekontlasting"
WPH1092393-TC-DA-ST5,Pragmalux,"Pragmalux LED Downlight Mondial IP54 hoogglans wit plat 25,5W 3050-3200lm 3000K-3500K-4000K 3-CCT CRI>90 UGR<19 60D BØ214 - GØ200 +TCI DALI Driver incl.  5P Aansluitsnoer B2ca"
WPH1092393-TC-DA-ST5S,Pragmalux,"Pragmalux LED Downlight Mondial IP54 hoogglans wit plat 25,5W 3050-3200lm 3000K-3500K-4000K 3-CCT CRI>90 UGR<19 60D BØ214 - GØ200 +TCI DALI Driver incl.  5P Aansluitsnoer en splitter en trekontlasting"
WSH1092379-TC-DA-ST5,Pragmalux,Pragmalux LED Downlight Mondial IP54 hoogglans wit standaard 16W 1700-1800lm 3000K-3500K-4000K 3-CCT CRI>90 UGR<19 60D BØ146 - GØ120-130 +TCI DALI Driver incl.  5P Aansluitsnoer B2ca
WSH1092379-TC-DA-ST5S,Pragmalux,Pragmalux LED Downlight Mondial IP54 hoogglans wit standaard 16W 1700-1800lm 3000K-3500K-4000K 3-CCT CRI>90 UGR<19 60D BØ146 - GØ120-130 +TCI DALI Driver incl.  5P Aansluitsnoer en splitter en trekont
WSH1092386-TC-DA-ST5,Pragmalux,"Pragmalux LED Downlight Mondial IP54 hoogglans wit standaard 19,5W 2275-2450lm 3000K-3500K-4000K 3-CCT CRI>90 UGR<19 60D BØ176 - GØ150-160 +TCI DALI Driver incl.  5P Aansluitsnoer B2ca"
WSH1092386-TC-DA-ST5S,Pragmalux,"Pragmalux LED Downlight Mondial IP54 hoogglans wit standaard 19,5W 2275-2450lm 3000K-3500K-4000K 3-CCT CRI>90 UGR<19 60D BØ176 - GØ150-160 +TCI DALI Driver incl.  5P Aansluitsnoer en splitter en treko"
WSGH1092386-TC-DA-ST5,Pragmalux,"Pragmalux LED Downlight Mondial IP54 hoogglans wit standaard 19,5W 2275-2450lm 3000K-3500K-4000K 3-CCT CRI>90 UGR<19 60D BØ200 - GØ150-190 +TCI DALI Driver incl.  5P Aansluitsnoer B2ca"
WSGH1092386-TC-DA-ST5S,Pragmalux,"Pragmalux LED Downlight Mondial IP54 hoogglans wit standaard 19,5W 2275-2450lm 3000K-3500K-4000K 3-CCT CRI>90 UGR<19 60D BØ200 - GØ150-190 +TCI DALI Driver incl.  5P Aansluitsnoer en splitter en treko"
WSH1092393-TC-DA-ST5,Pragmalux,"Pragmalux LED Downlight Mondial IP54 hoogglans wit standaard 25,5W 3050-3200lm 3000K-3500K-4000K 3-CCT CRI>90 UGR<19 60D BØ226 - GØ200-210 +TCI DALI Driver incl.  5P Aansluitsnoer B2ca"
WSH1092393-TC-DA-ST5S,Pragmalux,"Pragmalux LED Downlight Mondial IP54 hoogglans wit standaard 25,5W 3050-3200lm 3000K-3500K-4000K 3-CCT CRI>90 UGR<19 60D BØ226 - GØ200-210 +TCI DALI Driver incl.  5P Aansluitsnoer en splitter en treko"
WSGH1092393-TC-DA-ST5,Pragmalux,"Pragmalux LED Downlight Mondial IP54 hoogglans wit standaard 25,5W 3050-3200lm 3000K-3500K-4000K 3-CCT CRI>90 UGR<19 60D BØ250 - GØ200-240 +TCI DALI Driver incl.  5P Aansluitsnoer B2ca"
WSGH1092393-TC-DA-ST5S,Pragmalux,"Pragmalux LED Downlight Mondial IP54 hoogglans wit standaard 25,5W 3050-3200lm 3000K-3500K-4000K 3-CCT CRI>90 UGR<19 60D BØ250 - GØ200-240 +TCI DALI Driver incl.  5P Aansluitsnoer en splitter en treko"
WVH1092379-TC-DA-ST5,Pragmalux,Pragmalux LED Downlight Mondial IP54 hoogglans wit verdiept 16W 1700-1800lm 3000K-3500K-4000K 3-CCT CRI>90 UGR<19 60D BØ146 - GØ120-130 +TCI DALI Driver incl.  5P Aansluitsnoer B2ca
WVH1092379-TC-DA-ST5S,Pragmalux,Pragmalux LED Downlight Mondial IP54 hoogglans wit verdiept 16W 1700-1800lm 3000K-3500K-4000K 3-CCT CRI>90 UGR<19 60D BØ146 - GØ120-130 +TCI DALI Driver incl.  5P Aansluitsnoer en splitter en trekontl
WVH1092386-TC-DA-ST5,Pragmalux,"Pragmalux LED Downlight Mondial IP54 hoogglans wit verdiept 19,5W 2275-2450lm 3000K-3500K-4000K 3-CCT CRI>90 UGR<19 60D BØ176 - GØ150-160 +TCI DALI Driver incl.  5P Aansluitsnoer B2ca"
WVH1092386-TC-DA-ST5S,Pragmalux,"Pragmalux LED Downlight Mondial IP54 hoogglans wit verdiept 19,5W 2275-2450lm 3000K-3500K-4000K 3-CCT CRI>90 UGR<19 60D BØ176 - GØ150-160 +TCI DALI Driver incl.  5P Aansluitsnoer en splitter en trekon"
WVH1092393-TC-DA-ST5,Pragmalux,"Pragmalux LED Downlight Mondial IP54 hoogglans wit verdiept 25,5W 3050-3200lm 3000K-3500K-4000K 3-CCT CRI>90 UGR<19 60D BØ226 - GØ200-210 +TCI DALI Driver incl.  5P Aansluitsnoer B2ca"
WVH1092393-TC-DA-ST5S,Pragmalux,"Pragmalux LED Downlight Mondial IP54 hoogglans wit verdiept 25,5W 3050-3200lm 3000K-3500K-4000K 3-CCT CRI>90 UGR<19 60D BØ226 - GØ200-210 +TCI DALI Driver incl.  5P Aansluitsnoer en splitter en trekon"
ZPH1092379-TC-DA-ST5,Pragmalux,Pragmalux LED Downlight Mondial IP54 hoogglans zwart plat 16W 1700-1800lm 3000K-3500K-4000K 3-CCT CRI>90 UGR<19 60D BØ132 - GØ120 +TCI DALI Driver incl.  5P Aansluitsnoer B2ca
ZPH1092379-TC-DA-ST5S,Pragmalux,Pragmalux LED Downlight Mondial IP54 hoogglans zwart plat 16W 1700-1800lm 3000K-3500K-4000K 3-CCT CRI>90 UGR<19 60D BØ132 - GØ120 +TCI DALI Driver incl.  5P Aansluitsnoer en splitter en trekontlasting
ZPH1092386-TC-DA-ST5,Pragmalux,"Pragmalux LED Downlight Mondial IP54 hoogglans zwart plat 19,5W 2275-2450lm 3000K-3500K-4000K 3-CCT CRI>90 UGR<19 60D BØ168 - GØ150 +TCI DALI Driver incl.  5P Aansluitsnoer B2ca"
ZPH1092386-TC-DA-ST5S,Pragmalux,"Pragmalux LED Downlight Mondial IP54 hoogglans zwart plat 19,5W 2275-2450lm 3000K-3500K-4000K 3-CCT CRI>90 UGR<19 60D BØ168 - GØ150 +TCI DALI Driver incl.  5P Aansluitsnoer en splitter en trekontlasti"
ZPH1092393-TC-DA-ST5,Pragmalux,"Pragmalux LED Downlight Mondial IP54 hoogglans zwart plat 25,5W 3050-3200lm 3000K-3500K-4000K 3-CCT CRI>90 UGR<19 60D BØ214 - GØ200 +TCI DALI Driver incl.  5P Aansluitsnoer B2ca"
ZPH1092393-TC-DA-ST5S,Pragmalux,"Pragmalux LED Downlight Mondial IP54 hoogglans zwart plat 25,5W 3050-3200lm 3000K-3500K-4000K 3-CCT CRI>90 UGR<19 60D BØ214 - GØ200 +TCI DALI Driver incl.  5P Aansluitsnoer en splitter en trekontlasti"
ZSH1092379-TC-DA-ST5,Pragmalux,Pragmalux LED Downlight Mondial IP54 hoogglans zwart standaard 16W 1700-1800lm 3000K-3500K-4000K 3-CCT CRI>90 UGR<19 60D BØ146 - GØ120-130 +TCI DALI Driver incl.  5P Aansluitsnoer B2ca
ZSH1092379-TC-DA-ST5S,Pragmalux,Pragmalux LED Downlight Mondial IP54 hoogglans zwart standaard 16W 1700-1800lm 3000K-3500K-4000K 3-CCT CRI>90 UGR<19 60D BØ146 - GØ120-130 +TCI DALI Driver incl.  5P Aansluitsnoer en splitter en treko
ZSH1092386-TC-DA-ST5,Pragmalux,"Pragmalux LED Downlight Mondial IP54 hoogglans zwart standaard 19,5W 2275-2450lm 3000K-3500K-4000K 3-CCT CRI>90 UGR<19 60D BØ176 - GØ150-160 +TCI DALI Driver incl.  5P Aansluitsnoer B2ca"
ZSH1092386-TC-DA-ST5S,Pragmalux,"Pragmalux LED Downlight Mondial IP54 hoogglans zwart standaard 19,5W 2275-2450lm 3000K-3500K-4000K 3-CCT CRI>90 UGR<19 60D BØ176 - GØ150-160 +TCI DALI Driver incl.  5P Aansluitsnoer en splitter en tre"
ZSGH1092386-TC-DA-ST5,Pragmalux,"Pragmalux LED Downlight Mondial IP54 hoogglans zwart standaard 19,5W 2275-2450lm 3000K-3500K-4000K 3-CCT CRI>90 UGR<19 60D BØ200 - GØ150-190 +TCI DALI Driver incl.  5P Aansluitsnoer B2ca"
ZSGH1092386-TC-DA-ST5S,Pragmalux,"Pragmalux LED Downlight Mondial IP54 hoogglans zwart standaard 19,5W 2275-2450lm 3000K-3500K-4000K 3-CCT CRI>90 UGR<19 60D BØ200 - GØ150-190 +TCI DALI Driver incl.  5P Aansluitsnoer en splitter en tre"
ZSH1092393-TC-DA-ST5,Pragmalux,"Pragmalux LED Downlight Mondial IP54 hoogglans zwart standaard 25,5W 3050-3200lm 3000K-3500K-4000K 3-CCT CRI>90 UGR<19 60D BØ226 - GØ200-210 +TCI DALI Driver incl.  5P Aansluitsnoer B2ca"
ZSH1092393-TC-DA-ST5S,Pragmalux,"Pragmalux LED Downlight Mondial IP54 hoogglans zwart standaard 25,5W 3050-3200lm 3000K-3500K-4000K 3-CCT CRI>90 UGR<19 60D BØ226 - GØ200-210 +TCI DALI Driver incl.  5P Aansluitsnoer en splitter en tre"
ZSGH1092393-TC-DA-ST5,Pragmalux,"Pragmalux LED Downlight Mondial IP54 hoogglans zwart standaard 25,5W 3050-3200lm 3000K-3500K-4000K 3-CCT CRI>90 UGR<19 60D BØ250 - GØ200-240 +TCI DALI Driver incl.  5P Aansluitsnoer B2ca"
ZSGH1092393-TC-DA-ST5S,Pragmalux,"Pragmalux LED Downlight Mondial IP54 hoogglans zwart standaard 25,5W 3050-3200lm 3000K-3500K-4000K 3-CCT CRI>90 UGR<19 60D BØ250 - GØ200-240 +TCI DALI Driver incl.  5P Aansluitsnoer en splitter en tre"
ZVH1092379-TC-DA-ST5,Pragmalux,Pragmalux LED Downlight Mondial IP54 hoogglans zwart verdiept 16W 1700-1800lm 3000K-3500K-4000K 3-CCT CRI>90 UGR<19 60D BØ146 - GØ120-130 +TCI DALI Driver incl.  5P Aansluitsnoer B2ca
ZVH1092379-TC-DA-ST5S,Pragmalux,Pragmalux LED Downlight Mondial IP54 hoogglans zwart verdiept 16W 1700-1800lm 3000K-3500K-4000K 3-CCT CRI>90 UGR<19 60D BØ146 - GØ120-130 +TCI DALI Driver incl.  5P Aansluitsnoer en splitter en trekon
ZVH1092386-TC-DA-ST5,Pragmalux,"Pragmalux LED Downlight Mondial IP54 hoogglans zwart verdiept 19,5W 2275-2450lm 3000K-3500K-4000K 3-CCT CRI>90 UGR<19 60D BØ176 - GØ150-160 +TCI DALI Driver incl.  5P Aansluitsnoer B2ca"
ZVH1092386-TC-DA-ST5S,Pragmalux,"Pragmalux LED Downlight Mondial IP54 hoogglans zwart verdiept 19,5W 2275-2450lm 3000K-3500K-4000K 3-CCT CRI>90 UGR<19 60D BØ176 - GØ150-160 +TCI DALI Driver incl.  5P Aansluitsnoer en splitter en trek"
ZVH1092393-TC-DA-ST5,Pragmalux,"Pragmalux LED Downlight Mondial IP54 hoogglans zwart verdiept 25,5W 3050-3200lm 3000K-3500K-4000K 3-CCT CRI>90 UGR<19 60D BØ226 - GØ200-210 +TCI DALI Driver incl.  5P Aansluitsnoer B2ca"
ZVH1092393-TC-DA-ST5S,Pragmalux,"Pragmalux LED Downlight Mondial IP54 hoogglans zwart verdiept 25,5W 3050-3200lm 3000K-3500K-4000K 3-CCT CRI>90 UGR<19 60D BØ226 - GØ200-210 +TCI DALI Driver incl.  5P Aansluitsnoer en splitter en trek"
1000343-PH-350-EUR,Pragmalux,Pragmalux LED Downlight Spectre SR IP54 10-14W 3000K-5700K 3-CCT 1050-1550lm Ø145 Buitenmaat - Gatmaat Ø125-135 +Philips Driver incl. eurosnoer 2m wit (1x18W)
1000343-PH-350-GST3,Pragmalux,Pragmalux LED Downlight Spectre SR IP54 10-14W 3000K-5700K 3-CCT 1050-1550lm Ø145 Buitenmaat - Gatmaat Ø125-135 +Philips Driver incl. GST18i3 (1x18W)
1000343-PH-350-GST3S,Pragmalux,"Pragmalux LED Downlight Spectre SR IP54 10-14W 3000K-5700K 3-CCT 1050-1550lm Ø145 Buitenmaat - Gatmaat Ø125-135 +Philips Driver incl. GST18i3 en splitter en trekontlasting, 1 in 2 uit (1x18W)"
1000343-PR-UN-350,Pragmalux,"Pragmalux LED Downlight Spectre SR IP54 10-14W 3000K-5700K 3-CCT 1050-1550lm Ø145 Buitenmaat - Gatmaat Ø125-135 +Universele LED Driver (DALI2, 1-10V, Push-dim) (1x18W)"
Z1000343-PH-350-EUR,Pragmalux,Pragmalux LED Downlight Spectre SR IP54 10-14W 3000K-5700K 3-CCT 1050-1550lm zwart Ø145 Buitenmaat - Gatmaat Ø125-135 +Philips Driver incl. eurosnoer 2m wit (1x18W)
Z1000343-PH-350-GST3,Pragmalux,Pragmalux LED Downlight Spectre SR IP54 10-14W 3000K-5700K 3-CCT 1050-1550lm zwart Ø145 Buitenmaat - Gatmaat Ø125-135 +Philips Driver incl. GST18i3(1x18W)
Z1000343-PR-UN-350,Pragmalux,"Pragmalux LED Downlight Spectre SR IP54 10-14W 3000K-5700K 3-CCT 1050-1550lm zwart Ø145 Buitenmaat - Gatmaat Ø125-135 +Universele LED Driver (DALI2, 1-10V, Push-dim) (1x18W)"
1000350-PH-350-EUR,Pragmalux,Pragmalux LED Downlight Spectre SR IP54 10-20W 3000K-5700K 3-CCT 1150-2200lm Ø172 Buitenmaat - Gatmaat Ø150-165 +Philips Driver incl. eurosnoer 2m wit (2x18W)
1000350-PH-350-GST3,Pragmalux,Pragmalux LED Downlight Spectre SR IP54 10-20W 3000K-5700K 3-CCT 1150-2200lm Ø172 Buitenmaat - Gatmaat Ø150-165 +Philips Driver incl. GST18i3 (2x18W)
1000350-PH-350-GST3S,Pragmalux,"Pragmalux LED Downlight Spectre SR IP54 10-20W 3000K-5700K 3-CCT 1150-2200lm Ø172 Buitenmaat - Gatmaat Ø150-165 +Philips Driver incl. GST18i3 en splitter en trekontlasting, 1 in 2 uit (2x18W)"
Z1000350-PH-350-EUR,Pragmalux,Pragmalux LED Downlight Spectre SR IP54 10-20W 3000K-5700K 3-CCT 1150-2200lm zwart Ø172 Buitenmaat - Gatmaat Ø150-165 +Philips Driver incl. eurosnoer 2m wit(2x18W)
Z1000350-PH-350-GST3,Pragmalux,Pragmalux LED Downlight Spectre SR IP54 10-20W 3000K-5700K 3-CCT 1150-2200lm zwart Ø172 Buitenmaat - Gatmaat Ø150-165 +Philips Driver incl. GST18i3 (2x18W)
1000367-PH-350-EUR,Pragmalux,Pragmalux LED Downlight Spectre SR IP54 10-20W 3000K-5700K 3-CCT 1150-2300lm Ø228 Buitenmaat - Gatmaat Ø200-210 +Philips Driver incl. eurosnoer 2m wit (2x26W)
1000367-PH-350-GST3,Pragmalux,Pragmalux LED Downlight Spectre SR IP54 10-20W 3000K-5700K 3-CCT 1150-2300lm Ø228 Buitenmaat - Gatmaat Ø200-210 +Philips Driver incl. GST18i3 (2x26W)
1000367-PH-350-GST3S,Pragmalux,"Pragmalux LED Downlight Spectre SR IP54 10-20W 3000K-5700K 3-CCT 1150-2300lm Ø228 Buitenmaat - Gatmaat Ø200-210 +Philips Driver incl. GST18i3 en splitter en trekontlasting, 1 in 2 uit (2x26W)"
Z1000367-PH-350-EUR,Pragmalux,Pragmalux LED Downlight Spectre SR IP54 10-20W 3000K-5700K 3-CCT 1150-2300lm zwart Ø228 Buitenmaat - Gatmaat Ø200-210 +Philips Driver incl. eurosnoer 2m wit(2x26W)
Z1000367-PH-350-GST3,Pragmalux,Pragmalux LED Downlight Spectre SR IP54 10-20W 3000K-5700K 3-CCT 1150-2300lm zwart Ø228 Buitenmaat - Gatmaat Ø200-210 +Philips Driver incl. GST18i3 (2x26W)
1000343-PH-S,Pragmalux,Pragmalux LED Downlight Spectre SR IP54 14W 3000K-5700K 3-CCT 1450-1550lm Ø145 Buitenmaat - Gatmaat Ø125-135 +Philips EasyAir Driver (1x18W)
1000350-PH-S,Pragmalux,Pragmalux LED Downlight Spectre SR IP54 18W 3000K-5700K 3-CCT 2100-2200lm Ø172 Buitenmaat - Gatmaat Ø150-165 +Philips EasyAir Driver (2x18W)
1000367-PH-S,Pragmalux,Pragmalux LED Downlight Spectre SR IP54 20W 3000K-5700K 3-CCT 2200-2300lm Ø228 Buitenmaat - Gatmaat Ø200-210 +Philips EasyAir Driver (2x26W)
1085821-750-ST3,Pragmalux,Pragmalux LED Driver 40W 750mA 42V incl. DC Kabel & 3P Aansluitsnoer
1000824-S,Pragmalux,"Pragmalux LED Gevelarmatuur Deca IP65 6,5-12W 3000K-4000K 2-CCT 650-1100lm Wit + Bewegingssensor"
1000824-SN,Pragmalux,"Pragmalux LED Gevelarmatuur Deca IP65 6,5-12W 3000K-4000K 2-CCT 650-1100lm Wit + Bewegingssensor & Noodmodule 3uur"
1000824-DSN,Pragmalux,"Pragmalux LED Gevelarmatuur Deca IP65 6,5-12W 3000K-4000K 2-CCT 650-1100lm Wit + Daglichtsensor & Noodmodule 3uur"
1000831-SN,Pragmalux,"Pragmalux LED Gevelarmatuur Deca IP65 6,5-12W 3000K-4000K 2-CCT 650-1100lm Zwart + Bewegingssensor & Noodmodule 1uur zelftest"
1000879-DA,Pragmalux,Pragmalux LED Gevelarmatuur Squalo DALI2 IP65 22W 3000K 2500lm Asymmetrisch Antraciet RAL7016
1000886-DA,Pragmalux,Pragmalux LED Gevelarmatuur Squalo DALI2 IP65 22W 4000K 2500lm Asymmetrisch Antraciet RAL7016
1000879-N,Pragmalux,Pragmalux LED Gevelarmatuur Squalo IP65 13-27W 3000K 1750-3450lm Asymmetrisch Antraciet RAL7016 + Noodmodule 3uur manueel
2033139-110D,Pragmalux,Pragmalux LED Highbay Clean HACCP G3 IP66&IP69K C4 100-200W 3000K-5000K 3CCT 18500-38000lm 110D 0-10V Dimbaar Grijs RAL9006 (250-400W)
2033139-60D,Pragmalux,Pragmalux LED Highbay Clean HACCP G3 IP66&IP69K C4 100-200W 3000K-5000K 3CCT 18500-38000lm 60D 0-10V Dimbaar Grijs RAL9006 (250-400W)
2033429-110D,Pragmalux,Pragmalux LED Highbay Essence IP65 100-200W 3000K-5000K 3CCT 15500-32000lm 110D Zwart RAL9004 (250-400W)
1047553-EUR,Pragmalux,Pragmalux LED Inbouw/Opbouw Downlight Luna G2 PIR zwart IP54 9W/18W 3000K-6000K 3-CCT 1025-2000lm Ø227 Buitenmaat - Gatmaat Ø65-185+Driver incl. eurosnoer 2m wit
1037066-PH30-700,Pragmalux,Pragmalux LED Inlegarmatuur Modul 15x150cm 13-26W 1750-3700lm 3000K-4000K 2CCT UGR<16 wit RAL9003 +Philips driver
1037066-PH30-700-EUR,Pragmalux,Pragmalux LED Inlegarmatuur Modul 15x150cm 13-26W 1750-3700lm 3000K-4000K 2CCT UGR<16 wit RAL9003 +Philips driver incl. eurosnoer 2m wit
1037066-PH30-700-GST3,Pragmalux,Pragmalux LED Inlegarmatuur Modul 15x150cm 13-26W 1750-3700lm 3000K-4000K 2CCT UGR<16 wit RAL9003 +Philips driver incl. GST18i3
1037066-PH30-700-GST3S,Pragmalux,"Pragmalux LED Inlegarmatuur Modul 15x150cm 13-26W 1750-3700lm 3000K-4000K 2CCT UGR<16 wit RAL9003 +Philips driver incl. GST18i3 en splitter en trekontlasting, 1 in 2 uit"
1037110-PH30-700,Pragmalux,Pragmalux LED Inlegarmatuur Modul 15x150cm 13-26W 1750-3700lm 3000K-4000K 2CCT UGR<16 zwart RAL9005 +Philips driver
1037110-PH30-700-EUR,Pragmalux,Pragmalux LED Inlegarmatuur Modul 15x150cm 13-26W 1750-3700lm 3000K-4000K 2CCT UGR<16 zwart RAL9005 +Philips driver incl. eurosnoer 2m wit
1037110-PH30-700-GST3,Pragmalux,Pragmalux LED Inlegarmatuur Modul 15x150cm 13-26W 1750-3700lm 3000K-4000K 2CCT UGR<16 zwart RAL9005 +Philips driver incl. GST18i3
1037110-PH30-700-GST3S,Pragmalux,"Pragmalux LED Inlegarmatuur Modul 15x150cm 13-26W 1750-3700lm 3000K-4000K 2CCT UGR<16 zwart RAL9005 +Philips driver incl. GST18i3 en splitter en trekontlasting, 1 in 2 uit"
1037066-PR-UN-GST5S,Pragmalux,"Pragmalux LED Inlegarmatuur Modul 15x150cm 18,5-30W 2500-4200lm 3000K-4000K 2CCT UGR<16 wit RAL9003 +Universele driver (DALI2, 1-10V, push-dim) incl. GST18i5 en splitter en trekontlasting, 1 in 2 uit"
1037066-PR-UN-GST5,Pragmalux,"Pragmalux LED Inlegarmatuur Modul 15x150cm 18,5-30W 2500-4200lm 3000K-4000K 2CCT UGR<16 wit RAL9003 +Universele driver (DALI2, 1-10V, push-dim) incl.GST18i5"
1037110-PR-UN-GST5S,Pragmalux,"Pragmalux LED Inlegarmatuur Modul 15x150cm 18,5-30W 2500-4200lm 3000K-4000K 2CCT UGR<16 zwart RAL9005 +Universele driver (DALI2, 1-10V, push-dim) incl. GST18i5 en splitter en trekontlasting,1 in 2 uit"
1037110-PR-UN-GST5,Pragmalux,"Pragmalux LED Inlegarmatuur Modul 15x150cm 18,5-30W 2500-4200lm 3000K-4000K 2CCT UGR<16 zwart RAL9005 +Universele driver (DALI2, 1-10V, push-dim) incl.GST18i5"
1037066-PR-GST3S,Pragmalux,"Pragmalux LED Inlegarmatuur Modul 15x150cm 26-30W 3500-4200lm 3000K-4000K 2CCT UGR<16 wit RAL9003 +driver incl. GST18i3 en splitter en trekontlasting, 1 in 2 uit"
1037110-PR-GST3S,Pragmalux,"Pragmalux LED Inlegarmatuur Modul 15x150cm 26-30W 3500-4200lm 3000K-4000K 2CCT UGR<16 zwart RAL9005 +driver incl. GST18i3 en splitter en trekontlasting, 1 in 2 uit"
1037059-PH30-700,Pragmalux,Pragmalux LED Inlegarmatuur Modul 30x120cm 13-26W 1750-3700lm 3000K-4000K 2CCT UGR<16 wit RAL9003 +Philips driver
1037059-PH30-700-EUR,Pragmalux,Pragmalux LED Inlegarmatuur Modul 30x120cm 13-26W 1750-3700lm 3000K-4000K 2CCT UGR<16 wit RAL9003 +Philips driver incl. eurosnoer 2m wit
1037059-PH30-700-GST3,Pragmalux,Pragmalux LED Inlegarmatuur Modul 30x120cm 13-26W 1750-3700lm 3000K-4000K 2CCT UGR<16 wit RAL9003 +Philips driver incl. GST18i3
1037059-PH30-700-GST3S,Pragmalux,"Pragmalux LED Inlegarmatuur Modul 30x120cm 13-26W 1750-3700lm 3000K-4000K 2CCT UGR<16 wit RAL9003 +Philips driver incl. GST18i3 en splitter en trekontlasting, 1 in 2 uit"
1037103-PH30-700,Pragmalux,Pragmalux LED Inlegarmatuur Modul 30x120cm 13-26W 1750-3700lm 3000K-4000K 2CCT UGR<16 zwart RAL9005 +Philips driver
1037103-PH30-700-EUR,Pragmalux,Pragmalux LED Inlegarmatuur Modul 30x120cm 13-26W 1750-3700lm 3000K-4000K 2CCT UGR<16 zwart RAL9005 +Philips driver incl. eurosnoer 2m wit
1037103-PH30-700-GST3,Pragmalux,Pragmalux LED Inlegarmatuur Modul 30x120cm 13-26W 1750-3700lm 3000K-4000K 2CCT UGR<16 zwart RAL9005 +Philips driver incl. GST18i3
1037103-PH30-700-GST3S,Pragmalux,"Pragmalux LED Inlegarmatuur Modul 30x120cm 13-26W 1750-3700lm 3000K-4000K 2CCT UGR<16 zwart RAL9005 +Philips driver incl. GST18i3 en splitter en trekontlasting, 1 in 2 uit"
1037059-PR-UN-GST5S,Pragmalux,"Pragmalux LED Inlegarmatuur Modul 30x120cm 18,5-30W 2500-4200lm 3000K-4000K 2CCT UGR<16 wit RAL9003 +Universele driver (DALI2, 1-10V, push-dim) incl. GST18i5 en splitter en trekontlasting, 1 in 2 uit"
1037059-PR-UN-GST5,Pragmalux,"Pragmalux LED Inlegarmatuur Modul 30x120cm 18,5-30W 2500-4200lm 3000K-4000K 2CCT UGR<16 wit RAL9003 +Universele driver (DALI2, 1-10V, push-dim) incl.GST18i5"
1037103-PR-UN-GST5S,Pragmalux,"Pragmalux LED Inlegarmatuur Modul 30x120cm 18,5-30W 2500-4200lm 3000K-4000K 2CCT UGR<16 zwart RAL9005 +Universele driver (DALI2, 1-10V, push-dim) incl. GST18i5 en splitter en trekontlasting,1 in 2 uit"
1037103-PR-UN-GST5,Pragmalux,"Pragmalux LED Inlegarmatuur Modul 30x120cm 18,5-30W 2500-4200lm 3000K-4000K 2CCT UGR<16 zwart RAL9005 +Universele driver (DALI2, 1-10V, push-dim) incl.GST18i5"
1037059-PR-GST3S,Pragmalux,"Pragmalux LED Inlegarmatuur Modul 30x120cm 26-30W 3500-4200lm 3000K-4000K 2CCT UGR<16 wit RAL9003 +driver incl. GST18i3 en splitter en trekontlasting, 1 in 2 uit"
1037103-PR-GST3S,Pragmalux,"Pragmalux LED Inlegarmatuur Modul 30x120cm 26-30W 3500-4200lm 3000K-4000K 2CCT UGR<16 zwart RAL9005 +driver incl. GST18i3 en splitter en trekontlasting, 1 in 2 uit"
1037073-PH30-700,Pragmalux,Pragmalux LED Inlegarmatuur Modul 30x150cm 13-26W 1750-3700lm 3000K-4000K 2CCT UGR<16 wit RAL9003 +Philips driver
1037073-PH30-700-EUR,Pragmalux,Pragmalux LED Inlegarmatuur Modul 30x150cm 13-26W 1750-3700lm 3000K-4000K 2CCT UGR<16 wit RAL9003 +Philips driver incl. eurosnoer 2m wit
1037073-PH30-700-GST3,Pragmalux,Pragmalux LED Inlegarmatuur Modul 30x150cm 13-26W 1750-3700lm 3000K-4000K 2CCT UGR<16 wit RAL9003 +Philips driver incl. GST18i3
1037073-PH30-700-GST3S,Pragmalux,"Pragmalux LED Inlegarmatuur Modul 30x150cm 13-26W 1750-3700lm 3000K-4000K 2CCT UGR<16 wit RAL9003 +Philips driver incl. GST18i3 en splitter en trekontlasting, 1 in 2 uit"
1037127-PH30-700,Pragmalux,Pragmalux LED Inlegarmatuur Modul 30x150cm 13-26W 1750-3700lm 3000K-4000K 2CCT UGR<16 zwart RAL9005 +Philips driver
1037127-PH30-700-EUR,Pragmalux,Pragmalux LED Inlegarmatuur Modul 30x150cm 13-26W 1750-3700lm 3000K-4000K 2CCT UGR<16 zwart RAL9005 +Philips driver incl. eurosnoer 2m wit
1037127-PH30-700-GST3,Pragmalux,Pragmalux LED Inlegarmatuur Modul 30x150cm 13-26W 1750-3700lm 3000K-4000K 2CCT UGR<16 zwart RAL9005 +Philips driver incl. GST18i3
1037127-PH30-700-GST3S,Pragmalux,"Pragmalux LED Inlegarmatuur Modul 30x150cm 13-26W 1750-3700lm 3000K-4000K 2CCT UGR<16 zwart RAL9005 +Philips driver incl. GST18i3 en splitter en trekontlasting, 1 in 2 uit"
1037073-PR-UN-GST5S,Pragmalux,"Pragmalux LED Inlegarmatuur Modul 30x150cm 18,5-30W 2500-4200lm 3000K-4000K 2CCT UGR<16 wit RAL9003 +Universele driver (DALI2, 1-10V, push-dim) incl. GST18i5 en splitter en trekontlasting, 1 in 2 uit"
1037073-PR-UN-GST5,Pragmalux,"Pragmalux LED Inlegarmatuur Modul 30x150cm 18,5-30W 2500-4200lm 3000K-4000K 2CCT UGR<16 wit RAL9003 +Universele driver (DALI2, 1-10V, push-dim) incl.GST18i5"
1037127-PR-UN-GST5S,Pragmalux,"Pragmalux LED Inlegarmatuur Modul 30x150cm 18,5-30W 2500-4200lm 3000K-4000K 2CCT UGR<16 zwart RAL9005 +Universele driver (DALI2, 1-10V, push-dim) incl. GST18i5 en splitter en trekontlasting,1 in 2 uit"
1037127-PR-UN-GST5,Pragmalux,"Pragmalux LED Inlegarmatuur Modul 30x150cm 18,5-30W 2500-4200lm 3000K-4000K 2CCT UGR<16 zwart RAL9005 +Universele driver (DALI2, 1-10V, push-dim) incl.GST18i5"
1037073-PR-GST3S,Pragmalux,"Pragmalux LED Inlegarmatuur Modul 30x150cm 26-30W 3500-4200lm 3000K-4000K 2CCT UGR<16 wit RAL9003 +driver incl. GST18i3 en splitter en trekontlasting, 1 in 2 uit"
1037127-PR-GST3S,Pragmalux,"Pragmalux LED Inlegarmatuur Modul 30x150cm 26-30W 3500-4200lm 3000K-4000K 2CCT UGR<16 zwart RAL9005 +driver incl. GST18i3 en splitter en trekontlasting, 1 in 2 uit"
1037080-PH50-1200,Pragmalux,Pragmalux LED Inlegarmatuur Modul 30x150cm 31-45W 4125-6300lm 3000K-4000K 2CCT UGR<16 wit RAL9003 +Philips driver
1037080-PH50-1200-EUR,Pragmalux,Pragmalux LED Inlegarmatuur Modul 30x150cm 31-45W 4125-6300lm 3000K-4000K 2CCT UGR<16 wit RAL9003 +Philips driver incl. eurosnoer 2m wit
1037080-PH50-1200-GST3,Pragmalux,Pragmalux LED Inlegarmatuur Modul 30x150cm 31-45W 4125-6300lm 3000K-4000K 2CCT UGR<16 wit RAL9003 +Philips driver incl. GST18i3
1037080-PH50-1200-GST3S,Pragmalux,"Pragmalux LED Inlegarmatuur Modul 30x150cm 31-45W 4125-6300lm 3000K-4000K 2CCT UGR<16 wit RAL9003 +Philips driver incl. GST18i3 en splitter en trekontlasting, 1 in 2 uit"
1037134-PH50-1200,Pragmalux,Pragmalux LED Inlegarmatuur Modul 30x150cm 31-45W 4125-6300lm 3000K-4000K 2CCT UGR<16 zwart RAL9005 +Philips driver
1037134-PH50-1200-EUR,Pragmalux,Pragmalux LED Inlegarmatuur Modul 30x150cm 31-45W 4125-6300lm 3000K-4000K 2CCT UGR<16 zwart RAL9005 +Philips driver incl. eurosnoer 2m wit
1037134-PH50-1200-GST3,Pragmalux,Pragmalux LED Inlegarmatuur Modul 30x150cm 31-45W 4125-6300lm 3000K-4000K 2CCT UGR<16 zwart RAL9005 +Philips driver incl. GST18i3
1037134-PH50-1200-GST3S,Pragmalux,"Pragmalux LED Inlegarmatuur Modul 30x150cm 31-45W 4125-6300lm 3000K-4000K 2CCT UGR<16 zwart RAL9005 +Philips driver incl. GST18i3 en splitter en trekontlasting, 1 in 2 uit"
1037042-PH30-700,Pragmalux,Pragmalux LED Inlegarmatuur Modul 60x60cm 13-26W 1750-3700lm 3000K-4000K 2CCT UGR<16 wit RAL9003 +Philips driver
1037042-PH30-700-EUR,Pragmalux,Pragmalux LED Inlegarmatuur Modul 60x60cm 13-26W 1750-3700lm 3000K-4000K 2CCT UGR<16 wit RAL9003 +Philips driver incl. eurosnoer 2m wit
1037042-PH30-700-GST3,Pragmalux,Pragmalux LED Inlegarmatuur Modul 60x60cm 13-26W 1750-3700lm 3000K-4000K 2CCT UGR<16 wit RAL9003 +Philips driver incl. GST18i3
1037042-PH30-700-GST3S,Pragmalux,"Pragmalux LED Inlegarmatuur Modul 60x60cm 13-26W 1750-3700lm 3000K-4000K 2CCT UGR<16 wit RAL9003 +Philips driver incl. GST18i3 en splitter en trekontlasting, 1 in 2 uit"
1037097-PH30-700,Pragmalux,Pragmalux LED Inlegarmatuur Modul 60x60cm 13-26W 1750-3700lm 3000K-4000K 2CCT UGR<16 zwart RAL9005 +Philips driver
1037097-PH30-700-EUR,Pragmalux,Pragmalux LED Inlegarmatuur Modul 60x60cm 13-26W 1750-3700lm 3000K-4000K 2CCT UGR<16 zwart RAL9005 +Philips driver incl. eurosnoer 2m wit
1037097-PH30-700-GST3,Pragmalux,Pragmalux LED Inlegarmatuur Modul 60x60cm 13-26W 1750-3700lm 3000K-4000K 2CCT UGR<16 zwart RAL9005 +Philips driver incl. GST18i3
1037097-PH30-700-GST3S,Pragmalux,"Pragmalux LED Inlegarmatuur Modul 60x60cm 13-26W 1750-3700lm 3000K-4000K 2CCT UGR<16 zwart RAL9005 +Philips driver incl. GST18i3 en splitter en trekontlasting, 1 in 2 uit"
1037042-PR-UN-GST5S,Pragmalux,"Pragmalux LED Inlegarmatuur Modul 60x60cm 18,5-30W 2500-4200lm 3000K-4000K 2CCT UGR<16 wit RAL9003 +Universele driver (DALI2, 1-10V, push-dim) incl. GST18i5 en splitter en trekontlasting, 1 in 2 uit"
1037042-PR-UN-GST5,Pragmalux,"Pragmalux LED Inlegarmatuur Modul 60x60cm 18,5-30W 2500-4200lm 3000K-4000K 2CCT UGR<16 wit RAL9003 +Universele driver (DALI2, 1-10V, push-dim) incl.GST18i5"
1037097-PR-UN-GST5S,Pragmalux,"Pragmalux LED Inlegarmatuur Modul 60x60cm 18,5-30W 2500-4200lm 3000K-4000K 2CCT UGR<16 zwart RAL9005 +Universele driver (DALI2, 1-10V, push-dim) incl. GST18i5 en splitter en trekontlasting, 1 in 2 uit"
1037097-PR-UN-GST5,Pragmalux,"Pragmalux LED Inlegarmatuur Modul 60x60cm 18,5-30W 2500-4200lm 3000K-4000K 2CCT UGR<16 zwart RAL9005 +Universele driver (DALI2, 1-10V, push-dim) incl.GST18i5"
1037042-PR-GST3S,Pragmalux,"Pragmalux LED Inlegarmatuur Modul 60x60cm 26-30W 3500-4200lm 3000K-4000K 2CCT UGR<16 wit RAL9003 +driver incl. GST18i3 en splitter en trekontlasting, 1 in 2 uit"
1037097-PR-GST3S,Pragmalux,"Pragmalux LED Inlegarmatuur Modul 60x60cm 26-30W 3500-4200lm 3000K-4000K 2CCT UGR<16 zwart RAL9005 +driver incl. GST18i3 en splitter en trekontlasting, 1 in 2 uit"
1004150-DA,Pragmalux,Pragmalux LED Montagebalk Linea 150cm 29-50W 3000-5000K 3CCT 4060-7000lm DALI
2019713,Pragmalux,Pragmalux LED Montagebalk Linea 60cm 20W 3000K 3CCT Dali 2800lm
H1089348-TC-DA,Pragmalux,Pragmalux LED Opbouwarmatuur Optic hoogglans reflector 20x120cm 36W 4400-4800lm 3000K-3500K-4000K 3CCT CRI>90 UGR<16 wit RAL9003 + TCI DALI driver
H1089348-TC-DA-ST3,Pragmalux,Pragmalux LED Opbouwarmatuur Optic hoogglans reflector 20x120cm 36W 4400-4800lm 3000K-3500K-4000K 3CCT CRI>90 UGR<16 wit RAL9003 + TCI DALI driver incl. 3P Aansluitsnoer
H1089348-TC-DA-ST5,Pragmalux,Pragmalux LED Opbouwarmatuur Optic hoogglans reflector 20x120cm 36W 4400-4800lm 3000K-3500K-4000K 3CCT CRI>90 UGR<16 wit RAL9003 + TCI DALI driver incl. 5P Aansluitsnoer B2ca
H1089355-TC-DA,Pragmalux,Pragmalux LED Opbouwarmatuur Optic hoogglans reflector 20x120cm 36W 4400-4800lm 3000K-3500K-4000K 3CCT CRI>90 UGR<16 zwart RAL9005 + TCI DALI driver
H1089355-TC-DA-ST3,Pragmalux,Pragmalux LED Opbouwarmatuur Optic hoogglans reflector 20x120cm 36W 4400-4800lm 3000K-3500K-4000K 3CCT CRI>90 UGR<16 zwart RAL9005 + TCI DALI driver incl. 3P Aansluitsnoer
H1089355-TC-DA-ST5,Pragmalux,Pragmalux LED Opbouwarmatuur Optic hoogglans reflector 20x120cm 36W 4400-4800lm 3000K-3500K-4000K 3CCT CRI>90 UGR<16 zwart RAL9005 + TCI DALI driver incl. 5P Aansluitsnoer B2ca
H1089324-TC-DA,Pragmalux,Pragmalux LED Opbouwarmatuur Optic hoogglans reflector 30x120cm 36W 4400-4800lm 3000K-3500K-4000K 3CCT CRI>90 UGR<16 wit RAL9003 + TCI DALI driver
H1089324-TC-DA-ST3,Pragmalux,Pragmalux LED Opbouwarmatuur Optic hoogglans reflector 30x120cm 36W 4400-4800lm 3000K-3500K-4000K 3CCT CRI>90 UGR<16 wit RAL9003 + TCI DALI driver incl. 3P Aansluitsnoer
H1089324-TC-DA-ST5,Pragmalux,Pragmalux LED Opbouwarmatuur Optic hoogglans reflector 30x120cm 36W 4400-4800lm 3000K-3500K-4000K 3CCT CRI>90 UGR<16 wit RAL9003 + TCI DALI driver incl. 5P Aansluitsnoer B2ca
H1089331-TC-DA,Pragmalux,Pragmalux LED Opbouwarmatuur Optic hoogglans reflector 30x120cm 36W 4400-4800lm 3000K-3500K-4000K 3CCT CRI>90 UGR<16 zwart RAL9005 + TCI DALI driver
H1089331-TC-DA-ST3,Pragmalux,Pragmalux LED Opbouwarmatuur Optic hoogglans reflector 30x120cm 36W 4400-4800lm 3000K-3500K-4000K 3CCT CRI>90 UGR<16 zwart RAL9005 + TCI DALI driver incl. 3P Aansluitsnoer
H1089331-TC-DA-ST5,Pragmalux,Pragmalux LED Opbouwarmatuur Optic hoogglans reflector 30x120cm 36W 4400-4800lm 3000K-3500K-4000K 3CCT CRI>90 UGR<16 zwart RAL9005 + TCI DALI driver incl. 5P Aansluitsnoer B2ca
H1089300-TC-DA,Pragmalux,Pragmalux LED Opbouwarmatuur Optic hoogglans reflector 60x60cm 36W 4400-4800lm 3000K-3500K-4000K 3CCT CRI>90 UGR<16 wit RAL9003 + TCI DALI driver
H1089300-TC-DA-ST3,Pragmalux,Pragmalux LED Opbouwarmatuur Optic hoogglans reflector 60x60cm 36W 4400-4800lm 3000K-3500K-4000K 3CCT CRI>90 UGR<16 wit RAL9003 + TCI DALI driver incl. 3P Aansluitsnoer
H1089300-TC-DA-ST5,Pragmalux,Pragmalux LED Opbouwarmatuur Optic hoogglans reflector 60x60cm 36W 4400-4800lm 3000K-3500K-4000K 3CCT CRI>90 UGR<16 wit RAL9003 + TCI DALI driver incl. 5P Aansluitsnoer B2ca
H1089317-TC-DA,Pragmalux,Pragmalux LED Opbouwarmatuur Optic hoogglans reflector 60x60cm 36W 4400-4800lm 3000K-3500K-4000K 3CCT CRI>90 UGR<16 zwart RAL9005 + TCI DALI driver
H1089317-TC-DA-ST3,Pragmalux,Pragmalux LED Opbouwarmatuur Optic hoogglans reflector 60x60cm 36W 4400-4800lm 3000K-3500K-4000K 3CCT CRI>90 UGR<16 zwart RAL9005 + TCI DALI driver incl. 3P Aansluitsnoer
H1089317-TC-DA-ST5,Pragmalux,Pragmalux LED Opbouwarmatuur Optic hoogglans reflector 60x60cm 36W 4400-4800lm 3000K-3500K-4000K 3CCT CRI>90 UGR<16 zwart RAL9005 + TCI DALI driver incl. 5P Aansluitsnoer B2ca
1089348-TC-DA,Pragmalux,Pragmalux LED Opbouwarmatuur Optic matte reflector 20x120cm 36W 4350-4750lm 3000K-3500K-4000K 3CCT CRI>90 UGR<16 wit RAL9003 + TCI DALI driver
1089348-TC-DA-ST3,Pragmalux,Pragmalux LED Opbouwarmatuur Optic matte reflector 20x120cm 36W 4350-4750lm 3000K-3500K-4000K 3CCT CRI>90 UGR<16 wit RAL9003 + TCI DALI driver incl. 3P Aansluitsnoer
1089348-TC-DA-ST5,Pragmalux,Pragmalux LED Opbouwarmatuur Optic matte reflector 20x120cm 36W 4350-4750lm 3000K-3500K-4000K 3CCT CRI>90 UGR<16 wit RAL9003 + TCI DALI driver incl. 5P Aansluitsnoer B2ca
1089355-TC-DA,Pragmalux,Pragmalux LED Opbouwarmatuur Optic matte reflector 20x120cm 36W 4350-4750lm 3000K-3500K-4000K 3CCT CRI>90 UGR<16 zwart RAL9005 + TCI DALI driver
1089355-TC-DA-ST3,Pragmalux,Pragmalux LED Opbouwarmatuur Optic matte reflector 20x120cm 36W 4350-4750lm 3000K-3500K-4000K 3CCT CRI>90 UGR<16 zwart RAL9005 + TCI DALI driver incl. 3P Aansluitsnoer
1089355-TC-DA-ST5,Pragmalux,Pragmalux LED Opbouwarmatuur Optic matte reflector 20x120cm 36W 4350-4750lm 3000K-3500K-4000K 3CCT CRI>90 UGR<16 zwart RAL9005 + TCI DALI driver incl. 5P Aansluitsnoer B2ca
1089324-TC-DA,Pragmalux,Pragmalux LED Opbouwarmatuur Optic matte reflector 30x120cm 36W 4350-4750lm 3000K-3500K-4000K 3CCT CRI>90 UGR<16 wit RAL9003 + TCI DALI driver
1089324-TC-DA-ST3,Pragmalux,Pragmalux LED Opbouwarmatuur Optic matte reflector 30x120cm 36W 4350-4750lm 3000K-3500K-4000K 3CCT CRI>90 UGR<16 wit RAL9003 + TCI DALI driver incl. 3P Aansluitsnoer
1089324-TC-DA-ST5,Pragmalux,Pragmalux LED Opbouwarmatuur Optic matte reflector 30x120cm 36W 4350-4750lm 3000K-3500K-4000K 3CCT CRI>90 UGR<16 wit RAL9003 + TCI DALI driver incl. 5P Aansluitsnoer B2ca
1089331-TC-DA,Pragmalux,Pragmalux LED Opbouwarmatuur Optic matte reflector 30x120cm 36W 4350-4750lm 3000K-3500K-4000K 3CCT CRI>90 UGR<16 zwart RAL9005 + TCI DALI driver
1089331-TC-DA-ST3,Pragmalux,Pragmalux LED Opbouwarmatuur Optic matte reflector 30x120cm 36W 4350-4750lm 3000K-3500K-4000K 3CCT CRI>90 UGR<16 zwart RAL9005 + TCI DALI driver incl. 3P Aansluitsnoer
1089331-TC-DA-ST5,Pragmalux,Pragmalux LED Opbouwarmatuur Optic matte reflector 30x120cm 36W 4350-4750lm 3000K-3500K-4000K 3CCT CRI>90 UGR<16 zwart RAL9005 + TCI DALI driver incl. 5P Aansluitsnoer B2ca
1089300-TC-DA,Pragmalux,Pragmalux LED Opbouwarmatuur Optic matte reflector 60x60cm 36W 4350-4750lm 3000K-3500K-4000K 3CCT CRI>90 UGR<16 wit RAL9003 + TCI DALI driver
1089300-TC-DA-ST3,Pragmalux,Pragmalux LED Opbouwarmatuur Optic matte reflector 60x60cm 36W 4350-4750lm 3000K-3500K-4000K 3CCT CRI>90 UGR<16 wit RAL9003 + TCI DALI driver incl. 3P Aansluitsnoer
1089300-TC-DA-ST5,Pragmalux,Pragmalux LED Opbouwarmatuur Optic matte reflector 60x60cm 36W 4350-4750lm 3000K-3500K-4000K 3CCT CRI>90 UGR<16 wit RAL9003 + TCI DALI driver incl. 5P Aansluitsnoer B2ca
1089317-TC-DA,Pragmalux,Pragmalux LED Opbouwarmatuur Optic matte reflector 60x60cm 36W 4350-4750lm 3000K-3500K-4000K 3CCT CRI>90 UGR<16 zwart RAL9005 + TCI DALI driver
1089317-TC-DA-ST3,Pragmalux,Pragmalux LED Opbouwarmatuur Optic matte reflector 60x60cm 36W 4350-4750lm 3000K-3500K-4000K 3CCT CRI>90 UGR<16 zwart RAL9005 + TCI DALI driver incl. 3P Aansluitsnoer
1089317-TC-DA-ST5,Pragmalux,Pragmalux LED Opbouwarmatuur Optic matte reflector 60x60cm 36W 4350-4750lm 3000K-3500K-4000K 3CCT CRI>90 UGR<16 zwart RAL9005 + TCI DALI driver incl. 5P Aansluitsnoer B2ca
Z1089348-TC-DA,Pragmalux,Pragmalux LED Opbouwarmatuur Optic zwarte reflector 20x120cm 36W 4050-4400lm 3000K-3500K-4000K 3CCT CRI>90 UGR<16 wit RAL9003 + TCI DALI driver
Z1089348-TC-DA-ST3,Pragmalux,Pragmalux LED Opbouwarmatuur Optic zwarte reflector 20x120cm 36W 4050-4400lm 3000K-3500K-4000K 3CCT CRI>90 UGR<16 wit RAL9003 + TCI DALI driver incl. 3P Aansluitsnoer
Z1089348-TC-DA-ST5,Pragmalux,Pragmalux LED Opbouwarmatuur Optic zwarte reflector 20x120cm 36W 4050-4400lm 3000K-3500K-4000K 3CCT CRI>90 UGR<16 wit RAL9003 + TCI DALI driver incl. 5P Aansluitsnoer B2ca
Z1089355-TC-DA,Pragmalux,Pragmalux LED Opbouwarmatuur Optic zwarte reflector 20x120cm 36W 4050-4400lm 3000K-3500K-4000K 3CCT CRI>90 UGR<16 zwart RAL9005 + TCI DALI driver
Z1089355-TC-DA-ST3,Pragmalux,Pragmalux LED Opbouwarmatuur Optic zwarte reflector 20x120cm 36W 4050-4400lm 3000K-3500K-4000K 3CCT CRI>90 UGR<16 zwart RAL9005 + TCI DALI driver incl. 3P Aansluitsnoer
Z1089355-TC-DA-ST5,Pragmalux,Pragmalux LED Opbouwarmatuur Optic zwarte reflector 20x120cm 36W 4050-4400lm 3000K-3500K-4000K 3CCT CRI>90 UGR<16 zwart RAL9005 + TCI DALI driver incl. 5P Aansluitsnoer B2ca
Z1089324-TC-DA,Pragmalux,Pragmalux LED Opbouwarmatuur Optic zwarte reflector 30x120cm 36W 4050-4400lm 3000K-3500K-4000K 3CCT CRI>90 UGR<16 wit RAL9003 + TCI DALI driver
Z1089324-TC-DA-ST3,Pragmalux,Pragmalux LED Opbouwarmatuur Optic zwarte reflector 30x120cm 36W 4050-4400lm 3000K-3500K-4000K 3CCT CRI>90 UGR<16 wit RAL9003 + TCI DALI driver incl. 3P Aansluitsnoer
Z1089324-TC-DA-ST5,Pragmalux,Pragmalux LED Opbouwarmatuur Optic zwarte reflector 30x120cm 36W 4050-4400lm 3000K-3500K-4000K 3CCT CRI>90 UGR<16 wit RAL9003 + TCI DALI driver incl. 5P Aansluitsnoer B2ca
Z1089331-TC-DA,Pragmalux,Pragmalux LED Opbouwarmatuur Optic zwarte reflector 30x120cm 36W 4050-4400lm 3000K-3500K-4000K 3CCT CRI>90 UGR<16 zwart RAL9005 + TCI DALI driver
Z1089331-TC-DA-ST3,Pragmalux,Pragmalux LED Opbouwarmatuur Optic zwarte reflector 30x120cm 36W 4050-4400lm 3000K-3500K-4000K 3CCT CRI>90 UGR<16 zwart RAL9005 + TCI DALI driver incl. 3P Aansluitsnoer
Z1089331-TC-DA-ST5,Pragmalux,Pragmalux LED Opbouwarmatuur Optic zwarte reflector 30x120cm 36W 4050-4400lm 3000K-3500K-4000K 3CCT CRI>90 UGR<16 zwart RAL9005 + TCI DALI driver incl. 5P Aansluitsnoer B2ca
Z1089300-TC-DA,Pragmalux,Pragmalux LED Opbouwarmatuur Optic zwarte reflector 60x60cm 36W 4050-4400lm 3000K-3500K-4000K 3CCT CRI>90 UGR<16 wit RAL9003 + TCI DALI driver
Z1089300-TC-DA-ST3,Pragmalux,Pragmalux LED Opbouwarmatuur Optic zwarte reflector 60x60cm 36W 4050-4400lm 3000K-3500K-4000K 3CCT CRI>90 UGR<16 wit RAL9003 + TCI DALI driver incl. 3P Aansluitsnoer
Z1089300-TC-DA-ST5,Pragmalux,Pragmalux LED Opbouwarmatuur Optic zwarte reflector 60x60cm 36W 4050-4400lm 3000K-3500K-4000K 3CCT CRI>90 UGR<16 wit RAL9003 + TCI DALI driver incl. 5P Aansluitsnoer B2ca
Z1089317-TC-DA,Pragmalux,Pragmalux LED Opbouwarmatuur Optic zwarte reflector 60x60cm 36W 4050-4400lm 3000K-3500K-4000K 3CCT CRI>90 UGR<16 zwart RAL9005 + TCI DALI driver
Z1089317-TC-DA-ST3,Pragmalux,Pragmalux LED Opbouwarmatuur Optic zwarte reflector 60x60cm 36W 4050-4400lm 3000K-3500K-4000K 3CCT CRI>90 UGR<16 zwart RAL9005 + TCI DALI driver incl. 3P Aansluitsnoer
Z1089317-TC-DA-ST5,Pragmalux,Pragmalux LED Opbouwarmatuur Optic zwarte reflector 60x60cm 36W 4050-4400lm 3000K-3500K-4000K 3CCT CRI>90 UGR<16 zwart RAL9005 + TCI DALI driver incl. 5P Aansluitsnoer B2ca
2033597-DA-NA,Pragmalux,Pragmalux LED Opbouwarmatuur Opus prisma 160x1300mm  max.32W 4250lm 3000K-4000K 2CCT UGR<19 wit RAL9003 DALI2 + noodmodule 3uur zelftest
2033597-NA,Pragmalux,Pragmalux LED Opbouwarmatuur Opus prisma 160x1300mm 18-32W 2400-4250lm 3000K-4000K 2CCT UGR<19 wit RAL9003 + noodmodule 3uur zelftest
2033597-PS,Pragmalux,Pragmalux LED Opbouwarmatuur Opus prisma 160x1300mm 18-32W 2400-4250lm 3000K-4000K 2CCT UGR<19 wit RAL9003 + PIR sensor
2033597-PS-NA,Pragmalux,Pragmalux LED Opbouwarmatuur Opus prisma 160x1300mm 18-32W 2400-4250lm 3000K-4000K 2CCT UGR<19 wit RAL9003 + PIR sensor & noodmodule 3uur zelftest
2033597-DA,Pragmalux,Pragmalux LED Opbouwarmatuur Opus prisma 160x1300mm max.32W 4250lm 3000K-4000K 2CCT UGR<19 wit RAL9003 DALI2
2033672-NA,Pragmalux,Pragmalux LED Opbouwarmatuur Opus prisma 160x1495mm 30-50W 4000-6850lm 3000K-4000K 2CCT UGR<19 wit RAL9003 + noodmodule 3uur zelftest
2033672-PS,Pragmalux,Pragmalux LED Opbouwarmatuur Opus prisma 160x1495mm 30-50W 4000-6850lm 3000K-4000K 2CCT UGR<19 wit RAL9003 + PIR sensor
2033672-PS-NA,Pragmalux,Pragmalux LED Opbouwarmatuur Opus prisma 160x1495mm 30-50W 4000-6850lm 3000K-4000K 2CCT UGR<19 wit RAL9003 + PIR sensor & noodmodule 3uur zelftest
2033672-DA,Pragmalux,Pragmalux LED Opbouwarmatuur Opus prisma 160x1495mm max.50W 6850lm 3000K-4000K 2CCT UGR<19 wit RAL9003 DALI2
2033672-DA-NA,Pragmalux,Pragmalux LED Opbouwarmatuur Opus prisma 160x1495mm max.50W 6850lm 3000K-4000K 2CCT UGR<19 wit RAL9003 DALI2 + noodmodule 3uur zelftest
2033597-U,Pragmalux,Pragmalux LED Opbouwarmatuur Opus prisma up/down 160x1300mm 23-40W 3000-5400lm 3000K-4000K 2CCT UGR<19 wit RAL9003
2033597-U-NA,Pragmalux,Pragmalux LED Opbouwarmatuur Opus prisma up/down 160x1300mm 23-40W 3000-5400lm 3000K-4000K 2CCT UGR<19 wit RAL9003 + noodmodule 3uur zelftest
2033597-U-PS,Pragmalux,Pragmalux LED Opbouwarmatuur Opus prisma up/down 160x1300mm 23-40W 3000-5400lm 3000K-4000K 2CCT UGR<19 wit RAL9003 + PIR sensor
2033597-U-PS-NA,Pragmalux,Pragmalux LED Opbouwarmatuur Opus prisma up/down 160x1300mm 23-40W 3000-5400lm 3000K-4000K 2CCT UGR<19 wit RAL9003 + PIR sensor & noodmodule 3uur zelftest
2033597-U-DA,Pragmalux,Pragmalux LED Opbouwarmatuur Opus prisma up/down 160x1300mm max.40W 5400lm 3000K-4000K 2CCT UGR<19 wit RAL9003 DALI2
2033597-U-DA-NA,Pragmalux,Pragmalux LED Opbouwarmatuur Opus prisma up/down 160x1300mm max.40W 5400lm 3000K-4000K 2CCT UGR<19 wit RAL9003 DALI2  + noodmodule 3uur zelftest
2033672-U,Pragmalux,Pragmalux LED Opbouwarmatuur Opus prisma up/down 160x1495mm 35-60W 4750-8700lm 3000K-4000K 2CCT UGR<19 wit RAL9003
2033672-U-NA,Pragmalux,Pragmalux LED Opbouwarmatuur Opus prisma up/down 160x1495mm 35-60W 4750-8700lm 3000K-4000K 2CCT UGR<19 wit RAL9003 + noodmodule 3uur zelftest
2033672-U-PS,Pragmalux,Pragmalux LED Opbouwarmatuur Opus prisma up/down 160x1495mm 35-60W 4750-8700lm 3000K-4000K 2CCT UGR<19 wit RAL9003 + PIR sensor
2033672-U-PS-NA,Pragmalux,Pragmalux LED Opbouwarmatuur Opus prisma up/down 160x1495mm 35-60W 4750-8700lm 3000K-4000K 2CCT UGR<19 wit RAL9003 + PIR sensor & noodmodule 3uur zelftest
2033672-U-DA,Pragmalux,Pragmalux LED Opbouwarmatuur Opus prisma up/down 160x1495mm max.60W 8700lm 3000K-4000K 2CCT UGR<19 wit RAL9003 DALI2
2033672-U-DA-NA,Pragmalux,Pragmalux LED Opbouwarmatuur Opus prisma up/down 160x1495mm max.60W 8700lm 3000K-4000K 2CCT UGR<19 wit RAL9003 DALI2 + noodmodule 3uur zelftest
1044545-PR-EUR,Pragmalux,Pragmalux LED Paneel 30x120cm Easy G2 26-36W 3000K-6000K 3-CCT 2850-4200lm +Driver incl. eurosnoer 2m wit (2x28W)
1044545-PR-GST3S,Pragmalux,"Pragmalux LED Paneel 30x120cm Easy G2 26-36W 3000K-6000K 3-CCT 2850-4200lm +Driver incl. GST18i3 en splitter en trekontlasting, 1 in 2 uit (2x28W)"
1044545-UN-GST5S,Pragmalux,"Pragmalux LED Paneel 30x120cm Easy G2 26-36W 3000K-6000K 3-CCT 2850-4200lm +Universele Driver (DALI2, 1-10V, Push-dim) (2x28W) incl. GST18i5 en splitter en trekontlasting, 1 in 2 uit"
1044545-UN-GST5,Pragmalux,"Pragmalux LED Paneel 30x120cm Easy G2 26-36W 3000K-6000K 3-CCT 2850-4200lm +Universele Driver (DALI2, 1-10V, Push-dim) (2x28W) incl.GST18i5"
1044545-PH-EUR,Pragmalux,Pragmalux LED Paneel 30x120cm Easy G2 27-36W 3000K-6000K 3-CCT 3000-4200lm +Philips Driver incl. eurosnoer 2m wit (2x28W)
1044545-PH-GST3S,Pragmalux,"Pragmalux LED Paneel 30x120cm Easy G2 27-36W 3000K-6000K 3-CCT 3000-4200lm +Philips Driver incl. GST18i3 en splitter en trekontlasting, 1 in 2 uit (2x28W)"
1044514-PR-EUR,Pragmalux,Pragmalux LED Paneel 30x120cm Essence G3 25-34W 3000K-6000K 3-CCT 3050-4350lm UGR<19 +Driver incl. eurosnoer 2m wit (2x28W)
1044514-PR-GST3S,Pragmalux,"Pragmalux LED Paneel 30x120cm Essence G3 25-34W 3000K-6000K 3-CCT 3050-4350lm UGR<19 +Driver incl. GST18i3 en splitter en trekontlasting, 1 in 2 uit (2x28W)"
1044514-UN-GST5S,Pragmalux,"Pragmalux LED Paneel 30x120cm Essence G3 25-34W 3000K-6000K 3-CCT 3050-4350lm UGR<19 +Universele Driver (DALI2, 1-10V, Push-dim) (2x28W) incl. GST18i5 en splitter en trekontlasting, 1 in 2 uit"
1044514-UN-GST5,Pragmalux,"Pragmalux LED Paneel 30x120cm Essence G3 25-34W 3000K-6000K 3-CCT 3050-4350lm UGR<19 +Universele Driver (DALI2, 1-10V, Push-dim) (2x28W) incl.GST18i5"
1044514-PH-EUR,Pragmalux,Pragmalux LED Paneel 30x120cm Essence G3 27-34W 3000K-6000K 3-CCT 3300-4350lm UGR<19 +Philips Driver incl. eurosnoer 2m wit (2x28W)
1044514-PH-GST3S,Pragmalux,"Pragmalux LED Paneel 30x120cm Essence G3 27-34W 3000K-6000K 3-CCT 3300-4350lm UGR<19 +Philips Driver incl. GST18i3 en splitter en trekontlasting, 1 in 2 uit (2x28W)"
1000947-PH-700-EUR,Pragmalux,Pragmalux LED Paneel 30x120cm Sigma G2 IP44 18-26W 3000K-4000K 2-CCT 2400-3650lm UGR<19 +Philips Driver incl. eurosnoer 2m wit (2x28W)
1000947-PH-700-GST3S,Pragmalux,"Pragmalux LED Paneel 30x120cm Sigma G2 IP44 18-26W 3000K-4000K 2-CCT 2400-3650lm UGR<19 +Philips Driver incl. GST18i3 en splitter en trekontlasting, 1 in 2 uit (2x28W)"
1000947-PR-EUR,Pragmalux,Pragmalux LED Paneel 30x120cm Sigma G2 IP44 26-38W 3000K-4000K 2-CCT 3500-5100lm UGR<19 +Driver incl. eurosnoer 2m wit (2x28W)
1000947-PR-GST3S,Pragmalux,"Pragmalux LED Paneel 30x120cm Sigma G2 IP44 26-38W 3000K-4000K 2-CCT 3500-5100lm UGR<19 +Driver incl. GST18i3 en splitter en trekontlasting, 1 in 2 uit (2x28W)"
1000947-PR-UN-GST5S,Pragmalux,"Pragmalux LED Paneel 30x120cm Sigma G2 IP44 26-38W 3000K-4000K 2-CCT 3500-5100lm UGR<19 +Universele Driver (DALI2, 1-10V, Push-dim) (2x28W) incl. GST18i5 en splitter en trekontlasting, 1 in 2 uit"
1000947-PR-UN-GST5,Pragmalux,"Pragmalux LED Paneel 30x120cm Sigma G2 IP44 26-38W 3000K-4000K 2-CCT 3500-5100lm UGR<19 +Universele Driver (DALI2, 1-10V, Push-dim) (2x28W) incl.GST18i5"
1000947-PH-DA,Pragmalux,Pragmalux LED Paneel 30x120cm Sigma G2 IP44 37W 3000K-4000K 2-CCT 4900-5000lm UGR<19 +Philips Dali (2x28W)
1043241-PH-700-EUR,Pragmalux,Pragmalux LED Paneel 30x120cm Sigma G2 IP65 CRI>90 13-26W 3000K-4000K 2-CCT 1700-3600lm UGR<19 +Philips Driver incl. eurosnoer 2m wit(2x28W/2x36W)
1043241-PH-700-GST3S,Pragmalux,"Pragmalux LED Paneel 30x120cm Sigma G2 IP65 CRI>90 13-26W 3000K-4000K 2-CCT 1700-3600lm UGR<19 +Philips Driver incl. GST18i3 en splitter en trekontlasting, 1 in 2 uit (2x28W/2x36W)"
1043258-PH-700-EUR,Pragmalux,Pragmalux LED Paneel 30x120cm Sigma G2 IP65 CRI>90 13-26W 5000K-6500K 2-CCT 1800-3800lm UGR<19 +Philips Driver incl. eurosnoer 2m wit(2x28W/2x36W)
1043258-PH-700-GST3S,Pragmalux,"Pragmalux LED Paneel 30x120cm Sigma G2 IP65 CRI>90 13-26W 5000K-6500K 2-CCT 1800-3800lm UGR<19 +Philips Driver incl. GST18i3 en splitter en trekontlasting, 1 in 2 uit (2x28W/2x36W)"
1043241-PR-EUR,Pragmalux,Pragmalux LED Paneel 30x120cm Sigma G2 IP65 CRI>90 26-37W 3000K-4000K 2-CCT 3550-5000lm UGR<19 +Driver incl. eurosnoer 2m wit(2x28W/2x36W)
1043241-PR-GST3S,Pragmalux,"Pragmalux LED Paneel 30x120cm Sigma G2 IP65 CRI>90 26-37W 3000K-4000K 2-CCT 3550-5000lm UGR<19 +Driver incl. GST18i3 en splitter en trekontlasting, 1 in 2 uit (2x28W/2x36W)"
1043241-PR-UN-EUR,Pragmalux,"Pragmalux LED Paneel 30x120cm Sigma G2 IP65 CRI>90 26-37W 3000K-4000K 2-CCT 3550-5000lm UGR<19 +Universele Driver (DALI2, 1-10V, Push-dim) incl. eurosnoer 2m wit(2x28W/2x36W)"
1043258-PR-EUR,Pragmalux,Pragmalux LED Paneel 30x120cm Sigma G2 IP65 CRI>90 26-37W 5000K-6500K 2-CCT 3700-5300lm UGR<19 +Driver incl. eurosnoer 2m wit(2x28W/2x36W)
1043258-PR-GST3S,Pragmalux,"Pragmalux LED Paneel 30x120cm Sigma G2 IP65 CRI>90 26-37W 5000K-6500K 2-CCT 3700-5300lm UGR<19 +Driver incl. GST18i3 en splitter en trekontlasting, 1 in 2 uit (2x28W/2x36W)"
1043258-PR-UN-EUR,Pragmalux,"Pragmalux LED Paneel 30x120cm Sigma G2 IP65 CRI>90 26-37W 5000K-6500K 2-CCT 3700-5300lm UGR<19 +Universele Driver (DALI2, 1-10V, Push-dim) incl. eurosnoer 2m wit(2x28W/2x36W)"
1042541-PH-700-EUR,Pragmalux,Pragmalux LED Paneel 30x120cm Sigma G2 Zwart IP44 18-26W 3000K-4000K 2-CCT 2400-3650lm UGR<19 +Philips Driver incl. eurosnoer 2m wit (2x28W)
1042541-PH-700-GST3S,Pragmalux,"Pragmalux LED Paneel 30x120cm Sigma G2 Zwart IP44 18-26W 3000K-4000K 2-CCT 2400-3650lm UGR<19 +Philips Driver incl. GST18i3 en splitter en trekontlasting, 1 in 2 uit (2x28W)"
1042541-PR-EUR,Pragmalux,Pragmalux LED Paneel 30x120cm Sigma G2 Zwart IP44 26-38W 3000K-4000K 2-CCT 3500-5100lm UGR<19 +Driver incl. eurosnoer 2m wit (2x28W)
1042541-PR-UN-GST5S,Pragmalux,"Pragmalux LED Paneel 30x120cm Sigma G2 Zwart IP44 26-38W 3000K-4000K 2CCT 3500-5100lm UGR<19 +Universele Driver (DALI2, 1-10V, Push-dim) (2x28W) incl. GST18i5 en splitter en trekontlasting, 1 in 2 uit"
1042541-PR-UN-GST5,Pragmalux,"Pragmalux LED Paneel 30x120cm Sigma G2 Zwart IP44 26-38W 3000K-4000K 2-CCT 3500-5100lm UGR<19 +Universele Driver (DALI2, 1-10V, Push-dim) (2x28W) incl.GST18i5"
1000923-PH-350-EUR,Pragmalux,Pragmalux LED Paneel 30x60cm Sigma G2 IP44 11-20W 3000K-4000K 2-CCT 1250-2500lm UGR<19 +Philips Driver incl. eurosnoer 2m wit (2x14W)
1000923-PH-350-GST3,Pragmalux,Pragmalux LED Paneel 30x60cm Sigma G2 IP44 11-20W 3000K-4000K 2-CCT 1250-2500lm UGR<19 +Philips Driver incl. GST18i3 (2x14W)
1000923-PH-350-GST3S,Pragmalux,"Pragmalux LED Paneel 30x60cm Sigma G2 IP44 11-20W 3000K-4000K 2-CCT 1250-2500lm UGR<19 +Philips Driver incl. GST18i3 en splitter en trekontlasting, 1 in 2 uit (2x14W)"
1000923-PH-DA,Pragmalux,Pragmalux LED Paneel 30x60cm Sigma G2 IP44 20W 3000K-4000K 2-CCT 2400-2500lm UGR<19 +Philips Dali (2x14W)
1000923-PR-EUR,Pragmalux,Pragmalux LED Paneel 30x60cm Sigma G2 IP44 9-20W 3000K-4000K 2-CCT 1050-2500lm UGR<19 +Driver incl. eurosnoer 2m wit (2x14W)
1000923-PR-GST3S,Pragmalux,"Pragmalux LED Paneel 30x60cm Sigma G2 IP44 9-20W 3000K-4000K 2-CCT 1050-2500lm UGR<19 +Driver incl. GST18i3 en splitter en trekontlasting, 1 in 2 uit (2x14W)"
1043203-PR-UN-EUR,Pragmalux,"Pragmalux LED Paneel 30x60cm Sigma G2 IP65 CRI>90 10-20W 3000K-4000K 2-CCT 1200-2500lm UGR<19 +Universele Driver (DALI2, 1-10V, Push-dim) incl. eurosnoer 2m wit(2x14W/2X18W)"
1043210-PR-UN-EUR,Pragmalux,"Pragmalux LED Paneel 30x60cm Sigma G2 IP65 CRI>90 10-20W 5000K-6500K 2-CCT 1250-2600lm UGR<19 +Universele Driver (DALI2, 1-10V, Push-dim) incl. eurosnoer 2m wit(2x14W/2X18W)"
1043203-PH-350-EUR,Pragmalux,Pragmalux LED Paneel 30x60cm Sigma G2 IP65 CRI>90 6-20W 3000K-4000K 2-CCT 700-2500lm UGR<19 +Philips Driver incl. eurosnoer 2m wit(2x14W/2X18W)
1043203-PH-350-GST3,Pragmalux,Pragmalux LED Paneel 30x60cm Sigma G2 IP65 CRI>90 6-20W 3000K-4000K 2-CCT 700-2500lm UGR<19 +Philips Driver incl. GST18i3 (2x14W/2X18W)
1043203-PH-350-GST3S,Pragmalux,"Pragmalux LED Paneel 30x60cm Sigma G2 IP65 CRI>90 6-20W 3000K-4000K 2-CCT 700-2500lm UGR<19 +Philips Driver incl. GST18i3 en splitter en trekontlasting, 1 in 2 uit (2x14W/2X18W)"
1043210-PH-350-EUR,Pragmalux,Pragmalux LED Paneel 30x60cm Sigma G2 IP65 CRI>90 6-20W 5000K-6500K 2-CCT 800-2600lm UGR<19 +Philips Driver incl. eurosnoer 2m wit(2x14W/2X18W)
1043210-PH-350-GST3,Pragmalux,Pragmalux LED Paneel 30x60cm Sigma G2 IP65 CRI>90 6-20W 5000K-6500K 2-CCT 800-2600lm UGR<19 +Philips Driver incl. GST18i3 (2x14W/2X18W)
1043210-PH-350-GST3S,Pragmalux,"Pragmalux LED Paneel 30x60cm Sigma G2 IP65 CRI>90 6-20W 5000K-6500K 2-CCT 800-2600lm UGR<19 +Philips Driver incl. GST18i3 en splitter en trekontlasting, 1 in 2 uit (2x14W/2X18W)"
1043203-PR-EUR,Pragmalux,Pragmalux LED Paneel 30x60cm Sigma G2 IP65 CRI>90 9-20W 3000K-4000K 2-CCT 1000-2500lm UGR<19 +Driver incl. eurosnoer 2m wit(2x14W/2X18W)
1043203-PR-GST3S,Pragmalux,"Pragmalux LED Paneel 30x60cm Sigma G2 IP65 CRI>90 9-20W 3000K-4000K 2-CCT 1000-2500lm UGR<19 +Driver incl. GST18i3 en splitter en trekontlasting, 1 in 2 uit (2x14W/2X18W)"
1043210-PR-EUR,Pragmalux,Pragmalux LED Paneel 30x60cm Sigma G2 IP65 CRI>90 9-20W 5000K-6500K 2-CCT 1100-2600lm UGR<19 +Driver incl. eurosnoer 2m wit(2x14W/2X18W)
1043210-PR-GST3S,Pragmalux,"Pragmalux LED Paneel 30x60cm Sigma G2 IP65 CRI>90 9-20W 5000K-6500K 2-CCT 1100-2600lm UGR<19 +Driver incl. GST18i3 en splitter en trekontlasting, 1 in 2 uit (2x14W/2X18W)"
1042527-PH-350-EUR,Pragmalux,Pragmalux LED Paneel 30x60cm Sigma G2 Zwart IP44 11-20W 3000K-4000K 2-CCT 1250-2500lm UGR<19 +Philips Driver incl. eurosnoer 2m wit (2x14W)
1042527-PH-350-GST3,Pragmalux,Pragmalux LED Paneel 30x60cm Sigma G2 Zwart IP44 11-20W 3000K-4000K 2-CCT 1250-2500lm UGR<19 +Philips Driver incl. GST18i3 (2x14W)
1042527-PH-350-GST3S,Pragmalux,"Pragmalux LED Paneel 30x60cm Sigma G2 Zwart IP44 11-20W 3000K-4000K 2-CCT 1250-2500lm UGR<19 +Philips Driver incl. GST18i3 en splitter en trekontlasting, 1 in 2 uit (2x14W)"
1042527-PR-EUR,Pragmalux,Pragmalux LED Paneel 30x60cm Sigma G2 Zwart IP44 9-20W 3000K-4000K 2-CCT 1050-2500lm UGR<19 +Driver incl. eurosnoer 2m wit (2x14W)
1042527-PR-GST3S,Pragmalux,"Pragmalux LED Paneel 30x60cm Sigma G2 Zwart IP44 9-20W 3000K-4000K 2-CCT 1050-2500lm UGR<19 +Driver incl. GST18i3 en splitter en trekontlasting, 1 in 2 uit (2x14W)"
1044538-PR-EUR,Pragmalux,Pragmalux LED Paneel 60x60cm Easy G2 26-36W 3000K-6000K 3-CCT 2850-4200lm +Driver incl. eurosnoer 2m wit (4x14W)
1044538-PR-GST3S,Pragmalux,"Pragmalux LED Paneel 60x60cm Easy G2 26-36W 3000K-6000K 3-CCT 2850-4200lm +Driver incl. GST18i3 en splitter en trekontlasting, 1 in 2 uit (4x14W)"
1044538-UN-GST5S,Pragmalux,"Pragmalux LED Paneel 60x60cm Easy G2 26-36W 3000K-6000K 3-CCT 2850-4200lm +Universele Driver (DALI2, 1-10V, Push-dim) (4x14W) incl. GST18i5 en splitter en trekontlasting, 1 in 2 uit"
1044538-UN-GST5,Pragmalux,"Pragmalux LED Paneel 60x60cm Easy G2 26-36W 3000K-6000K 3-CCT 2850-4200lm +Universele Driver (DALI2, 1-10V, Push-dim) (4x14W) incl.GST18i5"
1044538-PH-EUR,Pragmalux,Pragmalux LED Paneel 60x60cm Easy G2 27-36W 3000K-6000K 3-CCT 3000-4200lm +Philips Driver incl. eurosnoer 2m wit (4x14W)
1044538-PH-GST3S,Pragmalux,"Pragmalux LED Paneel 60x60cm Easy G2 27-36W 3000K-6000K 3-CCT 3000-4200lm +Philips Driver incl. GST18i3 en splitter en trekontlasting, 1 in 2 uit (4x14W)"
1044507-PR-EUR,Pragmalux,Pragmalux LED Paneel 60x60cm Essence G3 25-34W 3000K-6000K 3-CCT 3050-4350lm UGR<19 +Driver incl. eurosnoer 2m wit (4x14W)
1044507-PR-GST3S,Pragmalux,"Pragmalux LED Paneel 60x60cm Essence G3 25-34W 3000K-6000K 3-CCT 3050-4350lm UGR<19 +Driver incl. GST18i3 en splitter en trekontlasting, 1 in 2 uit (4x14W)"
1044507-UN-GST5S,Pragmalux,"Pragmalux LED Paneel 60x60cm Essence G3 25-34W 3000K-6000K 3-CCT 3050-4350lm UGR<19 +Universele Driver (DALI2, 1-10V, Push-dim) (4x14W) incl. GST18i5 en splitter en trekontlasting, 1 in 2 uit"
1044507-UN-GST5,Pragmalux,"Pragmalux LED Paneel 60x60cm Essence G3 25-34W 3000K-6000K 3-CCT 3050-4350lm UGR<19 +Universele Driver (DALI2, 1-10V, Push-dim) (4x14W) incl.GST18i5"
1044507-PH-EUR,Pragmalux,Pragmalux LED Paneel 60x60cm Essence G3 27-34W 3000K-6000K 3-CCT 3300-4350lm UGR<19 +Philips Driver incl. eurosnoer 2m wit (4x14W)
1044507-PH-GST3S,Pragmalux,"Pragmalux LED Paneel 60x60cm Essence G3 27-34W 3000K-6000K 3-CCT 3300-4350lm UGR<19 +Philips Driver incl. GST18i3 en splitter en trekontlasting, 1 in 2 uit (4x14W)"
1000930-PH-700-EUR,Pragmalux,Pragmalux LED Paneel 60x60cm Sigma G2 IP44 18-26W 3000K-4000K 2-CCT 2400-3650lm UGR<19 +Philips Driver incl. eurosnoer 2m wit (4x14W)
1000930-PH-700-GST3S,Pragmalux,"Pragmalux LED Paneel 60x60cm Sigma G2 IP44 18-26W 3000K-4000K 2-CCT 2400-3650lm UGR<19 +Philips Driver incl. GST18i3 en splitter en trekontlasting, 1 in 2 uit (4x14W)"
1000930-PR-EUR,Pragmalux,Pragmalux LED Paneel 60x60cm Sigma G2 IP44 26-38W 3000K-4000K 2-CCT 3500-5100lm UGR<19 +Driver incl. eurosnoer 2m wit (4x14W)
1000930-PR-GST3S,Pragmalux,"Pragmalux LED Paneel 60x60cm Sigma G2 IP44 26-38W 3000K-4000K 2-CCT 3500-5100lm UGR<19 +Driver incl. GST18i3 en splitter en trekontlasting, 1 in 2 uit (4x14W)"
1000930-PR-UN-GST5S,Pragmalux,"Pragmalux LED Paneel 60x60cm Sigma G2 IP44 26-38W 3000K-4000K 2-CCT 3500-5100lm UGR<19 +Universele Driver (DALI2, 1-10V, Push-dim) (4x14W) incl. GST18i5 en splitter en trekontlasting, 1 in 2 uit"
1000930-PR-UN-GST5,Pragmalux,"Pragmalux LED Paneel 60x60cm Sigma G2 IP44 26-38W 3000K-4000K 2-CCT 3500-5100lm UGR<19 +Universele Driver (DALI2, 1-10V, Push-dim) (4x14W) incl.GST18i5"
1000930-PH-DA,Pragmalux,Pragmalux LED Paneel 60x60cm Sigma G2 IP44 37W 3000K-4000K 2-CCT 4900-5000lm UGR<19 +Philips Dali (4x14W)
1043227-PH-700-EUR,Pragmalux,Pragmalux LED Paneel 60x60cm Sigma G2 IP65 CRI>90 13-26W 3000K-4000K 2-CCT 1700-3600lm UGR<19 +Philips Driver incl. eurosnoer 2m wit(4x14W/4X18W)
1043227-PH-700-GST3S,Pragmalux,"Pragmalux LED Paneel 60x60cm Sigma G2 IP65 CRI>90 13-26W 3000K-4000K 2-CCT 1700-3600lm UGR<19 +Philips Driver incl. GST18i3 en splitter en trekontlasting, 1 in 2 uit (4x14W/4X18W)"
1043234-PH-700-EUR,Pragmalux,Pragmalux LED Paneel 60x60cm Sigma G2 IP65 CRI>90 13-26W 5000K-6500K 2-CCT 1800-3800lm UGR<19 +Philips Driver incl. eurosnoer 2m wit(4x14W/4X18W)
1043234-PH-700-GST3S,Pragmalux,"Pragmalux LED Paneel 60x60cm Sigma G2 IP65 CRI>90 13-26W 5000K-6500K 2-CCT 1800-3800lm UGR<19 +Philips Driver incl. GST18i3 en splitter en trekontlasting, 1 in 2 uit (4x14W/4X18W)"
1043227-PR-EUR,Pragmalux,Pragmalux LED Paneel 60x60cm Sigma G2 IP65 CRI>90 26-37W 3000K-4000K 2-CCT 3550-5000lm UGR<19 +Driver incl. eurosnoer 2m wit(4x14W/4X18W)
1043227-PR-GST3S,Pragmalux,"Pragmalux LED Paneel 60x60cm Sigma G2 IP65 CRI>90 26-37W 3000K-4000K 2-CCT 3550-5000lm UGR<19 +Driver incl. GST18i3 en splitter en trekontlasting, 1 in 2 uit (4x14W/4X18W)"
1043227-PR-UN-EUR,Pragmalux,"Pragmalux LED Paneel 60x60cm Sigma G2 IP65 CRI>90 26-37W 3000K-4000K 2-CCT 3550-5000lm UGR<19 +Universele Driver (DALI2, 1-10V, Push-dim) incl. eurosnoer 2m wit(4x14W/4X18W)"
1043234-PR-EUR,Pragmalux,Pragmalux LED Paneel 60x60cm Sigma G2 IP65 CRI>90 26-37W 5000K-6500K 2-CCT 3700-5300lm UGR<19 +Driver incl. eurosnoer 2m wit(4x14W/4X18W)
1043234-PR-GST3S,Pragmalux,"Pragmalux LED Paneel 60x60cm Sigma G2 IP65 CRI>90 26-37W 5000K-6500K 2-CCT 3700-5300lm UGR<19 +Driver incl. GST18i3 en splitter en trekontlasting, 1 in 2 uit (4x14W/4X18W)"
1043234-PR-UN-EUR,Pragmalux,"Pragmalux LED Paneel 60x60cm Sigma G2 IP65 CRI>90 26-37W 5000K-6500K 2-CCT 3700-5300lm UGR<19 +Universele Driver (DALI2, 1-10V, Push-dim) incl. eurosnoer 2m wit(4x14W/4X18W)"
1042534-PH-700-EUR,Pragmalux,Pragmalux LED Paneel 60x60cm Sigma G2 Zwart IP44 18-26W 3000K-4000K 2-CCT 2400-3650lm UGR<19 +Philips Driver incl. eurosnoer 2m wit (4x14W)
1042534-PH-700-GST3S,Pragmalux,"Pragmalux LED Paneel 60x60cm Sigma G2 Zwart IP44 18-26W 3000K-4000K 2-CCT 2400-3650lm UGR<19 +Philips Driver incl. GST18i3 en splitter en trekontlasting, 1 in 2 uit (4x14W)"
1042534-PR-EUR,Pragmalux,Pragmalux LED Paneel 60x60cm Sigma G2 Zwart IP44 26-38W 3000K-4000K 2-CCT 3500-5100lm UGR<19 +Driver incl. eurosnoer 2m wit (4x14W)
1042534-PR-GST3S,Pragmalux,"Pragmalux LED Paneel 60x60cm Sigma G2 Zwart IP44 26-38W 3000K-4000K 2-CCT 3500-5100lm UGR<19 +Driver incl. GST18i3 en splitter en trekontlasting, 1 in 2 uit (4x14W)"
1042534-PR-UN-GST5S,Pragmalux,"Pragmalux LED Paneel 60x60cm Sigma G2 Zwart IP44 26-38W 3000K-4000K 2-CCT 3500-5100lm UGR<19 +Universele Driver (DALI2, 1-10V, Push-dim) (4x14W) incl. GST18i5 en splitter en trekontlasting, 1 in 2 uit"
1042534-PR-UN-GST5,Pragmalux,"Pragmalux LED Paneel 60x60cm Sigma G2 Zwart IP44 26-38W 3000K-4000K 2-CCT 3500-5100lm UGR<19 +Universele Driver (DALI2, 1-10V, Push-dim) (4x14W) incl.GST18i5"
2036253-PH-800,Pragmalux,Pragmalux LED Paneel Flexcore IP44 30x120cm 26-39W 3600-5500lm 3000K-3500K-4000K 3CCT CRI>90 UGR<19 wit RAL9003 PLENUM +Philips driver
1048994,Pragmalux,Pragmalux LED Paneel Flexcore IP44 Easyair Sensor 30x120cm 26-39W 3600-5500lm 3000K-3500K-4000K 3CCT CRI >90 UGR<19 wit RAL9003 excl. led driver
H1088402-TC-DA-ST5,Pragmalux,Pragmalux LED Paneel Optic hoogglans reflector 30x120cm 36W 4400-4800lm 3000K-3500K-4000K 3CCT CRI>90 UGR<16 wit RAL9003 + TCI DALI Driver + 5P Aansluitsnoer B2ca
H1088419-TC-DA-ST5,Pragmalux,Pragmalux LED Paneel Optic hoogglans reflector 30x120cm 36W 4400-4800lm 3000K-3500K-4000K 3CCT CRI>90 UGR<16 zwart RAL9005 + TCI DALI Driver + 5P Aansluitsnoer B2ca
H1088396-TC-DA-ST5,Pragmalux,Pragmalux LED Paneel Optic hoogglans reflector 60x60cm 36W 4400-4800lm 3000K-3500K-4000K 3CCT CRI>90 UGR<16 zwart RAL9005 + TCI DALI Driver + 5P Aansluitsnoer B2ca
1088402-TC-DA-ST5,Pragmalux,Pragmalux LED Paneel Optic matte reflector 30x120cm 36W 4350-4750lm 3000K-3500K-4000K 3CCT CRI>90 UGR<16 wit RAL9003 + TCI DALI Driver + 5P Aansluitsnoer B2ca
1088419-TC-DA-ST5,Pragmalux,Pragmalux LED Paneel Optic matte reflector 30x120cm 36W 4350-4750lm 3000K-3500K-4000K 3CCT CRI>90 UGR<16 zwart RAL9005 + TCI DALI Driver + 5P Aansluitsnoer B2ca
2033221-PH-ST3,Pragmalux,Pragmalux LED Paneel Optic matte reflector 60x60cm 26-36W 3550-4750lm 3000K-3500K-4000K 3CCT CRI>90 UGR<16 wit RAL9003 +Philips driver & 3P Aansluitsnoer B2ca+ plenum
1088389-TC-DA-ST5,Pragmalux,Pragmalux LED Paneel Optic matte reflector 60x60cm 36W 4350-4750lm 3000K-3500K-4000K 3CCT CRI>90 UGR<16 wit RAL9003 + TCI DALI Driver + 5P Aansluitsnoer B2ca
1088396-TC-DA-ST5,Pragmalux,Pragmalux LED Paneel Optic matte reflector 60x60cm 36W 4350-4750lm 3000K-3500K-4000K 3CCT CRI>90 UGR<16 zwart RAL9005 + TCI DALI Driver + 5P Aansluitsnoer B2ca
Z1088402-TC-DA-ST5,Pragmalux,Pragmalux LED Paneel Optic zwarte reflector 30x120cm 36W 4050-4400lm 3000K-3500K-4000K 3CCT CRI>90 UGR<16 wit RAL9003 + TCI DALI Driver + 5P Aansluitsnoer B2ca
Z1088419-TC-DA-ST5,Pragmalux,Pragmalux LED Paneel Optic zwarte reflector 30x120cm 36W 4050-4400lm 3000K-3500K-4000K 3CCT CRI>90 UGR<16 zwart RAL9005 + TCI DALI Driver + 5P Aansluitsnoer B2ca
Z1088396-TC-DA-ST5,Pragmalux,Pragmalux LED Paneel Optic zwarte reflector 60x60cm 36W 4050-4400lm 3000K-3500K-4000K 3CCT CRI>90 UGR<16 zwart RAL9005 + TCI DALI Driver + 5P Aansluitsnoer B2ca
2032972-WS,Pragmalux,Pragmalux LED Plafonnière / Pendelarmatuur Eclipse-L Wit Ø430 IP40 IK08 13-32W 1400-4000lm 3000K-3500K-4000K 3-CCT + draadloos sensor
2032972-NA,Pragmalux,Pragmalux LED Plafonnière / Pendelarmatuur Eclipse-L Wit Ø430 IP40 IK08 13-32W 1400-4000lm 3000K-3500K-4000K 3-CCT + noodmodule 3uur zelftest
2032972-S,Pragmalux,Pragmalux LED Plafonnière / Pendelarmatuur Eclipse-L Wit Ø430 IP40 IK08 13-32W 1400-4000lm 3000K-3500K-4000K 3-CCT + step-dim daglicht & bewegingssensor
2032972-SNA,Pragmalux,Pragmalux LED Plafonnière / Pendelarmatuur Eclipse-L Wit Ø430 IP40 IK08 13-32W 1400-4000lm 3000K-3500K-4000K 3-CCT + step-dim daglicht & bewegingssensor + noodmodule 3uur zelftest
2033023-WS,Pragmalux,Pragmalux LED Plafonnière / Pendelarmatuur Eclipse-L Zwart Ø430 IP40 IK08 13-32W 1400-4000lm 3000K-3500K-4000K 3-CCT + draadloos sensor
2033023-NA,Pragmalux,Pragmalux LED Plafonnière / Pendelarmatuur Eclipse-L Zwart Ø430 IP40 IK08 13-32W 1400-4000lm 3000K-3500K-4000K 3-CCT + noodmodule 3uur zelftest
2033023-S,Pragmalux,Pragmalux LED Plafonnière / Pendelarmatuur Eclipse-L Zwart Ø430 IP40 IK08 13-32W 1400-4000lm 3000K-3500K-4000K 3-CCT + step-dim daglicht & bewegingssensor
2033023-SNA,Pragmalux,Pragmalux LED Plafonnière / Pendelarmatuur Eclipse-L Zwart Ø430 IP40 IK08 13-32W 1400-4000lm 3000K-3500K-4000K 3-CCT + step-dim daglicht & bewegingssensor + noodmodule 3uur zelftest
2032873-WS,Pragmalux,Pragmalux LED Plafonnière / Pendelarmatuur Eclipse-M Wit Ø350 IP40 IK08 6-19W 650-2300lm 3000K-3500K-4000K 3-CCT + draadloos sensor
2032873-NA,Pragmalux,Pragmalux LED Plafonnière / Pendelarmatuur Eclipse-M Wit Ø350 IP40 IK08 6-19W 650-2300lm 3000K-3500K-4000K 3-CCT + noodmodule 3uur zelftest
2032873-S,Pragmalux,Pragmalux LED Plafonnière / Pendelarmatuur Eclipse-M Wit Ø350 IP40 IK08 6-19W 650-2300lm 3000K-3500K-4000K 3-CCT + step-dim daglicht & bewegingssensor
2032873-SNA,Pragmalux,Pragmalux LED Plafonnière / Pendelarmatuur Eclipse-M Wit Ø350 IP40 IK08 6-19W 650-2300lm 3000K-3500K-4000K 3-CCT + step-dim daglicht & bewegingssensor + noodmodule 3uur zelftest
2032927-WS,Pragmalux,Pragmalux LED Plafonnière / Pendelarmatuur Eclipse-M Zwart Ø350 IP40 IK08 6-19W 650-2300lm 3000K-3500K-4000K 3-CCT + draadloos sensor
2032927-NA,Pragmalux,Pragmalux LED Plafonnière / Pendelarmatuur Eclipse-M Zwart Ø350 IP40 IK08 6-19W 650-2300lm 3000K-3500K-4000K 3-CCT + noodmodule 3uur zelftest
2032927-S,Pragmalux,Pragmalux LED Plafonnière / Pendelarmatuur Eclipse-M Zwart Ø350 IP40 IK08 6-19W 650-2300lm 3000K-3500K-4000K 3-CCT + step-dim daglicht & bewegingssensor
2032927-SNA,Pragmalux,Pragmalux LED Plafonnière / Pendelarmatuur Eclipse-M Zwart Ø350 IP40 IK08 6-19W 650-2300lm 3000K-3500K-4000K 3-CCT + step-dim daglicht & bewegingssensor + noodmodule 3uur zelftest
2032774-WS,Pragmalux,Pragmalux LED Plafonnière / Pendelarmatuur Eclipse-S Wit Ø290 IP40 IK08 4-8W 420-900lm 3000K-3500K-4000K 3-CCT + draadloos sensor
2032774-NA,Pragmalux,Pragmalux LED Plafonnière / Pendelarmatuur Eclipse-S Wit Ø290 IP40 IK08 4-8W 420-900lm 3000K-3500K-4000K 3-CCT + noodmodule 3uur zelftest
2032774-S,Pragmalux,Pragmalux LED Plafonnière / Pendelarmatuur Eclipse-S Wit Ø290 IP40 IK08 4-8W 420-900lm 3000K-3500K-4000K 3-CCT + step-dim daglicht & bewegingssensor
2032774-SNA,Pragmalux,Pragmalux LED Plafonnière / Pendelarmatuur Eclipse-S Wit Ø290 IP40 IK08 4-8W 420-900lm 3000K-3500K-4000K 3-CCT + step-dim daglicht & bewegingssensor + noodmodule 3uur zelftest
2032828-WS,Pragmalux,Pragmalux LED Plafonnière / Pendelarmatuur Eclipse-S Zwart Ø290 IP40 IK08 4-8W 420-900lm 3000K-3500K-4000K 3-CCT + draadloos sensor
2032828-NA,Pragmalux,Pragmalux LED Plafonnière / Pendelarmatuur Eclipse-S Zwart Ø290 IP40 IK08 4-8W 420-900lm 3000K-3500K-4000K 3-CCT + noodmodule 3uur zelftest
2032828-S,Pragmalux,Pragmalux LED Plafonnière / Pendelarmatuur Eclipse-S Zwart Ø290 IP40 IK08 4-8W 420-900lm 3000K-3500K-4000K 3-CCT + step-dim daglicht & bewegingssensor
2032828-SNA,Pragmalux,Pragmalux LED Plafonnière / Pendelarmatuur Eclipse-S Zwart Ø290 IP40 IK08 4-8W 420-900lm 3000K-3500K-4000K 3-CCT + step-dim daglicht & bewegingssensor + noodmodule 3uur zelftest
2006065-S0818,Pragmalux,Pragmalux LED Plafonnière / Pendelarmatuur Plano-L Wit Ø460 IP54 IK07 8-18W  2300-4350lm 3000K-4000K 2-CCT + bewegingssensor
2032682-WS,Pragmalux,Pragmalux LED Plafonnière / Wandarmatuur Aludisc-M Zwart half afgeschermd Ø340 IP66 IK10 C4 10-23W 750-1800lm 3000K-3500K-4000K 3-CCT + draadloos sensor
2032682-WSNA,Pragmalux,Pragmalux LED Plafonnière / Wandarmatuur Aludisc-M Zwart half afgeschermd Ø340 IP66 IK10 C4 10-23W 750-1800lm 3000K-3500K-4000K 3-CCT + draadloos sensor + noodmodule 3uur zelftest
2032682-NA,Pragmalux,Pragmalux LED Plafonnière / Wandarmatuur Aludisc-M Zwart half afgeschermd Ø340 IP66 IK10 C4 10-23W 750-1800lm 3000K-3500K-4000K 3-CCT + noodmodule 3uur zelftest
2032682-S,Pragmalux,Pragmalux LED Plafonnière / Wandarmatuur Aludisc-M Zwart half afgeschermd Ø340 IP66 IK10 C4 10-23W 750-1800lm 3000K-3500K-4000K 3-CCT + step-dim daglicht & bewegingssensor
2032682-SNA,Pragmalux,Pragmalux LED Plafonnière / Wandarmatuur Aludisc-M Zwart half afgeschermd Ø340 IP66 IK10 C4 10-23W 750-1800lm 3000K-3500K-4000K 3-CCT + step-dim daglicht & bewegingssensor + noodmodule 3uur zelftest
2032590-WS,Pragmalux,Pragmalux LED Plafonnière / Wandarmatuur Aludisc-M Zwart Ø340 IP66 IK10 C4 10-23W 960-2300lm 3000K-3500K-4000K 3-CCT + draadloos sensor
2032590-WSNA,Pragmalux,Pragmalux LED Plafonnière / Wandarmatuur Aludisc-M Zwart Ø340 IP66 IK10 C4 10-23W 960-2300lm 3000K-3500K-4000K 3-CCT + draadloos sensor + noodmodule 3uur zelftest
2032590-NA,Pragmalux,Pragmalux LED Plafonnière / Wandarmatuur Aludisc-M Zwart Ø340 IP66 IK10 C4 10-23W 960-2300lm 3000K-3500K-4000K 3-CCT + noodmodule 3uur zelftest
2032590-S,Pragmalux,Pragmalux LED Plafonnière / Wandarmatuur Aludisc-M Zwart Ø340 IP66 IK10 C4 10-23W 960-2300lm 3000K-3500K-4000K 3-CCT + step-dim daglicht & bewegingssensor
2032590-SNA,Pragmalux,Pragmalux LED Plafonnière / Wandarmatuur Aludisc-M Zwart Ø340 IP66 IK10 C4 10-23W 960-2300lm 3000K-3500K-4000K 3-CCT + step-dim daglicht & bewegingssensor + noodmodule 3uur zelftest
2032651-WS,Pragmalux,"Pragmalux LED Plafonnière / Wandarmatuur Aludisc-S Zwart half afgeschermd Ø270 IP66 IK10 C4 4,5-9W 360-750lm 3000K-3500K-4000K 3-CCT + draadloos sensor"
2032651-S,Pragmalux,"Pragmalux LED Plafonnière / Wandarmatuur Aludisc-S Zwart half afgeschermd Ø270 IP66 IK10 C4 4,5-9W 360-750lm 3000K-3500K-4000K 3-CCT + step-dim daglicht & bewegingssensor"
1084459-CA,Pragmalux,Pragmalux LED Plafonnière / Wandarmatuur Dura-M Wit Ø340 IP64 IK10 max.18W 1725-2075lm 2200K-2700K 2-CCT + Casambi driver
1084459-CA-N,Pragmalux,Pragmalux LED Plafonnière / Wandarmatuur Dura-M Wit Ø340 IP64 IK10 max.18W 1725-2075lm 2200K-2700K 2-CCT + Casambi driver + noodmodule 1uur autotest
1084411-CA,Pragmalux,Pragmalux LED Plafonnière / Wandarmatuur Dura-M Wit Ø340 IP64 IK10 max.18W 2200-2300lm 3000K-3500K-4000K 3-CCT + Casambi driver
1084411-CA-N,Pragmalux,Pragmalux LED Plafonnière / Wandarmatuur Dura-M Wit Ø340 IP64 IK10 max.18W 2200-2300lm 3000K-3500K-4000K 3-CCT + Casambi driver + noodmodule 1uur autotest
1084466-CA,Pragmalux,Pragmalux LED Plafonnière / Wandarmatuur Dura-M Zwart Ø340 IP64 IK10 max.18W 1725-2075lm 2200K-2700K 2-CCT + Casambi driver
1084466-CA-N,Pragmalux,Pragmalux LED Plafonnière / Wandarmatuur Dura-M Zwart Ø340 IP64 IK10 max.18W 1725-2075lm 2200K-2700K 2-CCT + Casambi driver + noodmodule 1uur autotest
1084428-CA,Pragmalux,Pragmalux LED Plafonnière / Wandarmatuur Dura-M Zwart Ø340 IP64 IK10 max.18W 2200-2300lm 3000K-3500K-4000K 3-CCT + Casambi driver
1084428-CA-N,Pragmalux,Pragmalux LED Plafonnière / Wandarmatuur Dura-M Zwart Ø340 IP64 IK10 max.18W 2200-2300lm 3000K-3500K-4000K 3-CCT + Casambi driver + noodmodule 1uur autotest
1084398-CA,Pragmalux,Pragmalux LED Plafonnière / Wandarmatuur Dura-S Wit Ø270 IP64 IK10 max.9W 1050-1100lm 3000K-3500K-4000K 3-CCT + Casambi driver
1084398-CA-N,Pragmalux,Pragmalux LED Plafonnière / Wandarmatuur Dura-S Wit Ø270 IP64 IK10 max.9W 1050-1100lm 3000K-3500K-4000K 3-CCT + Casambi driver + noodmodule 1uur autotest
1084435-CA,Pragmalux,Pragmalux LED Plafonnière / Wandarmatuur Dura-S Wit Ø270 IP64 IK10 max.9W 825-1000lm 2200K-2700K 2-CCT + Casambi driver
1084435-CA-N,Pragmalux,Pragmalux LED Plafonnière / Wandarmatuur Dura-S Wit Ø270 IP64 IK10 max.9W 825-1000lm 2200K-2700K 2-CCT + Casambi driver + noodmodule 1uur autotest
1084404-CA,Pragmalux,Pragmalux LED Plafonnière / Wandarmatuur Dura-S Zwart Ø270 IP64 IK10 max.9W 1050-1100lm 3000K-3500K-4000K 3-CCT + Casambi driver
1084404-CA-N,Pragmalux,Pragmalux LED Plafonnière / Wandarmatuur Dura-S Zwart Ø270 IP64 IK10 max.9W 1050-1100lm 3000K-3500K-4000K 3-CCT + Casambi driver + noodmodule 1uur autotest
1084442-CA,Pragmalux,Pragmalux LED Plafonnière / Wandarmatuur Dura-S Zwart Ø270 IP64 IK10 max.9W 825-1000lm 2200K-2700K 2-CCT + Casambi driver
1084442-CA-N,Pragmalux,Pragmalux LED Plafonnière / Wandarmatuur Dura-S Zwart Ø270 IP64 IK10 max.9W 825-1000lm 2200K-2700K 2-CCT + Casambi driver + noodmodule 1uur autotest
2028555-WS,Pragmalux,"Pragmalux LED Plafonnière / Wandarmatuur Lumio-L Wit Ø400 IP65 IK10 12-31,5W 1375-4000lm 2700K-3000K-4000K 3-CCT + 2.4G draadloos sensor"
2028555-WSN,Pragmalux,"Pragmalux LED Plafonnière / Wandarmatuur Lumio-L Wit Ø400 IP65 IK10 12-31,5W 1375-4000lm 2700K-3000K-4000K 3-CCT + 2.4G draadloos sensor & noodmodule 3uur autotest"
2028555-DA,Pragmalux,"Pragmalux LED Plafonnière / Wandarmatuur Lumio-L Wit Ø400 IP65 IK10 12-31,5W 1375-4000lm 2700K-3000K-4000K 3-CCT + DALI2"
2028555-DAN,Pragmalux,"Pragmalux LED Plafonnière / Wandarmatuur Lumio-L Wit Ø400 IP65 IK10 12-31,5W 1375-4000lm 2700K-3000K-4000K 3-CCT + DALI2 & noodmodule DALI 3uur autotest"
2028555-S,Pragmalux,"Pragmalux LED Plafonnière / Wandarmatuur Lumio-L Wit Ø400 IP65 IK10 12-31,5W 1375-4000lm 2700K-3000K-4000K 3-CCT + HF (5.8 GHz) bewegingssensor"
2028555-SN,Pragmalux,"Pragmalux LED Plafonnière / Wandarmatuur Lumio-L Wit Ø400 IP65 IK10 12-31,5W 1375-4000lm 2700K-3000K-4000K 3-CCT + HF (5.8 GHz) bewegingssensor & noodmodule 3uur autotest"
2028555-N,Pragmalux,"Pragmalux LED Plafonnière / Wandarmatuur Lumio-L Wit Ø400 IP65 IK10 12-31,5W 1375-4000lm 2700K-3000K-4000K 3-CCT + noodmodule 3uur autotest"
2028555-FD,Pragmalux,"Pragmalux LED Plafonnière / Wandarmatuur Lumio-L Wit Ø400 IP65 IK10 12-31,5W 1375-4000lm 2700K-3000K-4000K 3-CCT Fase dimbaar"
2028555-FDN,Pragmalux,"Pragmalux LED Plafonnière / Wandarmatuur Lumio-L Wit Ø400 IP65 IK10 12-31,5W 1375-4000lm 2700K-3000K-4000K 3-CCT Fase dimbaar + noodmodule 3uur autotest"
2028548-WS,Pragmalux,"Pragmalux LED Plafonnière / Wandarmatuur Lumio-M Wit Ø335 IP65 IK10 7,5-19W 850-2400lm 2700K-3000K-4000K 3-CCT + 2.4G draadloos sensor"
2028548-WSN,Pragmalux,"Pragmalux LED Plafonnière / Wandarmatuur Lumio-M Wit Ø335 IP65 IK10 7,5-19W 850-2400lm 2700K-3000K-4000K 3-CCT + 2.4G draadloos sensor & noodmodule 3uur autotest"
2028548-DA,Pragmalux,"Pragmalux LED Plafonnière / Wandarmatuur Lumio-M Wit Ø335 IP65 IK10 7,5-19W 850-2400lm 2700K-3000K-4000K 3-CCT + DALI2"
2028548-DAN,Pragmalux,"Pragmalux LED Plafonnière / Wandarmatuur Lumio-M Wit Ø335 IP65 IK10 7,5-19W 850-2400lm 2700K-3000K-4000K 3-CCT + DALI2 & noodmodule DALI 3uur autotest"
2028548-S,Pragmalux,"Pragmalux LED Plafonnière / Wandarmatuur Lumio-M Wit Ø335 IP65 IK10 7,5-19W 850-2400lm 2700K-3000K-4000K 3-CCT + HF (5.8 GHz) bewegingssensor"
2028548-SN,Pragmalux,"Pragmalux LED Plafonnière / Wandarmatuur Lumio-M Wit Ø335 IP65 IK10 7,5-19W 850-2400lm 2700K-3000K-4000K 3-CCT + HF (5.8 GHz) bewegingssensor & noodmodule 3uur autotest"
2028548-N,Pragmalux,"Pragmalux LED Plafonnière / Wandarmatuur Lumio-M Wit Ø335 IP65 IK10 7,5-19W 850-2400lm 2700K-3000K-4000K 3-CCT + noodmodule 3uur autotest"
2028548-FD,Pragmalux,"Pragmalux LED Plafonnière / Wandarmatuur Lumio-M Wit Ø335 IP65 IK10 7,5-19W 850-2400lm 2700K-3000K-4000K 3-CCT Fase dimbaar"
2028548-FDN,Pragmalux,"Pragmalux LED Plafonnière / Wandarmatuur Lumio-M Wit Ø335 IP65 IK10 7,5-19W 850-2400lm 2700K-3000K-4000K 3-CCT Fase dimbaar + noodmodule 3uur autotest"
2028531-WS,Pragmalux,"Pragmalux LED Plafonnière / Wandarmatuur Lumio-S Wit Ø277 IP65 IK10 4,5-8,5W 475-1075lm 2700K-3000K-4000K 3-CCT + 2.4G draadloos sensor"
2028531-WSN,Pragmalux,"Pragmalux LED Plafonnière / Wandarmatuur Lumio-S Wit Ø277 IP65 IK10 4,5-8,5W 475-1075lm 2700K-3000K-4000K 3-CCT + 2.4G draadloos sensor & noodmodule 3uur autotest"
2028531-DA,Pragmalux,"Pragmalux LED Plafonnière / Wandarmatuur Lumio-S Wit Ø277 IP65 IK10 4,5-8,5W 475-1075lm 2700K-3000K-4000K 3-CCT + DALI2"
2028531-DAN,Pragmalux,"Pragmalux LED Plafonnière / Wandarmatuur Lumio-S Wit Ø277 IP65 IK10 4,5-8,5W 475-1075lm 2700K-3000K-4000K 3-CCT + DALI2 & noodmodule DALI 3uur autotest"
2028531-S,Pragmalux,"Pragmalux LED Plafonnière / Wandarmatuur Lumio-S Wit Ø277 IP65 IK10 4,5-8,5W 475-1075lm 2700K-3000K-4000K 3-CCT + HF (5.8 GHz) bewegingssensor"
2028531-SN,Pragmalux,"Pragmalux LED Plafonnière / Wandarmatuur Lumio-S Wit Ø277 IP65 IK10 4,5-8,5W 475-1075lm 2700K-3000K-4000K 3-CCT + HF (5.8 GHz) bewegingssensor & noodmodule 3uur autotest"
2028531-N,Pragmalux,"Pragmalux LED Plafonnière / Wandarmatuur Lumio-S Wit Ø277 IP65 IK10 4,5-8,5W 475-1075lm 2700K-3000K-4000K 3-CCT + noodmodule 3uur autotest"
2028531-FD,Pragmalux,"Pragmalux LED Plafonnière / Wandarmatuur Lumio-S Wit Ø277 IP65 IK10 4,5-8,5W 475-1075lm 2700K-3000K-4000K 3-CCT Fase dimbaar"
2028531-FDN,Pragmalux,"Pragmalux LED Plafonnière / Wandarmatuur Lumio-S Wit Ø277 IP65 IK10 4,5-8,5W 475-1075lm 2700K-3000K-4000K 3-CCT Fase dimbaar + noodmodule 3uur autotest"
1029085-DS,Pragmalux,Pragmalux LED Plafonnière / Wandarmatuur Polo G3 IP64 12W 3000K-6000K 3-CCT 1000-1100lm Ø280 (2x18W) +Daglichtsensor
1029085-DSN,Pragmalux,Pragmalux LED Plafonnière / Wandarmatuur Polo G3 IP64 12W 3000K-6000K 3-CCT 1000-1100lm Ø280 (2x18W) +Daglichtsensor & Noodmodule 3 uur manueel
1029092-DS,Pragmalux,Pragmalux LED Plafonnière / Wandarmatuur Polo G3 IP64 18W 3000K-6000K 3-CCT 1550-1700lm Ø360 (1x26W) +Daglichtsensor
1029092-DSN,Pragmalux,Pragmalux LED Plafonnière / Wandarmatuur Polo G3 IP64 18W 3000K-6000K 3-CCT 1550-1700lm Ø360 (1x26W) +Daglichtsensor & Noodmodule 3 uur manueel
1029108-DS,Pragmalux,Pragmalux LED Plafonnière / Wandarmatuur Polo G3 IP64 22W 3000K-6000K 3-CCT 1950-2150lm Ø410 (1x32W) +Daglichtsensor
1029108-DSN,Pragmalux,Pragmalux LED Plafonnière / Wandarmatuur Polo G3 IP64 22W 3000K-6000K 3-CCT 1950-2150lm Ø410 (1x32W) +Daglichtsensor & Noodmodule 3 uur manueel
2003668-TC-DA,Pragmalux,Pragmalux LED Plafonnière / Wandarmatuur Polo G3 IP64 26-37W 3000K-6000K 3-CCT 2500-3800lm Ø500 (1x42W) +TCI DALI Driver dimbaar
2031906-S,Pragmalux,Pragmalux LED Plafonnière / Wandarmatuur Rondisc Wit Ø348 IP44 IK10 6-12W 650-1500lm 3000K-4000K 2-CCT + bewegingssensor
2031906-SN,Pragmalux,Pragmalux LED Plafonnière / Wandarmatuur Rondisc Wit Ø348 IP44 IK10 6-12W 650-1500lm 3000K-4000K 2-CCT + bewegingssensor + noodmodule 1uur manueel
2031906-N,Pragmalux,Pragmalux LED Plafonnière / Wandarmatuur Rondisc Wit Ø348 IP44 IK10 6-12W 650-1500lm 3000K-4000K 2-CCT + noodmodule 1uur manueel
2032491-S,Pragmalux,"Pragmalux LED Plafonnière / Wandarmatuur Soladisc IP65 IK10 Ø370 6,5-14W 700-1600lm 3000K-4000K 2-CCT + step-dim daglicht & bewegingssensor"
2032491-SNA,Pragmalux,"Pragmalux LED Plafonnière / Wandarmatuur Soladisc IP65 IK10 Ø370 6,5-14W 700-1600lm 3000K-4000K 2-CCT + step-dim daglicht & bewegingssensor + noodmodule 3uur zelftest"
2032491-WS,Pragmalux,Pragmalux LED Plafonnière / Wandarmatuur Soladisc IP65 IK10 Ø370 7-14W 700-1600lm 3000-3500-4000K 3-CCT + draadloos sensor
2032491-WSNA,Pragmalux,Pragmalux LED Plafonnière / Wandarmatuur Soladisc IP65 IK10 Ø370 7-14W 700-1600lm 3000-3500-4000K 3-CCT + draadloos sensor + noodmodule 3uur zelftest
2032057-WS,Pragmalux,Pragmalux LED Plafonnière / Wandarmatuur Soladisc-L Wit Ø400 IP44 IK10 12-24W 1400-3000lm 3000K-3500K-4000K 3-CCT + draadloos sensor
2032057-WSNA,Pragmalux,Pragmalux LED Plafonnière / Wandarmatuur Soladisc-L Wit Ø400 IP44 IK10 12-24W 1400-3000lm 3000K-3500K-4000K 3-CCT + draadloos sensor + noodmodule 3uur zelftest
2032057-NA,Pragmalux,Pragmalux LED Plafonnière / Wandarmatuur Soladisc-L Wit Ø400 IP44 IK10 12-24W 1400-3000lm 3000K-3500K-4000K 3-CCT + noodmodule 3uur zelftest
2032057-S,Pragmalux,Pragmalux LED Plafonnière / Wandarmatuur Soladisc-L Wit Ø400 IP44 IK10 12-24W 1400-3000lm 3000K-3500K-4000K 3-CCT + step-dim daglicht & bewegingssensor
2032057-SNA,Pragmalux,Pragmalux LED Plafonnière / Wandarmatuur Soladisc-L Wit Ø400 IP44 IK10 12-24W 1400-3000lm 3000K-3500K-4000K 3-CCT + step-dim daglicht & bewegingssensor + noodmodule 3uur zelftest
2031999-WS,Pragmalux,Pragmalux LED Plafonnière / Wandarmatuur Soladisc-M Wit Ø340 IP44 IK10 7-14W 700-1600lm 3000K-3500K-4000K 3-CCT + draadloos sensor
2031999-WSNA,Pragmalux,Pragmalux LED Plafonnière / Wandarmatuur Soladisc-M Wit Ø340 IP44 IK10 7-14W 700-1600lm 3000K-3500K-4000K 3-CCT + draadloos sensor + noodmodule 3uur zelftest
2031999-NA,Pragmalux,Pragmalux LED Plafonnière / Wandarmatuur Soladisc-M Wit Ø340 IP44 IK10 7-14W 700-1600lm 3000K-3500K-4000K 3-CCT + noodmodule 3uur zelftest
2031999-S,Pragmalux,Pragmalux LED Plafonnière / Wandarmatuur Soladisc-M Wit Ø340 IP44 IK10 7-14W 700-1600lm 3000K-3500K-4000K 3-CCT + step-dim daglicht & bewegingssensor
2031999-SNA,Pragmalux,Pragmalux LED Plafonnière / Wandarmatuur Soladisc-M Wit Ø340 IP44 IK10 7-14W 700-1600lm 3000K-3500K-4000K 3-CCT + step-dim daglicht & bewegingssensor + noodmodule 3uur zelftest
2031968-WS,Pragmalux,"Pragmalux LED Plafonnière / Wandarmatuur Soladisc-S Wit Ø260 IP44 IK10 4,5-9W 510-1100lm 3000K-3500K-4000K 3-CCT + draadloos sensor"
2031968-S,Pragmalux,"Pragmalux LED Plafonnière / Wandarmatuur Soladisc-S Wit Ø260 IP44 IK10 4,5-9W 510-1100lm 3000K-3500K-4000K 3-CCT + step-dim daglicht & bewegingssensor"
2032408-WS,Pragmalux,Pragmalux LED Plafonnière / Wandarmatuur Titandisc-M Grijs half afgeschermd Ø360 IP65 IK10 7-14W 550-1200lm 3000K-3500K-4000K 3-CCT + draadloos sensor
2032408-WSNA,Pragmalux,Pragmalux LED Plafonnière / Wandarmatuur Titandisc-M Grijs half afgeschermd Ø360 IP65 IK10 7-14W 550-1200lm 3000K-3500K-4000K 3-CCT + draadloos sensor + noodmodule 3uur zelftest
2032408-NA,Pragmalux,Pragmalux LED Plafonnière / Wandarmatuur Titandisc-M Grijs half afgeschermd Ø360 IP65 IK10 7-14W 550-1200lm 3000K-3500K-4000K 3-CCT + noodmodule 3uur zelftest
2032408-S,Pragmalux,Pragmalux LED Plafonnière / Wandarmatuur Titandisc-M Grijs half afgeschermd Ø360 IP65 IK10 7-14W 550-1200lm 3000K-3500K-4000K 3-CCT + step-dim daglicht & bewegingssensor
2032408-SNA,Pragmalux,Pragmalux LED Plafonnière / Wandarmatuur Titandisc-M Grijs half afgeschermd Ø360 IP65 IK10 7-14W 550-1200lm 3000K-3500K-4000K 3-CCT + step-dim daglicht & bewegingssensor + noodmodule 3uur zelftest
2032309-WS,Pragmalux,Pragmalux LED Plafonnière / Wandarmatuur Titandisc-M Grijs Ø360 IP65 IK10 7-14W 690-1500lm 3000K-3500K-4000K 3-CCT + draadloos sensor
2032309-WSNA,Pragmalux,Pragmalux LED Plafonnière / Wandarmatuur Titandisc-M Grijs Ø360 IP65 IK10 7-14W 690-1500lm 3000K-3500K-4000K 3-CCT + draadloos sensor + noodmodule 3uur zelftest
2032309-NA,Pragmalux,Pragmalux LED Plafonnière / Wandarmatuur Titandisc-M Grijs Ø360 IP65 IK10 7-14W 690-1500lm 3000K-3500K-4000K 3-CCT + noodmodule 3uur zelftest
2032309-S,Pragmalux,Pragmalux LED Plafonnière / Wandarmatuur Titandisc-M Grijs Ø360 IP65 IK10 7-14W 690-1500lm 3000K-3500K-4000K 3-CCT + step-dim daglicht & bewegingssensor
2032309-SNA,Pragmalux,Pragmalux LED Plafonnière / Wandarmatuur Titandisc-M Grijs Ø360 IP65 IK10 7-14W 690-1500lm 3000K-3500K-4000K 3-CCT + step-dim daglicht & bewegingssensor + noodmodule 3uur zelftest
2032378-WS,Pragmalux,Pragmalux LED Plafonnière / Wandarmatuur Titandisc-S Grijs half afgeschermd Ø265 IP65 IK10 5-9W 325-700lm 3000K-3500K-4000K 3-CCT + draadloos sensor
2032378-S,Pragmalux,Pragmalux LED Plafonnière / Wandarmatuur Titandisc-S Grijs half afgeschermd Ø265 IP65 IK10 5-9W 325-700lm 3000K-3500K-4000K 3-CCT + step-dim daglicht & bewegingssensor
2032262-WS,Pragmalux,Pragmalux LED Plafonnière / Wandarmatuur Titandisc-S Grijs Ø265 IP65 IK10 5-9W 420-900lm 3000K-3500K-4000K 3-CCT + draadloos sensor
2032262-S,Pragmalux,Pragmalux LED Plafonnière / Wandarmatuur Titandisc-S Grijs Ø265 IP65 IK10 5-9W 420-900lm 3000K-3500K-4000K 3-CCT + step-dim daglicht & bewegingssensor
1037189-DS,Pragmalux,"Pragmalux LED Portiek Port-M PKVW IP66 IK10 24-42V AC/DC 2,75-5W 295-570lm 2700K-4000K 3-CCT + daglichtsensor"
2032149-WS,Pragmalux,Pragmalux LED Portiek Port-Nova Wit IP65 IK10 3-6W 360-780lm 3000K-3500K-4000K 3-CCT + draadloos sensor
2032149-WSN,Pragmalux,Pragmalux LED Portiek Port-Nova Wit IP65 IK10 3-6W 360-780lm 3000K-3500K-4000K 3-CCT + draadloos sensor& noodmodule 1uur manueel
2032149-N,Pragmalux,Pragmalux LED Portiek Port-Nova Wit IP65 IK10 3-6W 360-780lm 3000K-3500K-4000K 3-CCT + noodmodule 1uur manueel
2032149-S,Pragmalux,Pragmalux LED Portiek Port-Nova Wit IP65 IK10 3-6W 360-780lm 3000K-3500K-4000K 3-CCT + step-dim daglicht & bewegingssensor
2032149-SN,Pragmalux,Pragmalux LED Portiek Port-Nova Wit IP65 IK10 3-6W 360-780lm 3000K-3500K-4000K 3-CCT + step-dim daglicht & bewegingssensor& noodmodule 1uur manueel
1043999-DA,Pragmalux,"Pragmalux LED Portiek Port-S DALI2 PKVW IP66 IK10 2,75-5W 275-600lm 2700K-4000K 3-CCT (125mA)"
1044002-S,Pragmalux,"Pragmalux LED Portiek Port-S PKVW IP66 IK10 24-42V AC/DC 2,75-5W 275-600lm 2700K-4000K 3-CCT + bewegingssensor"
1044002-DS,Pragmalux,"Pragmalux LED Portiek Port-S PKVW IP66 IK10 24-42V AC/DC 2,75-5W 275-600lm 2700K-4000K 3-CCT + daglichtsensor"
2029231-N,Pragmalux,"Pragmalux LED TL Waterdicht Armatuur Hera IP66 120cm 18-33W 2600-4800lm 3000K-4000-6000K 3-CCT 4x2,5mm Doorvoerbedrading (1/2x36W) + Noodmodule 1uur zelftest"
2029231-DA,Pragmalux,"Pragmalux LED TL Waterdicht Armatuur Hera IP66 120cm max.33W 4800lm 3000K-4000-6000K 3-CCT 5x2,5mm Doorvoerbedrading DALI2(1/2x36W)"
2029231-DA-N,Pragmalux,"Pragmalux LED TL Waterdicht Armatuur Hera IP66 120cm max.33W 4800lm 3000K-4000-6000K 3-CCT 6x2,5mm Doorvoerbedrading DALI2(1/2x36W) + Noodmodule 1uur zelftest"
2029248-N,Pragmalux,"Pragmalux LED TL Waterdicht Armatuur Hera IP66 150cm 25-44W 3500-6600lm 3000K-4000-6000K 3-CCT 4x2,5mm Doorvoerbedrading (1/2x58W) + Noodmodule 1uur zelftest"
2029255-N,Pragmalux,"Pragmalux LED TL Waterdicht Armatuur Hera IP66 150cm 36-60W 5050-9000lm 3000K-4000-6000K 3-CCT 4x2,5mm Doorvoerbedrading (1/2x80W) + Noodmodule 1uur zelftest"
2029248-DA,Pragmalux,"Pragmalux LED TL Waterdicht Armatuur Hera IP66 150cm max.44W 6600lm 3000K-4000-6000K 3-CCT 5x2,5mm Doorvoerbedrading DALI2(1/2x58W)"
2029248-DA-N,Pragmalux,"Pragmalux LED TL Waterdicht Armatuur Hera IP66 150cm max.44W 6600lm 3000K-4000-6000K 3-CCT 6x2,5mm Doorvoerbedrading DALI2(1/2x58W) + Noodmodule 1uur zelftest"
2029255-DA,Pragmalux,"Pragmalux LED TL Waterdicht Armatuur Hera IP66 150cm max.60W 9000lm 3000K-4000-6000K 3-CCT 5x2,5mm Doorvoerbedrading DALI2(1/2x80W)"
2029255-DA-N,Pragmalux,"Pragmalux LED TL Waterdicht Armatuur Hera IP66 150cm max.60W 9000lm 3000K-4000-6000K 3-CCT 6x2,5mm Doorvoerbedrading DALI2(1/2x80W) + Noodmodule 1uur zelftest"
2029224-DA,Pragmalux,"Pragmalux LED TL Waterdicht Armatuur Hera IP66 60cm max.17W 2400lm 3000K-4000-6000K 3-CCT 5x2,5mm Doorvoerbedrading DALI2(1/2x18W)"
1000473-2SD-M,Pragmalux,"Pragmalux LED TL Waterdicht Armatuur Hermes IP66 120cm 35W 3000K-6000K 3-CCT 5000lm 5x2,5mm Doorvoerbedrading (2x36W) 2-step dim (100-10%) master + bewegingssensor"
1000473-2SD-M-NA,Pragmalux,"Pragmalux LED TL Waterdicht Armatuur Hermes IP66 120cm 35W 3000K-6000K 3-CCT 5000lm 5x2,5mm Doorvoerbedrading (2x36W) 2-step dim (100-10%) master + bewegingssensor & noodmodule 1uur zelftest"
1000473-2SD-S,Pragmalux,"Pragmalux LED TL Waterdicht Armatuur Hermes IP66 120cm 35W 3000K-6000K 3-CCT 5000lm 5x2,5mm Doorvoerbedrading (2x36W) 2-step dim (100-10%) slave = geen sensor"
1000473-2SD-S-NA,Pragmalux,"Pragmalux LED TL Waterdicht Armatuur Hermes IP66 120cm 35W 3000K-6000K 3-CCT 5000lm 5x2,5mm Doorvoerbedrading (2x36W) 2-step dim (100-10%) slave = geen sensor & noodmodule 1uur zelftest"
1000473-3SD-M,Pragmalux,"Pragmalux LED TL Waterdicht Armatuur Hermes IP66 120cm 35W 3000K-6000K 3-CCT 5000lm 5x2,5mm Doorvoerbedrading (2x36W) 3-step dim (100-10%-uit) master + bewegingssensor"
1000473-3SD-M-NA,Pragmalux,"Pragmalux LED TL Waterdicht Armatuur Hermes IP66 120cm 35W 3000K-6000K 3-CCT 5000lm 5x2,5mm Doorvoerbedrading (2x36W) 3-step dim (100-10%-uit) master + bewegingssensor & noodmodule 1uur zelftest"
1000473-3SD-S,Pragmalux,"Pragmalux LED TL Waterdicht Armatuur Hermes IP66 120cm 35W 3000K-6000K 3-CCT 5000lm 5x2,5mm Doorvoerbedrading (2x36W) 3-step dim (100-10%-uit) slave = geen sensor"
1000473-3SD-S-NA,Pragmalux,"Pragmalux LED TL Waterdicht Armatuur Hermes IP66 120cm 35W 3000K-6000K 3-CCT 5000lm 5x2,5mm Doorvoerbedrading (2x36W) 3-step dim (100-10%-uit) slave = geen sensor & noodmodule 1uur zelftest"
1000473-DA,Pragmalux,"Pragmalux LED TL Waterdicht Armatuur Hermes IP66 120cm 35W 3000K-6000K 3-CCT 5000lm 5x2,5mm Doorvoerbedrading (2x36W) DALI"
1000473-DA-NA,Pragmalux,"Pragmalux LED TL Waterdicht Armatuur Hermes IP66 120cm 35W 3000K-6000K 3-CCT 5000lm 5x2,5mm Doorvoerbedrading (2x36W) DALI + noodmodule 1uur zelftest"
4607696-NA,Pragmalux,Pragmalux LED TL Waterdicht Armatuur Hermes IP66 120cm 35W 4000K 5100lm (2x36W) +Noodmodule 1uur zelftest
4607696-2SD-M,Pragmalux,Pragmalux LED TL Waterdicht Armatuur Hermes IP66 120cm 35W 4000K 5100lm (2x36W) 2-step dim (100-10%) master + bewegingssensor
4607696-2SD-M-NA,Pragmalux,Pragmalux LED TL Waterdicht Armatuur Hermes IP66 120cm 35W 4000K 5100lm (2x36W) 2-step dim (100-10%) master + bewegingssensor & noodmodule 1uur zelftest
4607696-2SD-M-TN,Pragmalux,Pragmalux LED TL Waterdicht Armatuur Hermes IP66 120cm 35W 4000K 5100lm (2x36W) 2-step dim (100-10%) master + bewegingssensor & Tridonic noodmodule 1 uur manueel
4607696-2SD-S,Pragmalux,Pragmalux LED TL Waterdicht Armatuur Hermes IP66 120cm 35W 4000K 5100lm (2x36W) 2-step dim (100-10%) slave = geen sensor
4607696-2SD-S-NA,Pragmalux,Pragmalux LED TL Waterdicht Armatuur Hermes IP66 120cm 35W 4000K 5100lm (2x36W) 2-step dim (100-10%) slave = geen sensor & noodmodule 1uur zelftest
4607696-3SD-M,Pragmalux,Pragmalux LED TL Waterdicht Armatuur Hermes IP66 120cm 35W 4000K 5100lm (2x36W) 3-step dim (100-10%-uit) master + bewegingssensor
4607696-3SD-M-NA,Pragmalux,Pragmalux LED TL Waterdicht Armatuur Hermes IP66 120cm 35W 4000K 5100lm (2x36W) 3-step dim (100-10%-uit) master + bewegingssensor & noodmodule 1uur zelftest
4607696-3SD-S,Pragmalux,Pragmalux LED TL Waterdicht Armatuur Hermes IP66 120cm 35W 4000K 5100lm (2x36W) 3-step dim (100-10%-uit) slave = geen sensor
4607696-3SD-S-NA,Pragmalux,Pragmalux LED TL Waterdicht Armatuur Hermes IP66 120cm 35W 4000K 5100lm (2x36W) 3-step dim (100-10%-uit) slave = geen sensor & noodmodule 1uur zelftest
4607696-DA,Pragmalux,Pragmalux LED TL Waterdicht Armatuur Hermes IP66 120cm 35W 4000K 5100lm (2x36W) DALI
4607696-DA-NA,Pragmalux,Pragmalux LED TL Waterdicht Armatuur Hermes IP66 120cm 35W 4000K 5100lm (2x36W) DALI + noodmodule 1uur zelftest
4607696-SNA,Pragmalux,Pragmalux LED TL Waterdicht Armatuur Hermes IP66 120cm 35W 4000K 5100lm (2x36W)+bewegingssensor + noodmodule 1uur zelftest
1000497-S,Pragmalux,"Pragmalux LED TL Waterdicht Armatuur Hermes IP66 150cm 36-61W 4000K 6000-10200lm 5x2,5mm Doorvoerbedrading (2x80W) + Bewegingssensor"
1000497-NA,Pragmalux,"Pragmalux LED TL Waterdicht Armatuur Hermes IP66 150cm 36-61W 4000K 6000-10200lm 5x2,5mm Doorvoerbedrading (2x80W) + Noodmodule 1uur zelftest"
1000497-SNA,Pragmalux,"Pragmalux LED TL Waterdicht Armatuur Hermes IP66 150cm 36-61W 4000K 6000-10200lm 5x2,5mm Doorvoerbedrading (2x80W)+bewegingssensor + noodmodule 1uur zelftest"
4607702-2SD-M,Pragmalux,Pragmalux LED TL Waterdicht Armatuur Hermes IP66 150cm 42W 4000K 6100lm (2x58W) 2-step dim (100-10%) master + bewegingssensor
4607702-2SD-M-NA,Pragmalux,Pragmalux LED TL Waterdicht Armatuur Hermes IP66 150cm 42W 4000K 6100lm (2x58W) 2-step dim (100-10%) master + bewegingssensor & noodmodule 1uur zelftest
4607702-2SD-M-TN,Pragmalux,Pragmalux LED TL Waterdicht Armatuur Hermes IP66 150cm 42W 4000K 6100lm (2x58W) 2-step dim (100-10%) master + bewegingssensor & Tridonic noodmodule 1 uur manueel
4607702-2SD-S,Pragmalux,Pragmalux LED TL Waterdicht Armatuur Hermes IP66 150cm 42W 4000K 6100lm (2x58W) 2-step dim (100-10%) slave = geen sensor
4607702-2SD-S-NA,Pragmalux,Pragmalux LED TL Waterdicht Armatuur Hermes IP66 150cm 42W 4000K 6100lm (2x58W) 2-step dim (100-10%) slave = geen sensor & noodmodule 1uur zelftest
4607702-3SD-M,Pragmalux,Pragmalux LED TL Waterdicht Armatuur Hermes IP66 150cm 42W 4000K 6100lm (2x58W) 3-step dim (100-10%-uit) master + bewegingssensor
4607702-3SD-M-NA,Pragmalux,Pragmalux LED TL Waterdicht Armatuur Hermes IP66 150cm 42W 4000K 6100lm (2x58W) 3-step dim (100-10%-uit) master + bewegingssensor & noodmodule 1uur zelftest
4607702-3SD-M-TN,Pragmalux,Pragmalux LED TL Waterdicht Armatuur Hermes IP66 150cm 42W 4000K 6100lm (2x58W) 3-step dim (100-10%-uit) master + bewegingssensor & Tridonic noodmodule 1 uur manueel
4607702-3SD-S,Pragmalux,Pragmalux LED TL Waterdicht Armatuur Hermes IP66 150cm 42W 4000K 6100lm (2x58W) 3-step dim (100-10%-uit) slave = geen sensor
4607702-3SD-S-NA,Pragmalux,Pragmalux LED TL Waterdicht Armatuur Hermes IP66 150cm 42W 4000K 6100lm (2x58W) 3-step dim (100-10%-uit) slave = geen sensor & noodmodule 1uur zelftest
4607702-DA,Pragmalux,Pragmalux LED TL Waterdicht Armatuur Hermes IP66 150cm 42W 4000K 6100lm (2x58W) DALI
4607702-DA-NA,Pragmalux,Pragmalux LED TL Waterdicht Armatuur Hermes IP66 150cm 42W 4000K 6100lm (2x58W) DALI + noodmodule 1uur zelftest
4607702-CCT-2SD-M,Pragmalux,Pragmalux LED TL Waterdicht Armatuur Hermes IP66 150cm 53W 3000K-6000K 3-CCT 7700lm (2x58W) 2-step dim (100-10%) master + bewegingssensor
4607702-CCT-2SD-M-NA,Pragmalux,Pragmalux LED TL Waterdicht Armatuur Hermes IP66 150cm 53W 3000K-6000K 3-CCT 7700lm (2x58W) 2-step dim (100-10%) master + bewegingssensor & noodmodule 1uur zelftest
4607702-CCT-2SD-S,Pragmalux,Pragmalux LED TL Waterdicht Armatuur Hermes IP66 150cm 53W 3000K-6000K 3-CCT 7700lm (2x58W) 2-step dim (100-10%) slave = geen sensor
4607702-CCT-2SD-S-NA,Pragmalux,Pragmalux LED TL Waterdicht Armatuur Hermes IP66 150cm 53W 3000K-6000K 3-CCT 7700lm (2x58W) 2-step dim (100-10%) slave = geen sensor & noodmodule 1uur zelftest
4607702-CCT-2SD-S-TN,Pragmalux,Pragmalux LED TL Waterdicht Armatuur Hermes IP66 150cm 53W 3000K-6000K 3-CCT 7700lm (2x58W) 2-step dim (100-10%) slave = geen sensor & Tridonic noodmodule 1 uur manueel
4607702-CCT-3SD-M,Pragmalux,Pragmalux LED TL Waterdicht Armatuur Hermes IP66 150cm 53W 3000K-6000K 3-CCT 7700lm (2x58W) 3-step dim (100-10%-uit) master + bewegingssensor
4607702-CCT-3SD-M-NA,Pragmalux,Pragmalux LED TL Waterdicht Armatuur Hermes IP66 150cm 53W 3000K-6000K 3-CCT 7700lm (2x58W) 3-step dim (100-10%-uit) master + bewegingssensor & noodmodule 1uur zelftest
4607702-CCT-3SD-S,Pragmalux,Pragmalux LED TL Waterdicht Armatuur Hermes IP66 150cm 53W 3000K-6000K 3-CCT 7700lm (2x58W) 3-step dim (100-10%-uit) slave = geen sensor
4607702-CCT-3SD-S-NA,Pragmalux,Pragmalux LED TL Waterdicht Armatuur Hermes IP66 150cm 53W 3000K-6000K 3-CCT 7700lm (2x58W) 3-step dim (100-10%-uit) slave = geen sensor & noodmodule 1uur zelftest
4607702-CCT-DA,Pragmalux,Pragmalux LED TL Waterdicht Armatuur Hermes IP66 150cm 53W 3000K-6000K 3-CCT 7700lm (2x58W) DALI
4607702-CCT-DA-NA,Pragmalux,Pragmalux LED TL Waterdicht Armatuur Hermes IP66 150cm 53W 3000K-6000K 3-CCT 7700lm (2x58W) DALI + noodmodule 1uur zelftest
1000480-2SD-M,Pragmalux,"Pragmalux LED TL Waterdicht Armatuur Hermes IP66 150cm 53W 3000K-6000K 3-CCT 7700lm 5x2,5mm Doorvoerbedrading (2x58W) 2-step dim (100-10%) master + bewegingssensor"
1000480-2SD-M-NA,Pragmalux,"Pragmalux LED TL Waterdicht Armatuur Hermes IP66 150cm 53W 3000K-6000K 3-CCT 7700lm 5x2,5mm Doorvoerbedrading (2x58W) 2-step dim (100-10%) master + bewegingssensor & noodmodule 1uur zelftest"
1000480-2SD-S,Pragmalux,"Pragmalux LED TL Waterdicht Armatuur Hermes IP66 150cm 53W 3000K-6000K 3-CCT 7700lm 5x2,5mm Doorvoerbedrading (2x58W) 2-step dim (100-10%) slave = geen sensor"
1000480-2SD-S-NA,Pragmalux,"Pragmalux LED TL Waterdicht Armatuur Hermes IP66 150cm 53W 3000K-6000K 3-CCT 7700lm 5x2,5mm Doorvoerbedrading (2x58W) 2-step dim (100-10%) slave = geen sensor & noodmodule 1uur zelftest"
1000480-3SD-M,Pragmalux,"Pragmalux LED TL Waterdicht Armatuur Hermes IP66 150cm 53W 3000K-6000K 3-CCT 7700lm 5x2,5mm Doorvoerbedrading (2x58W) 3-step dim (100-10%-uit) master + bewegingssensor"
1000480-3SD-M-NA,Pragmalux,"Pragmalux LED TL Waterdicht Armatuur Hermes IP66 150cm 53W 3000K-6000K 3-CCT 7700lm 5x2,5mm Doorvoerbedrading (2x58W) 3-step dim (100-10%-uit) master + bewegingssensor & noodmodule 1uur zelftest"
1000480-3SD-S,Pragmalux,"Pragmalux LED TL Waterdicht Armatuur Hermes IP66 150cm 53W 3000K-6000K 3-CCT 7700lm 5x2,5mm Doorvoerbedrading (2x58W) 3-step dim (100-10%-uit) slave = geen sensor"
1000480-3SD-S-NA,Pragmalux,"Pragmalux LED TL Waterdicht Armatuur Hermes IP66 150cm 53W 3000K-6000K 3-CCT 7700lm 5x2,5mm Doorvoerbedrading (2x58W) 3-step dim (100-10%-uit) slave = geen sensor & noodmodule 1uur zelftest"
1000480-DA,Pragmalux,"Pragmalux LED TL Waterdicht Armatuur Hermes IP66 150cm 53W 3000K-6000K 3-CCT 7700lm 5x2,5mm Doorvoerbedrading (2x58W) DALI"
1000480-DA-NA,Pragmalux,"Pragmalux LED TL Waterdicht Armatuur Hermes IP66 150cm 53W 3000K-6000K 3-CCT 7700lm 5x2,5mm Doorvoerbedrading (2x58W) DALI + noodmodule 1uur zelftest"
1000497-DA,Pragmalux,"Pragmalux LED TL Waterdicht Armatuur Hermes IP66 150cm 61W 4000K 10200lm 5x2,5mm Doorvoerbedrading (2x80W) DALI"
2031272-N,Pragmalux,"Pragmalux LED TL Waterdicht Armatuur Typhoon G2 IP66 IP69K IK08 PMMA 120cm 20-34W 3000-4000K-6000K 3CCT 2800-4850lm 4x2,5mm Doorvoerbedrading (2x36W)+ Noodmodule 1uur zelftest"
2031272-S,Pragmalux,"Pragmalux LED TL Waterdicht Armatuur Typhoon G2 IP66 IP69K IK08 PMMA 120cm 20-34W 3000-4000K-6000K 3CCT 2800-4850lm 4x2,5mm Doorvoerbedrading (2x36W)+ Step dim bewegingssensor"
2031272-SN,Pragmalux,"Pragmalux LED TL Waterdicht Armatuur Typhoon G2 IP66 IP69K IK08 PMMA 120cm 20-34W 3000-4000K-6000K 3CCT 2800-4850lm 4x2,5mm Doorvoerbedrading (2x36W)+ Step dim bewegingssensor&Noodmodule 1uur zelftest"
2031272-DA,Pragmalux,"Pragmalux LED TL Waterdicht Armatuur Typhoon G2 IP66 IP69K IK08 PMMA 120cm max.34W 3000-4000K-6000K 3CCT max.4850lm 4x2,5mm Doorvoerbedrading (2x36W) DALI2"
2031289-N,Pragmalux,"Pragmalux LED TL Waterdicht Armatuur Typhoon G2 IP66 IP69K IK08 PMMA 150cm 27-48W 3000-4000K-6000K 3CCT 3700-6800lm 4x2,5mm Doorvoerbedrading (2x58W)+ Noodmodule 1uur zelftest"
2031289-S,Pragmalux,"Pragmalux LED TL Waterdicht Armatuur Typhoon G2 IP66 IP69K IK08 PMMA 150cm 27-48W 3000-4000K-6000K 3CCT 3700-6800lm 4x2,5mm Doorvoerbedrading (2x58W)+ Step dim bewegingssensor"
2031289-SN,Pragmalux,"Pragmalux LED TL Waterdicht Armatuur Typhoon G2 IP66 IP69K IK08 PMMA 150cm 27-48W 3000-4000K-6000K 3CCT 3700-6800lm 4x2,5mm Doorvoerbedrading (2x58W)+ Step dim bewegingssensor&Noodmodule 1uur zelftest"
2031289-DA,Pragmalux,"Pragmalux LED TL Waterdicht Armatuur Typhoon G2 IP66 IP69K IK08 PMMA 150cm max.48W 3000-4000K-6000K 3CCT max.6800lm 4x2,5mm Doorvoerbedrading (2x58W) DALI2"
2031265-S,Pragmalux,"Pragmalux LED TL Waterdicht Armatuur Typhoon G2 IP66 IP69K IK08 PMMA 60cm 10-17W 3000-4000K-6000K 3CCT 1250-2200lm 4x2,5mm Doorvoerbedrading (2x18W)+ Step dim bewegingssensor"
2031265-DA,Pragmalux,"Pragmalux LED TL Waterdicht Armatuur Typhoon G2 IP66 IP69K IK08 PMMA 60cm max.17W 3000-4000K-6000K 3CCT max.2200lm 4x2,5mm Doorvoerbedrading (2x18W) DALI2"
30120-O-E3-T8-HO,Pragmalux,Pragmalux PRX Retroline LED-module HO ETAP E3-T8 75-22W 11400-3345lm 3000K 120D opaal
40120-O-E3-T8-HO,Pragmalux,Pragmalux PRX Retroline LED-module HO ETAP E3-T8 75-22W 11850-3475lm 4000K 120D opaal
50120-O-E3-T8-HO,Pragmalux,Pragmalux PRX Retroline LED-module HO ETAP E3-T8 75-22W 11850-3475lm 5000K 120D opaal
65120-O-E3-T8-HO,Pragmalux,Pragmalux PRX Retroline LED-module HO ETAP E3-T8 75-22W 11850-3475lm 6500K 120D opaal
30120-E3-T8-HO,Pragmalux,Pragmalux PRX Retroline LED-module HO ETAP E3-T8 75-22W 12000-3520lm 3000K 120D
3030-E3-T8-HO,Pragmalux,Pragmalux PRX Retroline LED-module HO ETAP E3-T8 75-22W 12000-3520lm 3000K 30D
3060-E3-T8-HO,Pragmalux,Pragmalux PRX Retroline LED-module HO ETAP E3-T8 75-22W 12000-3520lm 3000K 60D
3090-E3-T8-HO,Pragmalux,Pragmalux PRX Retroline LED-module HO ETAP E3-T8 75-22W 12000-3520lm 3000K 90D
40120-E3-T8-HO,Pragmalux,Pragmalux PRX Retroline LED-module HO ETAP E3-T8 75-22W 12900-3785lm 4000K 120D
4030-E3-T8-HO,Pragmalux,Pragmalux PRX Retroline LED-module HO ETAP E3-T8 75-22W 12900-3785lm 4000K 30D
4060-E3-T8-HO,Pragmalux,Pragmalux PRX Retroline LED-module HO ETAP E3-T8 75-22W 12900-3785lm 4000K 60D
4090-E3-T8-HO,Pragmalux,Pragmalux PRX Retroline LED-module HO ETAP E3-T8 75-22W 12900-3785lm 4000K 90D
50120-E3-T8-HO,Pragmalux,Pragmalux PRX Retroline LED-module HO ETAP E3-T8 75-22W 12900-3785lm 5000K 120D
5030-E3-T8-HO,Pragmalux,Pragmalux PRX Retroline LED-module HO ETAP E3-T8 75-22W 12900-3785lm 5000K 30D
5060-E3-T8-HO,Pragmalux,Pragmalux PRX Retroline LED-module HO ETAP E3-T8 75-22W 12900-3785lm 5000K 60D
5090-E3-T8-HO,Pragmalux,Pragmalux PRX Retroline LED-module HO ETAP E3-T8 75-22W 12900-3785lm 5000K 90D
65120-E3-T8-HO,Pragmalux,Pragmalux PRX Retroline LED-module HO ETAP E3-T8 75-22W 12900-3785lm 6500K 120D
6530-E3-T8-HO,Pragmalux,Pragmalux PRX Retroline LED-module HO ETAP E3-T8 75-22W 12900-3785lm 6500K 30D
6560-E3-T8-HO,Pragmalux,Pragmalux PRX Retroline LED-module HO ETAP E3-T8 75-22W 12900-3785lm 6500K 60D
6590-E3-T8-HO,Pragmalux,Pragmalux PRX Retroline LED-module HO ETAP E3-T8 75-22W 12900-3785lm 6500K 90D
30120-O-E5-T5-HO,Pragmalux,Pragmalux PRX Retroline LED-module HO ETAP E5-T5 75-22W 11400-3345lm 3000K 120D opaal
30120-E5-T5-HO,Pragmalux,Pragmalux PRX Retroline LED-module HO ETAP E5-T5 75-22W 12000-3520lm 3000K 120D
3030-E5-T5-HO,Pragmalux,Pragmalux PRX Retroline LED-module HO ETAP E5-T5 75-22W 12000-3520lm 3000K 30D
3060-E5-T5-HO,Pragmalux,Pragmalux PRX Retroline LED-module HO ETAP E5-T5 75-22W 12000-3520lm 3000K 60D
3090-E5-T5-HO,Pragmalux,Pragmalux PRX Retroline LED-module HO ETAP E5-T5 75-22W 12000-3520lm 3000K 90D
40120-E5-T5-HO,Pragmalux,Pragmalux PRX Retroline LED-module HO ETAP E5-T5 75-22W 12900-3785lm 4000K 120D
4030-E5-T5-HO,Pragmalux,Pragmalux PRX Retroline LED-module HO ETAP E5-T5 75-22W 12900-3785lm 4000K 30D
4060-E5-T5-HO,Pragmalux,Pragmalux PRX Retroline LED-module HO ETAP E5-T5 75-22W 12900-3785lm 4000K 60D
4090-E5-T5-HO,Pragmalux,Pragmalux PRX Retroline LED-module HO ETAP E5-T5 75-22W 12900-3785lm 4000K 90D
50120-E5-T5-HO,Pragmalux,Pragmalux PRX Retroline LED-module HO ETAP E5-T5 75-22W 12900-3785lm 5000K 120D
5030-E5-T5-HO,Pragmalux,Pragmalux PRX Retroline LED-module HO ETAP E5-T5 75-22W 12900-3785lm 5000K 30D
5060-E5-T5-HO,Pragmalux,Pragmalux PRX Retroline LED-module HO ETAP E5-T5 75-22W 12900-3785lm 5000K 60D
5090-E5-T5-HO,Pragmalux,Pragmalux PRX Retroline LED-module HO ETAP E5-T5 75-22W 12900-3785lm 5000K 90D
65120-E5-T5-HO,Pragmalux,Pragmalux PRX Retroline LED-module HO ETAP E5-T5 75-22W 12900-3785lm 6500K 120D
6530-E5-T5-HO,Pragmalux,Pragmalux PRX Retroline LED-module HO ETAP E5-T5 75-22W 12900-3785lm 6500K 30D
6560-E5-T5-HO,Pragmalux,Pragmalux PRX Retroline LED-module HO ETAP E5-T5 75-22W 12900-3785lm 6500K 60D
6590-E5-T5-HO,Pragmalux,Pragmalux PRX Retroline LED-module HO ETAP E5-T5 75-22W 12900-3785lm 6500K 90D
30120-O-TRX-T5-HO,Pragmalux,Pragmalux PRX Retroline LED-Module HO FLUOLITE TRX-T5 75-22W 11850-3475lm 3000K 120D opaal
30120-TRX-T5-HO,Pragmalux,Pragmalux PRX Retroline LED-Module HO FLUOLITE TRX-T5 75-22W 12000-3520lm 3000K 120D
3030-TRX-T5-HO,Pragmalux,Pragmalux PRX Retroline LED-Module HO FLUOLITE TRX-T5 75-22W 12000-3520lm 3000K 30D
3060-TRX-T5-HO,Pragmalux,Pragmalux PRX Retroline LED-Module HO FLUOLITE TRX-T5 75-22W 12000-3520lm 3000K 60D
3090-TRX-T5-HO,Pragmalux,Pragmalux PRX Retroline LED-Module HO FLUOLITE TRX-T5 75-22W 12000-3520lm 3000K 90D
40120-TRX-T5-HO,Pragmalux,Pragmalux PRX Retroline LED-Module HO FLUOLITE TRX-T5 75-22W 12900-3785lm 4000K 120D
4030-TRX-T5-HO,Pragmalux,Pragmalux PRX Retroline LED-Module HO FLUOLITE TRX-T5 75-22W 12900-3785lm 4000K 30D
4060-TRX-T5-HO,Pragmalux,Pragmalux PRX Retroline LED-Module HO FLUOLITE TRX-T5 75-22W 12900-3785lm 4000K 60D
4090-TRX-T5-HO,Pragmalux,Pragmalux PRX Retroline LED-Module HO FLUOLITE TRX-T5 75-22W 12900-3785lm 4000K 90D
50120-TRX-T5-HO,Pragmalux,Pragmalux PRX Retroline LED-Module HO FLUOLITE TRX-T5 75-22W 12900-3785lm 5000K 120D
5030-TRX-T5-HO,Pragmalux,Pragmalux PRX Retroline LED-Module HO FLUOLITE TRX-T5 75-22W 12900-3785lm 5000K 30D
5060-TRX-T5-HO,Pragmalux,Pragmalux PRX Retroline LED-Module HO FLUOLITE TRX-T5 75-22W 12900-3785lm 5000K 60D
5090-TRX-T5-HO,Pragmalux,Pragmalux PRX Retroline LED-Module HO FLUOLITE TRX-T5 75-22W 12900-3785lm 5000K 90D
65120-TRX-T5-HO,Pragmalux,Pragmalux PRX Retroline LED-Module HO FLUOLITE TRX-T5 75-22W 12900-3785lm 6500K 120D
6530-TRX-T5-HO,Pragmalux,Pragmalux PRX Retroline LED-Module HO FLUOLITE TRX-T5 75-22W 12900-3785lm 6500K 30D
6560-TRX-T5-HO,Pragmalux,Pragmalux PRX Retroline LED-Module HO FLUOLITE TRX-T5 75-22W 12900-3785lm 6500K 60D
6590-TRX-T5-HO,Pragmalux,Pragmalux PRX Retroline LED-Module HO FLUOLITE TRX-T5 75-22W 12900-3785lm 6500K 90D
4090-QR-TS8-HO,Pragmalux,Pragmalux PRX Retroline LED-module HO Lite Light Q-Rail/TS 75-22W 12900-3785lm 4000K 90D
30120-O-LUD1960-HO,Pragmalux,Pragmalux PRX Retroline LED-module HO LUDWIG 1960 75-22W  11400-3345lm 3000K 120D opaal
30120-LUD1960-HO,Pragmalux,Pragmalux PRX Retroline LED-module HO LUDWIG 1960 75-22W  12000-3520lm 3000K 120D
3030-LUD1960-HO,Pragmalux,Pragmalux PRX Retroline LED-module HO LUDWIG 1960 75-22W  12000-3520lm 3000K 30D
3060-LUD1960-HO,Pragmalux,Pragmalux PRX Retroline LED-module HO LUDWIG 1960 75-22W  12000-3520lm 3000K 60D
3090-LUD1960-HO,Pragmalux,Pragmalux PRX Retroline LED-module HO LUDWIG 1960 75-22W  12000-3520lm 3000K 90D
40120-O-LUD1960-HO,Pragmalux,Pragmalux PRX Retroline LED-module HO LUDWIG 1960 75-22W 11850-3475lm 4000K 120D opaal
50120-O-LUD1960-HO,Pragmalux,Pragmalux PRX Retroline LED-module HO LUDWIG 1960 75-22W 11850-3475lm 5000K 120D opaal
65120-O-LUD1960-HO,Pragmalux,Pragmalux PRX Retroline LED-module HO LUDWIG 1960 75-22W 11850-3475lm 6500K 120D opaal
40120-LUD1960-HO,Pragmalux,Pragmalux PRX Retroline LED-module HO LUDWIG 1960 75-22W 12900-3785lm 4000K 120D
4030-LUD1960-HO,Pragmalux,Pragmalux PRX Retroline LED-module HO LUDWIG 1960 75-22W 12900-3785lm 4000K 30D
4060-LUD1960-HO,Pragmalux,Pragmalux PRX Retroline LED-module HO LUDWIG 1960 75-22W 12900-3785lm 4000K 60D
4090-LUD1960-HO,Pragmalux,Pragmalux PRX Retroline LED-module HO LUDWIG 1960 75-22W 12900-3785lm 4000K 90D
50120-LUD1960-HO,Pragmalux,Pragmalux PRX Retroline LED-module HO LUDWIG 1960 75-22W 12900-3785lm 5000K 120D
5030-LUD1960-HO,Pragmalux,Pragmalux PRX Retroline LED-module HO LUDWIG 1960 75-22W 12900-3785lm 5000K 30D
5060-LUD1960-HO,Pragmalux,Pragmalux PRX Retroline LED-module HO LUDWIG 1960 75-22W 12900-3785lm 5000K 60D
5090-LUD1960-HO,Pragmalux,Pragmalux PRX Retroline LED-module HO LUDWIG 1960 75-22W 12900-3785lm 5000K 90D
65120-LUD1960-HO,Pragmalux,Pragmalux PRX Retroline LED-module HO LUDWIG 1960 75-22W 12900-3785lm 6500K 120D
6530-LUD1960-HO,Pragmalux,Pragmalux PRX Retroline LED-module HO LUDWIG 1960 75-22W 12900-3785lm 6500K 30D
6560-LUD1960-HO,Pragmalux,Pragmalux PRX Retroline LED-module HO LUDWIG 1960 75-22W 12900-3785lm 6500K 60D
6590-LUD1960-HO,Pragmalux,Pragmalux PRX Retroline LED-module HO LUDWIG 1960 75-22W 12900-3785lm 6500K 90D
30120-O-LUD2061-T5-HO,Pragmalux,Pragmalux PRX Retroline LED-module HO LUDWIG 2060-T5 75-22W  11400-3345lm 3000K 120D opaal
30120-LUD2061-T5-HO,Pragmalux,Pragmalux PRX Retroline LED-module HO LUDWIG 2060-T5 75-22W  12000-3520lm 3000K 120D
3030-LUD2061-T5-HO,Pragmalux,Pragmalux PRX Retroline LED-module HO LUDWIG 2060-T5 75-22W  12000-3520lm 3000K 30D
3060-LUD2061-T5-HO,Pragmalux,Pragmalux PRX Retroline LED-module HO LUDWIG 2060-T5 75-22W  12000-3520lm 3000K 60D
3090-LUD2061-T5-HO,Pragmalux,Pragmalux PRX Retroline LED-module HO LUDWIG 2060-T5 75-22W  12000-3520lm 3000K 90D
30120-O-LUD2060-T8-HO,Pragmalux,Pragmalux PRX Retroline LED-module HO LUDWIG 2060-T8 75-22W  11400-3345lm 3000K 120D opaal
30120-LUD2060-T8-HO,Pragmalux,Pragmalux PRX Retroline LED-module HO LUDWIG 2060-T8 75-22W  12000-3520lm 3000K 120D
3030-LUD2060-T8-HO,Pragmalux,Pragmalux PRX Retroline LED-module HO LUDWIG 2060-T8 75-22W  12000-3520lm 3000K 30D
3060-LUD2060-T8-HO,Pragmalux,Pragmalux PRX Retroline LED-module HO LUDWIG 2060-T8 75-22W  12000-3520lm 3000K 60D
3090-LUD2060-T8-HO,Pragmalux,Pragmalux PRX Retroline LED-module HO LUDWIG 2060-T8 75-22W  12000-3520lm 3000K 90D
40120-O-LUD2060-T8-HO,Pragmalux,Pragmalux PRX Retroline LED-module HO LUDWIG 2060-T8 75-22W 11850-3475lm 4000K 120D opaal
50120-O-LUD2060-T8-HO,Pragmalux,Pragmalux PRX Retroline LED-module HO LUDWIG 2060-T8 75-22W 11850-3475lm 5000K 120D opaal
65120-O-LUD2060-T8-HO,Pragmalux,Pragmalux PRX Retroline LED-module HO LUDWIG 2060-T8 75-22W 11850-3475lm 6500K 120D opaal
40120-LUD2060-T8-HO,Pragmalux,Pragmalux PRX Retroline LED-module HO LUDWIG 2060-T8 75-22W 12900-3785lm 4000K 120D
4030-LUD2060-T8-HO,Pragmalux,Pragmalux PRX Retroline LED-module HO LUDWIG 2060-T8 75-22W 12900-3785lm 4000K 30D
4060-LUD2060-T8-HO,Pragmalux,Pragmalux PRX Retroline LED-module HO LUDWIG 2060-T8 75-22W 12900-3785lm 4000K 60D
4090-LUD2060-T8-HO,Pragmalux,Pragmalux PRX Retroline LED-module HO LUDWIG 2060-T8 75-22W 12900-3785lm 4000K 90D
50120-LUD2060-T8-HO,Pragmalux,Pragmalux PRX Retroline LED-module HO LUDWIG 2060-T8 75-22W 12900-3785lm 5000K 120D
5030-LUD2060-T8-HO,Pragmalux,Pragmalux PRX Retroline LED-module HO LUDWIG 2060-T8 75-22W 12900-3785lm 5000K 30D
5060-LUD2060-T8-HO,Pragmalux,Pragmalux PRX Retroline LED-module HO LUDWIG 2060-T8 75-22W 12900-3785lm 5000K 60D
5090-LUD2060-T8-HO,Pragmalux,Pragmalux PRX Retroline LED-module HO LUDWIG 2060-T8 75-22W 12900-3785lm 5000K 90D
65120-LUD2060-T8-HO,Pragmalux,Pragmalux PRX Retroline LED-module HO LUDWIG 2060-T8 75-22W 12900-3785lm 6500K 120D
6530-LUD2060-T8-HO,Pragmalux,Pragmalux PRX Retroline LED-module HO LUDWIG 2060-T8 75-22W 12900-3785lm 6500K 30D
6560-LUD2060-T8-HO,Pragmalux,Pragmalux PRX Retroline LED-module HO LUDWIG 2060-T8 75-22W 12900-3785lm 6500K 60D
6590-LUD2060-T8-HO,Pragmalux,Pragmalux PRX Retroline LED-module HO LUDWIG 2060-T8 75-22W 12900-3785lm 6500K 90D
4090-LUD2061-T5-HO,Pragmalux,Pragmalux PRX Retroline LED-module HO LUDWIG 2061-T5 75-22W 12900-3785lm 4000K 90D
30120-O-LU-TRX-T5-HO,Pragmalux,Pragmalux PRX Retroline LED-Module HO LUMIS TRX-T5 75-22W 11400-3345lm 3000K 120D opaal
30120-LU-TRX-T5-HO,Pragmalux,Pragmalux PRX Retroline LED-Module HO LUMIS TRX-T5 75-22W 12000-3520lm 3000K 120D
3030-LU-TRX-T5-HO,Pragmalux,Pragmalux PRX Retroline LED-Module HO LUMIS TRX-T5 75-22W 12000-3520lm 3000K 30D
3060-LU-TRX7-T5-HO,Pragmalux,Pragmalux PRX Retroline LED-Module HO LUMIS TRX-T5 75-22W 12000-3520lm 3000K 60D
3090-LU-TRX-T5-HO,Pragmalux,Pragmalux PRX Retroline LED-Module HO LUMIS TRX-T5 75-22W 12000-3520lm 3000K 90D
40120-LU-TRX-T5-HO,Pragmalux,Pragmalux PRX Retroline LED-Module HO LUMIS TRX-T5 75-22W 12900-3785lm 4000K 120D
4030-LU-TRX-T5-HO,Pragmalux,Pragmalux PRX Retroline LED-Module HO LUMIS TRX-T5 75-22W 12900-3785lm 4000K 30D
4060-LU-TRX7-T5-HO,Pragmalux,Pragmalux PRX Retroline LED-Module HO LUMIS TRX-T5 75-22W 12900-3785lm 4000K 60D
4090-LU-TRX-T5-HO,Pragmalux,Pragmalux PRX Retroline LED-Module HO LUMIS TRX-T5 75-22W 12900-3785lm 4000K 90D
50120-LU-TRX-T5-HO,Pragmalux,Pragmalux PRX Retroline LED-Module HO LUMIS TRX-T5 75-22W 12900-3785lm 5000K 120D
5030-LU-TRX-T5-HO,Pragmalux,Pragmalux PRX Retroline LED-Module HO LUMIS TRX-T5 75-22W 12900-3785lm 5000K 30D
5060-LU-TRX-T5-HO,Pragmalux,Pragmalux PRX Retroline LED-Module HO LUMIS TRX-T5 75-22W 12900-3785lm 5000K 60D
5090-LU-TRX-T5-HO,Pragmalux,Pragmalux PRX Retroline LED-Module HO LUMIS TRX-T5 75-22W 12900-3785lm 5000K 90D
65120-LU-TRX-T5-HO,Pragmalux,Pragmalux PRX Retroline LED-Module HO LUMIS TRX-T5 75-22W 12900-3785lm 6500K 120D
6530-LU-TRX-T5-HO,Pragmalux,Pragmalux PRX Retroline LED-Module HO LUMIS TRX-T5 75-22W 12900-3785lm 6500K 30D
6560-LU-TRX-T5-HO,Pragmalux,Pragmalux PRX Retroline LED-Module HO LUMIS TRX-T5 75-22W 12900-3785lm 6500K 60D
6590-LU-TRX-T5-HO,Pragmalux,Pragmalux PRX Retroline LED-Module HO LUMIS TRX-T5 75-22W 12900-3785lm 6500K 90D
30120-O-LU-TRX-T8-HO,Pragmalux,Pragmalux PRX Retroline LED-Module HO LUMIS TRX-T8 75-22W 11400-3345lm 3000K 120D opaal
40120-O-LU-TRX-T8-HO,Pragmalux,Pragmalux PRX Retroline LED-Module HO LUMIS TRX-T8 75-22W 11850-3475lm 4000K 120D opaal
50120-O-LU-TRX-T8-HO,Pragmalux,Pragmalux PRX Retroline LED-Module HO LUMIS TRX-T8 75-22W 11850-3475lm 5000K 120D opaal
65120-O-LU-TRX-T8-HO,Pragmalux,Pragmalux PRX Retroline LED-Module HO LUMIS TRX-T8 75-22W 11850-3475lm 6500K 120D opaal
30120-LU-TRX-T8-HO,Pragmalux,Pragmalux PRX Retroline LED-Module HO LUMIS TRX-T8 75-22W 12000-3520lm 3000K 120D
3030-LU-TRX-T8-HO,Pragmalux,Pragmalux PRX Retroline LED-Module HO LUMIS TRX-T8 75-22W 12000-3520lm 3000K 30D
3060-LU-TRX-T8-HO,Pragmalux,Pragmalux PRX Retroline LED-Module HO LUMIS TRX-T8 75-22W 12000-3520lm 3000K 60D
3090-LU-TRX-T8-HO,Pragmalux,Pragmalux PRX Retroline LED-Module HO LUMIS TRX-T8 75-22W 12000-3520lm 3000K 90D
40120-LU-TRX-T8-HO,Pragmalux,Pragmalux PRX Retroline LED-Module HO LUMIS TRX-T8 75-22W 12900-3785lm 4000K 120D
4030-LU-TRX-T8-HO,Pragmalux,Pragmalux PRX Retroline LED-Module HO LUMIS TRX-T8 75-22W 12900-3785lm 4000K 30D
4060-LU-TRX-T8-HO,Pragmalux,Pragmalux PRX Retroline LED-Module HO LUMIS TRX-T8 75-22W 12900-3785lm 4000K 60D
4090-LU-TRX-T8-HO,Pragmalux,Pragmalux PRX Retroline LED-Module HO LUMIS TRX-T8 75-22W 12900-3785lm 4000K 90D
50120-LU-TRX-T8-HO,Pragmalux,Pragmalux PRX Retroline LED-Module HO LUMIS TRX-T8 75-22W 12900-3785lm 5000K 120D
5030-LU-TRX-T8-HO,Pragmalux,Pragmalux PRX Retroline LED-Module HO LUMIS TRX-T8 75-22W 12900-3785lm 5000K 30D
5060-LU-TRX-T8-HO,Pragmalux,Pragmalux PRX Retroline LED-Module HO LUMIS TRX-T8 75-22W 12900-3785lm 5000K 60D
5090-LU-TRX-T8-HO,Pragmalux,Pragmalux PRX Retroline LED-Module HO LUMIS TRX-T8 75-22W 12900-3785lm 5000K 90D
65120-LU-TRX-T8-HO,Pragmalux,Pragmalux PRX Retroline LED-Module HO LUMIS TRX-T8 75-22W 12900-3785lm 6500K 120D
6530-LU-TRX-T8-HO,Pragmalux,Pragmalux PRX Retroline LED-Module HO LUMIS TRX-T8 75-22W 12900-3785lm 6500K 30D
6560-LU-TRX-T8-HO,Pragmalux,Pragmalux PRX Retroline LED-Module HO LUMIS TRX-T8 75-22W 12900-3785lm 6500K 60D
6590-LU-TRX-T8-HO,Pragmalux,Pragmalux PRX Retroline LED-Module HO LUMIS TRX-T8 75-22W 12900-3785lm 6500K 90D
30120-O-NLS-T5-HO,Pragmalux,Pragmalux PRX Retroline LED-module HO NORTON NLS-T5 75-22W 11400-3345lm 3000K 120D opaal
30120-NLS-T5-HO,Pragmalux,Pragmalux PRX Retroline LED-module HO NORTON NLS-T5 75-22W 12000-3520lm 3000K 120D
3030-NLS-T5-HO,Pragmalux,Pragmalux PRX Retroline LED-module HO NORTON NLS-T5 75-22W 12000-3520lm 3000K 30D
3060-NLS7-T5-HO,Pragmalux,Pragmalux PRX Retroline LED-module HO NORTON NLS-T5 75-22W 12000-3520lm 3000K 60D
3090-NLS-T5-HO,Pragmalux,Pragmalux PRX Retroline LED-module HO NORTON NLS-T5 75-22W 12000-3520lm 3000K 90D
40120-NLS-T5-HO,Pragmalux,Pragmalux PRX Retroline LED-module HO NORTON NLS-T5 75-22W 12900-3785lm 4000K 120D
4030-NLS-T5-HO,Pragmalux,Pragmalux PRX Retroline LED-module HO NORTON NLS-T5 75-22W 12900-3785lm 4000K 30D
4060-NLS7-T5-HO,Pragmalux,Pragmalux PRX Retroline LED-module HO NORTON NLS-T5 75-22W 12900-3785lm 4000K 60D
4090-NLS-T5-HO,Pragmalux,Pragmalux PRX Retroline LED-module HO NORTON NLS-T5 75-22W 12900-3785lm 4000K 90D
50120-NLS-T5-HO,Pragmalux,Pragmalux PRX Retroline LED-module HO NORTON NLS-T5 75-22W 12900-3785lm 5000K 120D
5030-NLS-T5-HO,Pragmalux,Pragmalux PRX Retroline LED-module HO NORTON NLS-T5 75-22W 12900-3785lm 5000K 30D
5060-NLS-T5-HO,Pragmalux,Pragmalux PRX Retroline LED-module HO NORTON NLS-T5 75-22W 12900-3785lm 5000K 60D
5090-NLS-T5-HO,Pragmalux,Pragmalux PRX Retroline LED-module HO NORTON NLS-T5 75-22W 12900-3785lm 5000K 90D
65120-NLS-T5-HO,Pragmalux,Pragmalux PRX Retroline LED-module HO NORTON NLS-T5 75-22W 12900-3785lm 6500K 120D
6530-NLS-T5-HO,Pragmalux,Pragmalux PRX Retroline LED-module HO NORTON NLS-T5 75-22W 12900-3785lm 6500K 30D
6560-NLS-T5-HO,Pragmalux,Pragmalux PRX Retroline LED-module HO NORTON NLS-T5 75-22W 12900-3785lm 6500K 60D
6590-NLS-T5-HO,Pragmalux,Pragmalux PRX Retroline LED-module HO NORTON NLS-T5 75-22W 12900-3785lm 6500K 90D
30120-O-NLS-T8-HO,Pragmalux,Pragmalux PRX Retroline LED-module HO NORTON NLS-T8 75-22W 11400-3345lm 3000K 120D opaal
40120-O-NLS-T8-HO,Pragmalux,Pragmalux PRX Retroline LED-module HO NORTON NLS-T8 75-22W 11850-3475lm 4000K 120D opaal
50120-O-NLS-T8-HO,Pragmalux,Pragmalux PRX Retroline LED-module HO NORTON NLS-T8 75-22W 11850-3475lm 5000K 120D opaal
65120-O-NLS-T8-HO,Pragmalux,Pragmalux PRX Retroline LED-module HO NORTON NLS-T8 75-22W 11850-3475lm 6500K 120D opaal
30120-NLS-T8-HO,Pragmalux,Pragmalux PRX Retroline LED-module HO NORTON NLS-T8 75-22W 12000-3520lm 3000K 120D
3030-NLS-T8-HO,Pragmalux,Pragmalux PRX Retroline LED-module HO NORTON NLS-T8 75-22W 12000-3520lm 3000K 30D
3060-NLS-T8-HO,Pragmalux,Pragmalux PRX Retroline LED-module HO NORTON NLS-T8 75-22W 12000-3520lm 3000K 60D
3090-NLS-T8-HO,Pragmalux,Pragmalux PRX Retroline LED-module HO NORTON NLS-T8 75-22W 12000-3520lm 3000K 90D
40120-NLS-T8-HO,Pragmalux,Pragmalux PRX Retroline LED-module HO NORTON NLS-T8 75-22W 12900-3785lm 4000K 120D
4030-NLS-T8-HO,Pragmalux,Pragmalux PRX Retroline LED-module HO NORTON NLS-T8 75-22W 12900-3785lm 4000K 30D
4060-NLS-T8-HO,Pragmalux,Pragmalux PRX Retroline LED-module HO NORTON NLS-T8 75-22W 12900-3785lm 4000K 60D
50120-NLS-T8-HO,Pragmalux,Pragmalux PRX Retroline LED-module HO NORTON NLS-T8 75-22W 12900-3785lm 5000K 120D
5030-NLS-T8-HO,Pragmalux,Pragmalux PRX Retroline LED-module HO NORTON NLS-T8 75-22W 12900-3785lm 5000K 30D
5060-NLS-T8-HO,Pragmalux,Pragmalux PRX Retroline LED-module HO NORTON NLS-T8 75-22W 12900-3785lm 5000K 60D
5090-NLS-T8-HO,Pragmalux,Pragmalux PRX Retroline LED-module HO NORTON NLS-T8 75-22W 12900-3785lm 5000K 90D
65120-NLS-T8-HO,Pragmalux,Pragmalux PRX Retroline LED-module HO NORTON NLS-T8 75-22W 12900-3785lm 6500K 120D
6530-NLS-T8-HO,Pragmalux,Pragmalux PRX Retroline LED-module HO NORTON NLS-T8 75-22W 12900-3785lm 6500K 30D
6560-NLS-T8-HO,Pragmalux,Pragmalux PRX Retroline LED-module HO NORTON NLS-T8 75-22W 12900-3785lm 6500K 60D
6590-NLS-T8-HO,Pragmalux,Pragmalux PRX Retroline LED-module HO NORTON NLS-T8 75-22W 12900-3785lm 6500K 90D
30120-O-TRY-T5-HO,Pragmalux,Pragmalux PRX Retroline LED-Module HO PERFORMANCE IN LIGHTING TRY-T5 75-22W 11400-3345lm 3000k 120D opaal
30120-TRY-T5-HO,Pragmalux,Pragmalux PRX Retroline LED-Module HO PERFORMANCE IN LIGHTING TRY-T5 75-22W 12000-3520lm 3000K 120D
3030-TRY-T5-HO,Pragmalux,Pragmalux PRX Retroline LED-Module HO PERFORMANCE IN LIGHTING TRY-T5 75-22W 12000-3520lm 3000K 30D
3060-TRY7-T5-HO,Pragmalux,Pragmalux PRX Retroline LED-Module HO PERFORMANCE IN LIGHTING TRY-T5 75-22W 12000-3520lm 3000K 60D
3090-TRY-T5-HO,Pragmalux,Pragmalux PRX Retroline LED-Module HO PERFORMANCE IN LIGHTING TRY-T5 75-22W 12000-3520lm 3000K 90D
40120-TRY-T5-HO,Pragmalux,Pragmalux PRX Retroline LED-Module HO PERFORMANCE IN LIGHTING TRY-T5 75-22W 12900-3785lm 4000K 120D
4030-TRY-T5-HO,Pragmalux,Pragmalux PRX Retroline LED-Module HO PERFORMANCE IN LIGHTING TRY-T5 75-22W 12900-3785lm 4000K 30D
4060-TRY7-T5-HO,Pragmalux,Pragmalux PRX Retroline LED-Module HO PERFORMANCE IN LIGHTING TRY-T5 75-22W 12900-3785lm 4000K 60D
4090-TRY-T5-HO,Pragmalux,Pragmalux PRX Retroline LED-Module HO PERFORMANCE IN LIGHTING TRY-T5 75-22W 12900-3785lm 4000K 90D
50120-TRY-T5-HO,Pragmalux,Pragmalux PRX Retroline LED-Module HO PERFORMANCE IN LIGHTING TRY-T5 75-22W 12900-3785lm 5000K 120D
5030-TRY-T5-HO,Pragmalux,Pragmalux PRX Retroline LED-Module HO PERFORMANCE IN LIGHTING TRY-T5 75-22W 12900-3785lm 5000K 30D
5060-TRY-T5-HO,Pragmalux,Pragmalux PRX Retroline LED-Module HO PERFORMANCE IN LIGHTING TRY-T5 75-22W 12900-3785lm 5000K 60D
5090-TRY-T5-HO,Pragmalux,Pragmalux PRX Retroline LED-Module HO PERFORMANCE IN LIGHTING TRY-T5 75-22W 12900-3785lm 5000K 90D
65120-TRY-T5-HO,Pragmalux,Pragmalux PRX Retroline LED-Module HO PERFORMANCE IN LIGHTING TRY-T5 75-22W 12900-3785lm 6500K 120D
6530-TRY-T5-HO,Pragmalux,Pragmalux PRX Retroline LED-Module HO PERFORMANCE IN LIGHTING TRY-T5 75-22W 12900-3785lm 6500K 30D
6560-TRY-T5-HO,Pragmalux,Pragmalux PRX Retroline LED-Module HO PERFORMANCE IN LIGHTING TRY-T5 75-22W 12900-3785lm 6500K 60D
6590-TRY-T5-HO,Pragmalux,Pragmalux PRX Retroline LED-Module HO PERFORMANCE IN LIGHTING TRY-T5 75-22W 12900-3785lm 6500K 90D
30120-O-TRY-T8-HO,Pragmalux,Pragmalux PRX Retroline LED-Module HO PERFORMANCE IN LIGHTING TRY-T8 75-22W 11400-3345lm 3000k 120D opaal
40120-O-TRY-T8-HO,Pragmalux,Pragmalux PRX Retroline LED-Module HO PERFORMANCE IN LIGHTING TRY-T8 75-22W 11850-3475lm 4000k 120D opaal
50120-O-TRY-T8-HO,Pragmalux,Pragmalux PRX Retroline LED-Module HO PERFORMANCE IN LIGHTING TRY-T8 75-22W 11850-3475lm 5000K 120D opaal
65120-O-TRY-T8-HO,Pragmalux,Pragmalux PRX Retroline LED-Module HO PERFORMANCE IN LIGHTING TRY-T8 75-22W 11850-3475lm 6500K 120D opaal
30120-TRY-T8-HO,Pragmalux,Pragmalux PRX Retroline LED-Module HO PERFORMANCE IN LIGHTING TRY-T8 75-22W 12000-3520lm 3000k 120D
3030-TRY-T8-HO,Pragmalux,Pragmalux PRX Retroline LED-Module HO PERFORMANCE IN LIGHTING TRY-T8 75-22W 12000-3520lm 3000K 30D
3060-TRY-T8-HO,Pragmalux,Pragmalux PRX Retroline LED-Module HO PERFORMANCE IN LIGHTING TRY-T8 75-22W 12000-3520lm 3000K 60D
3090-TRY-T8-HO,Pragmalux,Pragmalux PRX Retroline LED-Module HO PERFORMANCE IN LIGHTING TRY-T8 75-22W 12000-3520lm 3000k 90D
40120-TRY-T8-HO,Pragmalux,Pragmalux PRX Retroline LED-Module HO PERFORMANCE IN LIGHTING TRY-T8 75-22W 12900-3785lm 4000K 120D
4030-TRY-T8-HO,Pragmalux,Pragmalux PRX Retroline LED-Module HO PERFORMANCE IN LIGHTING TRY-T8 75-22W 12900-3785lm 4000K 30D
4060-TRY-T8-HO,Pragmalux,Pragmalux PRX Retroline LED-Module HO PERFORMANCE IN LIGHTING TRY-T8 75-22W 12900-3785lm 4000K 60D
4090-TRY-T8-HO,Pragmalux,Pragmalux PRX Retroline LED-Module HO PERFORMANCE IN LIGHTING TRY-T8 75-22W 12900-3785lm 4000K 90D
50120-TRY-T8-HO,Pragmalux,Pragmalux PRX Retroline LED-Module HO PERFORMANCE IN LIGHTING TRY-T8 75-22W 12900-3785lm 5000K 120D
5030-TRY-T8-HO,Pragmalux,Pragmalux PRX Retroline LED-Module HO PERFORMANCE IN LIGHTING TRY-T8 75-22W 12900-3785lm 5000K 30D
5060-TRY-T8-HO,Pragmalux,Pragmalux PRX Retroline LED-Module HO PERFORMANCE IN LIGHTING TRY-T8 75-22W 12900-3785lm 5000K 60D
5090-TRY-T8-HO,Pragmalux,Pragmalux PRX Retroline LED-Module HO PERFORMANCE IN LIGHTING TRY-T8 75-22W 12900-3785lm 5000K 90D
65120-TRY-T8-HO,Pragmalux,Pragmalux PRX Retroline LED-Module HO PERFORMANCE IN LIGHTING TRY-T8 75-22W 12900-3785lm 6500K 120D
6530-TRY-T8-HO,Pragmalux,Pragmalux PRX Retroline LED-Module HO PERFORMANCE IN LIGHTING TRY-T8 75-22W 12900-3785lm 6500K 30D
6560-TRY-T8-HO,Pragmalux,Pragmalux PRX Retroline LED-Module HO PERFORMANCE IN LIGHTING TRY-T8 75-22W 12900-3785lm 6500K 60D
6590-TRY-T8-HO,Pragmalux,Pragmalux PRX Retroline LED-Module HO PERFORMANCE IN LIGHTING TRY-T8 75-22W 12900-3785lm 6500K 90D
30120-TMX204-T8-HO,Pragmalux,Pragmalux PRX Retroline LED-module HO Philips TMX204-T8 75-22W 12000-3520lm 3000K 120D
3030-TMX204-T8-HO,Pragmalux,Pragmalux PRX Retroline LED-module HO Philips TMX204-T8 75-22W 12000-3520lm 3000K 30D
3060-TMX204-T8-HO,Pragmalux,Pragmalux PRX Retroline LED-module HO Philips TMX204-T8 75-22W 12000-3520lm 3000K 60D
3090-TMX204-T8-HO,Pragmalux,Pragmalux PRX Retroline LED-module HO Philips TMX204-T8 75-22W 12000-3520lm 3000K 90D
40120-TMX204-T8-HO,Pragmalux,Pragmalux PRX Retroline LED-module HO Philips TMX204-T8 75-22W 12900-3785lm 4000K 120D
4030-TMX204-T8-HO,Pragmalux,Pragmalux PRX Retroline LED-module HO Philips TMX204-T8 75-22W 12900-3785lm 4000K 30D
4060-TMX204-T8-HO,Pragmalux,Pragmalux PRX Retroline LED-module HO Philips TMX204-T8 75-22W 12900-3785lm 4000K 60D
4090-TMX204-T8-HO,Pragmalux,Pragmalux PRX Retroline LED-module HO Philips TMX204-T8 75-22W 12900-3785lm 4000K 90D
50120-TMX204-T8-HO,Pragmalux,Pragmalux PRX Retroline LED-module HO Philips TMX204-T8 75-22W 12900-3785lm 5000K 120D
5030-TMX204-T8-HO,Pragmalux,Pragmalux PRX Retroline LED-module HO Philips TMX204-T8 75-22W 12900-3785lm 5000K 30D
5060-TMX204-T8-HO,Pragmalux,Pragmalux PRX Retroline LED-module HO Philips TMX204-T8 75-22W 12900-3785lm 5000K 60D
5090-TMX204-T8-HO,Pragmalux,Pragmalux PRX Retroline LED-module HO Philips TMX204-T8 75-22W 12900-3785lm 5000K 90D
65120-TMX204-T8-HO,Pragmalux,Pragmalux PRX Retroline LED-module HO Philips TMX204-T8 75-22W 12900-3785lm 6500K 120D
6530-TMX204-T8-HO,Pragmalux,Pragmalux PRX Retroline LED-module HO Philips TMX204-T8 75-22W 12900-3785lm 6500K 30D
6560-TMX204-T8-HO,Pragmalux,Pragmalux PRX Retroline LED-module HO Philips TMX204-T8 75-22W 12900-3785lm 6500K 60D
6590-TMX204-T8-HO,Pragmalux,Pragmalux PRX Retroline LED-module HO Philips TMX204-T8 75-22W 12900-3785lm 6500K 90D
30120-O-TX2-R58-HO,Pragmalux,Pragmalux PRX Retroline LED-module HO Philips TTX200-R58 75-22W 11400-3345lm 3000K 120D opaal
40120-O-TX2-R58-HO,Pragmalux,Pragmalux PRX Retroline LED-module HO Philips TTX200-R58 75-22W 11850-3475lm 4000K 120D opaal
30120-TX2-R58-HO,Pragmalux,Pragmalux PRX Retroline LED-module HO Philips TTX200-R58 75-22W 12000-3520lm 3000K 120D
3030-TX2-R58-HO,Pragmalux,Pragmalux PRX Retroline LED-module HO Philips TTX200-R58 75-22W 12000-3520lm 3000K 30D
3060-TX2-R58-HO,Pragmalux,Pragmalux PRX Retroline LED-module HO Philips TTX200-R58 75-22W 12000-3520lm 3000K 60D
3090-TX2-R58-HO,Pragmalux,Pragmalux PRX Retroline LED-module HO Philips TTX200-R58 75-22W 12000-3520lm 3000K 90D
40120-TX2-R58-HO,Pragmalux,Pragmalux PRX Retroline LED-module HO Philips TTX200-R58 75-22W 12900-3785lm 4000K 120D
4030-TX2-R58-HO,Pragmalux,Pragmalux PRX Retroline LED-module HO Philips TTX200-R58 75-22W 12900-3785lm 4000K 30D
4060-TX2-R58-HO,Pragmalux,Pragmalux PRX Retroline LED-module HO Philips TTX200-R58 75-22W 12900-3785lm 4000K 60D
50120-TX2-R58-HO,Pragmalux,Pragmalux PRX Retroline LED-module HO Philips TTX200-R58 75-22W 12900-3785lm 5000K 120D
5090-TX2-R58-HO,Pragmalux,Pragmalux PRX Retroline LED-module HO Philips TTX200-R58 75-22W 12900-3785lm 5000K 90D
6590-TX2-R58-HO,Pragmalux,Pragmalux PRX Retroline LED-module HO Philips TTX200-R58 75-22W 12900-3785lm 6500K 90D
30120-TX4-T5-HO,Pragmalux,Pragmalux PRX Retroline LED-module HO Philips TTX400-T5 75-22W 12000-3520lm 3000K 120D
3030-TX4-T5-HO,Pragmalux,Pragmalux PRX Retroline LED-module HO Philips TTX400-T5 75-22W 12000-3520lm 3000K 30D
3060-TX4-T5-HO,Pragmalux,Pragmalux PRX Retroline LED-module HO Philips TTX400-T5 75-22W 12000-3520lm 3000K 60D
40120-TX4-T5-HO,Pragmalux,Pragmalux PRX Retroline LED-module HO Philips TTX400-T5 75-22W 12900-3785lm 4000K 120D
4030-TX4-T5-HO,Pragmalux,Pragmalux PRX Retroline LED-module HO Philips TTX400-T5 75-22W 12900-3785lm 4000K 30D
4060-TX4-T5-HO,Pragmalux,Pragmalux PRX Retroline LED-module HO Philips TTX400-T5 75-22W 12900-3785lm 4000K 60D
4090-TX4-T5-HO,Pragmalux,Pragmalux PRX Retroline LED-module HO Philips TTX400-T5 75-22W 12900-3785lm 4000K 90D
50120-TX4-T5-HO,Pragmalux,Pragmalux PRX Retroline LED-module HO Philips TTX400-T5 75-22W 12900-3785lm 5000K 120D
5030-TX4-T5-HO,Pragmalux,Pragmalux PRX Retroline LED-module HO Philips TTX400-T5 75-22W 12900-3785lm 5000K 30D
5060-TX4-T5-HO,Pragmalux,Pragmalux PRX Retroline LED-module HO Philips TTX400-T5 75-22W 12900-3785lm 5000K 60D
5090-TX4-T5-HO,Pragmalux,Pragmalux PRX Retroline LED-module HO Philips TTX400-T5 75-22W 12900-3785lm 5000K 90D
65120-TX4-T5-HO,Pragmalux,Pragmalux PRX Retroline LED-module HO Philips TTX400-T5 75-22W 12900-3785lm 6500K 120D
6530-TX4-T5-HO,Pragmalux,Pragmalux PRX Retroline LED-module HO Philips TTX400-T5 75-22W 12900-3785lm 6500K 30D
6560-TX4-T5-HO,Pragmalux,Pragmalux PRX Retroline LED-module HO Philips TTX400-T5 75-22W 12900-3785lm 6500K 60D
6590-TX4-T5-HO,Pragmalux,Pragmalux PRX Retroline LED-module HO Philips TTX400-T5 75-22W 12900-3785lm 6500K 90D
4090-TX4-T8-HO-DA,Pragmalux,Pragmalux PRX Retroline LED-module HO Philips TTX400-T8 60W 12900lm 4000K 90D DALI
30120-O-TX4-T8-HO,Pragmalux,Pragmalux PRX Retroline LED-module HO Philips TTX400-T8 75-22W 11400-3345lm 3000K 120D opaal
40120-O-TX4-T8-HO,Pragmalux,Pragmalux PRX Retroline LED-module HO Philips TTX400-T8 75-22W 11850-3475lm 4000K 120D opaal
50120-O-TX4-T8-HO,Pragmalux,Pragmalux PRX Retroline LED-module HO Philips TTX400-T8 75-22W 11850-3475lm 5000K 120D opaal
65120-O-TX4-T8-HO,Pragmalux,Pragmalux PRX Retroline LED-module HO Philips TTX400-T8 75-22W 11850-3475lm 6500K 120D opaal
30120-TX4-T8-HO,Pragmalux,Pragmalux PRX Retroline LED-module HO Philips TTX400-T8 75-22W 12000-3520lm 3000K 120D
3030-TX4-T8-HO,Pragmalux,Pragmalux PRX Retroline LED-module HO Philips TTX400-T8 75-22W 12000-3520lm 3000K 30D
3060-TX4-T8-HO,Pragmalux,Pragmalux PRX Retroline LED-module HO Philips TTX400-T8 75-22W 12000-3520lm 3000K 60D
3090-TX4-T8-HO,Pragmalux,Pragmalux PRX Retroline LED-module HO Philips TTX400-T8 75-22W 12000-3520lm 3000K 90D
40120-TX4-T8-HO,Pragmalux,Pragmalux PRX Retroline LED-module HO Philips TTX400-T8 75-22W 12900-3785lm 4000K 120D
4030-TX4-T8-HO,Pragmalux,Pragmalux PRX Retroline LED-module HO Philips TTX400-T8 75-22W 12900-3785lm 4000K 30D
4060-TX4-T8-HO,Pragmalux,Pragmalux PRX Retroline LED-module HO Philips TTX400-T8 75-22W 12900-3785lm 4000K 60D
50120-TX4-T8-HO,Pragmalux,Pragmalux PRX Retroline LED-module HO Philips TTX400-T8 75-22W 12900-3785lm 5000K 120D
5030-TX4-T8-HO,Pragmalux,Pragmalux PRX Retroline LED-module HO Philips TTX400-T8 75-22W 12900-3785lm 5000K 30D
5060-TX4-T8-HO,Pragmalux,Pragmalux PRX Retroline LED-module HO Philips TTX400-T8 75-22W 12900-3785lm 5000K 60D
5090-TX4-T8-HO,Pragmalux,Pragmalux PRX Retroline LED-module HO Philips TTX400-T8 75-22W 12900-3785lm 5000K 90D
65120-TX4-T8-HO,Pragmalux,Pragmalux PRX Retroline LED-module HO Philips TTX400-T8 75-22W 12900-3785lm 6500K 120D
6530-TX4-T8-HO,Pragmalux,Pragmalux PRX Retroline LED-module HO Philips TTX400-T8 75-22W 12900-3785lm 6500K 30D
6560-TX4-T8-HO,Pragmalux,Pragmalux PRX Retroline LED-module HO Philips TTX400-T8 75-22W 12900-3785lm 6500K 60D
6590-TX4-T8-HO,Pragmalux,Pragmalux PRX Retroline LED-module HO Philips TTX400-T8 75-22W 12900-3785lm 6500K 90D
30120-O-MAX1-T5-HO,Pragmalux,Pragmalux PRX Retroline LED-module HO PHILIPSOS G1-T5 75-22W 11400-3345lm 3000K 120D opaal
30120-MAX1-T5-HO,Pragmalux,Pragmalux PRX Retroline LED-module HO PHILIPSOS G1-T5 75-22W 12000-3520lm 3000K 120D
3030-MAX1-T5-HO,Pragmalux,Pragmalux PRX Retroline LED-module HO PHILIPSOS G1-T5 75-22W 12000-3520lm 3000K 30D
3060-MAX1-T5-HO,Pragmalux,Pragmalux PRX Retroline LED-module HO PHILIPSOS G1-T5 75-22W 12000-3520lm 3000K 60D
3090-MAX1-T5-HO,Pragmalux,Pragmalux PRX Retroline LED-module HO PHILIPSOS G1-T5 75-22W 12000-3520lm 3000K 90D
40120-MAX1-T5-HO,Pragmalux,Pragmalux PRX Retroline LED-module HO PHILIPSOS G1-T5 75-22W 12900-3785lm 4000K 120D
4030-MAX1-T5-HO,Pragmalux,Pragmalux PRX Retroline LED-module HO PHILIPSOS G1-T5 75-22W 12900-3785lm 4000K 30D
4060-MAX1-T5-HO,Pragmalux,Pragmalux PRX Retroline LED-module HO PHILIPSOS G1-T5 75-22W 12900-3785lm 4000K 60D
4090-MAX1-T5-HO,Pragmalux,Pragmalux PRX Retroline LED-module HO PHILIPSOS G1-T5 75-22W 12900-3785lm 4000K 90D
50120-MAX1-T5-HO,Pragmalux,Pragmalux PRX Retroline LED-module HO PHILIPSOS G1-T5 75-22W 12900-3785lm 5000K 120D
5030-MAX1-T5-HO,Pragmalux,Pragmalux PRX Retroline LED-module HO PHILIPSOS G1-T5 75-22W 12900-3785lm 5000K 30D
5060-MAX1-T5-HO,Pragmalux,Pragmalux PRX Retroline LED-module HO PHILIPSOS G1-T5 75-22W 12900-3785lm 5000K 60D
5090-MAX1-T5-HO,Pragmalux,Pragmalux PRX Retroline LED-module HO PHILIPSOS G1-T5 75-22W 12900-3785lm 5000K 90D
65120-MAX1-T5-HO,Pragmalux,Pragmalux PRX Retroline LED-module HO PHILIPSOS G1-T5 75-22W 12900-3785lm 6500K 120D
6530-MAX1-T5-HO,Pragmalux,Pragmalux PRX Retroline LED-module HO PHILIPSOS G1-T5 75-22W 12900-3785lm 6500K 30D
6560-MAX1-T5-HO,Pragmalux,Pragmalux PRX Retroline LED-module HO PHILIPSOS G1-T5 75-22W 12900-3785lm 6500K 60D
6590-MAX1-T5-HO,Pragmalux,Pragmalux PRX Retroline LED-module HO PHILIPSOS G1-T5 75-22W 12900-3785lm 6500K 90D
30120-O-MAX1-T8-HO,Pragmalux,Pragmalux PRX Retroline LED-module HO PHILIPSOS G1-T8 75-22W 11400-3345lm 3000K 120D opaal
40120-O-MAX1-T8-HO,Pragmalux,Pragmalux PRX Retroline LED-module HO PHILIPSOS G1-T8 75-22W 11850-3475lm 4000K 120D opaal
50120-O-MAX1-T8-HO,Pragmalux,Pragmalux PRX Retroline LED-module HO PHILIPSOS G1-T8 75-22W 11850-3475lm 5000K 120D opaal
65120-O-MAX1-T8-HO,Pragmalux,Pragmalux PRX Retroline LED-module HO PHILIPSOS G1-T8 75-22W 11850-3475lm 6500K 120D opaal
30120-MAX1-T8-HO,Pragmalux,Pragmalux PRX Retroline LED-module HO PHILIPSOS G1-T8 75-22W 12000-3520lm 3000K 120D
3030-MAX1-T8-HO,Pragmalux,Pragmalux PRX Retroline LED-module HO PHILIPSOS G1-T8 75-22W 12000-3520lm 3000K 30D
3060-MAX1-T8-HO,Pragmalux,Pragmalux PRX Retroline LED-module HO PHILIPSOS G1-T8 75-22W 12000-3520lm 3000K 60D
3090-MAX1-T8-HO,Pragmalux,Pragmalux PRX Retroline LED-module HO PHILIPSOS G1-T8 75-22W 12000-3520lm 3000K 90D
40120-MAX1-T8-HO,Pragmalux,Pragmalux PRX Retroline LED-module HO PHILIPSOS G1-T8 75-22W 12900-3785lm 4000K 120D
4030-MAX1-T8-HO,Pragmalux,Pragmalux PRX Retroline LED-module HO PHILIPSOS G1-T8 75-22W 12900-3785lm 4000K 30D
4060-MAX1-T8-HO,Pragmalux,Pragmalux PRX Retroline LED-module HO PHILIPSOS G1-T8 75-22W 12900-3785lm 4000K 60D
4090-MAX1-T8-HO,Pragmalux,Pragmalux PRX Retroline LED-module HO PHILIPSOS G1-T8 75-22W 12900-3785lm 4000K 90D
50120-MAX1-T8-HO,Pragmalux,Pragmalux PRX Retroline LED-module HO PHILIPSOS G1-T8 75-22W 12900-3785lm 5000K 120D
5030-MAX1-T8-HO,Pragmalux,Pragmalux PRX Retroline LED-module HO PHILIPSOS G1-T8 75-22W 12900-3785lm 5000K 30D
5060-MAX1-T8-HO,Pragmalux,Pragmalux PRX Retroline LED-module HO PHILIPSOS G1-T8 75-22W 12900-3785lm 5000K 60D
5090-MAX1-T8-HO,Pragmalux,Pragmalux PRX Retroline LED-module HO PHILIPSOS G1-T8 75-22W 12900-3785lm 5000K 90D
65120-MAX1-T8-HO,Pragmalux,Pragmalux PRX Retroline LED-module HO PHILIPSOS G1-T8 75-22W 12900-3785lm 6500K 120D
6530-MAX1-T8-HO,Pragmalux,Pragmalux PRX Retroline LED-module HO PHILIPSOS G1-T8 75-22W 12900-3785lm 6500K 30D
6560-MAX1-T8-HO,Pragmalux,Pragmalux PRX Retroline LED-module HO PHILIPSOS G1-T8 75-22W 12900-3785lm 6500K 60D
6590-MAX1-T8-HO,Pragmalux,Pragmalux PRX Retroline LED-module HO PHILIPSOS G1-T8 75-22W 12900-3785lm 6500K 90D
30120-O-SDT-HO,Pragmalux,Pragmalux PRX Retroline LED-Module HO REGIOLUX SDT 75-22W 11400-3345lm 3000K 120D opaal
40120-SDT-HO,Pragmalux,Pragmalux PRX Retroline LED-Module HO REGIOLUX SDT 75-22W 11850-3475lm 4000K 120D
40120-O-SDT-HO,Pragmalux,Pragmalux PRX Retroline LED-Module HO REGIOLUX SDT 75-22W 11850-3475lm 4000K 120D opaal
50120-SDT-HO,Pragmalux,Pragmalux PRX Retroline LED-Module HO REGIOLUX SDT 75-22W 11850-3475lm 5000K 120D
50120-O-SDT-HO,Pragmalux,Pragmalux PRX Retroline LED-Module HO REGIOLUX SDT 75-22W 11850-3475lm 5000K 120D opaal
65120-SDT-HO,Pragmalux,Pragmalux PRX Retroline LED-Module HO REGIOLUX SDT 75-22W 11850-3475lm 6500K 120D
65120-O-SDT-HO,Pragmalux,Pragmalux PRX Retroline LED-Module HO REGIOLUX SDT 75-22W 11850-3475lm 6500K 120D opaal
30120-SDT-HO,Pragmalux,Pragmalux PRX Retroline LED-Module HO REGIOLUX SDT 75-22W 12000-3520lm 3000K 120D
3030-SDT-HO,Pragmalux,Pragmalux PRX Retroline LED-Module HO REGIOLUX SDT 75-22W 12000-3520lm 3000K 30D
3060-SDT-HO,Pragmalux,Pragmalux PRX Retroline LED-Module HO REGIOLUX SDT 75-22W 12000-3520lm 3000K 60D
3090-SDT-HO,Pragmalux,Pragmalux PRX Retroline LED-Module HO REGIOLUX SDT 75-22W 12000-3520lm 3000K 90D
4030-SDT-HO,Pragmalux,Pragmalux PRX Retroline LED-Module HO REGIOLUX SDT 75-22W 12900-3785lm 4000K 30D
4060-SDT-HO,Pragmalux,Pragmalux PRX Retroline LED-Module HO REGIOLUX SDT 75-22W 12900-3785lm 4000K 60D
4090-SDT-HO,Pragmalux,Pragmalux PRX Retroline LED-Module HO REGIOLUX SDT 75-22W 12900-3785lm 4000K 90D
5030-SDT-HO,Pragmalux,Pragmalux PRX Retroline LED-Module HO REGIOLUX SDT 75-22W 12900-3785lm 5000K 30D
5060-SDT-HO,Pragmalux,Pragmalux PRX Retroline LED-Module HO REGIOLUX SDT 75-22W 12900-3785lm 5000K 60D
5090-SDT-HO,Pragmalux,Pragmalux PRX Retroline LED-Module HO REGIOLUX SDT 75-22W 12900-3785lm 5000K 90D
6530-SDT-HO,Pragmalux,Pragmalux PRX Retroline LED-Module HO REGIOLUX SDT 75-22W 12900-3785lm 6500K 30D
6560-SDT-HO,Pragmalux,Pragmalux PRX Retroline LED-Module HO REGIOLUX SDT 75-22W 12900-3785lm 6500K 60D
6590-SDT-HO,Pragmalux,Pragmalux PRX Retroline LED-Module HO REGIOLUX SDT 75-22W 12900-3785lm 6500K 90D
30120-O-SMT-SPT-HO,Pragmalux,Pragmalux PRX Retroline LED-Module HO REGIOLUX SMT-SPT 75-22W 11400-3345lm 3000K 120D opaal
40120-O-SMT-SPT-HO,Pragmalux,Pragmalux PRX Retroline LED-Module HO REGIOLUX SMT-SPT 75-22W 11850-3475lm 4000K 120D opaal
50120-O-SMT-SPT-HO,Pragmalux,Pragmalux PRX Retroline LED-Module HO REGIOLUX SMT-SPT 75-22W 11850-3475lm 5000K 120D opaal
65120-O-SMT-SPT-HO,Pragmalux,Pragmalux PRX Retroline LED-Module HO REGIOLUX SMT-SPT 75-22W 11850-3475lm 6500K 120D opaal
30120-SMT-SPT-HO,Pragmalux,Pragmalux PRX Retroline LED-Module HO REGIOLUX SMT-SPT 75-22W 12000-3520lm 3000K 120D
3030-SMT-SPT-HO,Pragmalux,Pragmalux PRX Retroline LED-Module HO REGIOLUX SMT-SPT 75-22W 12000-3520lm 3000K 30D
3060-SMT-SPT-HO,Pragmalux,Pragmalux PRX Retroline LED-Module HO REGIOLUX SMT-SPT 75-22W 12000-3520lm 3000K 60D
3090-SMT-SPT-HO,Pragmalux,Pragmalux PRX Retroline LED-Module HO REGIOLUX SMT-SPT 75-22W 12000-3520lm 3000K 90D
40120-SMT-SPT-HO,Pragmalux,Pragmalux PRX Retroline LED-Module HO REGIOLUX SMT-SPT 75-22W 12900-3785lm 4000K 120D
4030-SMT-SPT-HO,Pragmalux,Pragmalux PRX Retroline LED-Module HO REGIOLUX SMT-SPT 75-22W 12900-3785lm 4000K 30D
4060-SMT-SPT-HO,Pragmalux,Pragmalux PRX Retroline LED-Module HO REGIOLUX SMT-SPT 75-22W 12900-3785lm 4000K 60D
4090-SMT-SPT-HO,Pragmalux,Pragmalux PRX Retroline LED-Module HO REGIOLUX SMT-SPT 75-22W 12900-3785lm 4000K 90D
50120-SMT-SPT-HO,Pragmalux,Pragmalux PRX Retroline LED-Module HO REGIOLUX SMT-SPT 75-22W 12900-3785lm 5000K 120D
5030-SMT-SPT-HO,Pragmalux,Pragmalux PRX Retroline LED-Module HO REGIOLUX SMT-SPT 75-22W 12900-3785lm 5000K 30D
5060-SMT-SPT-HO,Pragmalux,Pragmalux PRX Retroline LED-Module HO REGIOLUX SMT-SPT 75-22W 12900-3785lm 5000K 60D
5090-SMT-SPT-HO,Pragmalux,Pragmalux PRX Retroline LED-Module HO REGIOLUX SMT-SPT 75-22W 12900-3785lm 5000K 90D
65120-SMT-SPT-HO,Pragmalux,Pragmalux PRX Retroline LED-Module HO REGIOLUX SMT-SPT 75-22W 12900-3785lm 6500K 120D
6530-SMT-SPT-HO,Pragmalux,Pragmalux PRX Retroline LED-Module HO REGIOLUX SMT-SPT 75-22W 12900-3785lm 6500K 30D
6560-SMT-SPT-HO,Pragmalux,Pragmalux PRX Retroline LED-Module HO REGIOLUX SMT-SPT 75-22W 12900-3785lm 6500K 60D
6590-SMT-SPT-HO,Pragmalux,Pragmalux PRX Retroline LED-Module HO REGIOLUX SMT-SPT 75-22W 12900-3785lm 6500K 90D
30120-O-VLG5-T8-HO,Pragmalux,Pragmalux PRX Retroline LED-module HO RIDI-VLG5-T8 75-22W 11400-3345lm 3000K 120D opaal
30120-O-VLG-T5-HO,Pragmalux,Pragmalux PRX Retroline LED-module HO RIDI-VLG-T5 75-22W 11400-3345lm 3000K 120D opaal
30120-VLG-T5-HO,Pragmalux,Pragmalux PRX Retroline LED-module HO RIDI-VLG-T5 75-22W 12000-3520lm 3000K 120D
3030-VLG-T5-HO,Pragmalux,Pragmalux PRX Retroline LED-module HO RIDI-VLG-T5 75-22W 12000-3520lm 3000K 30D
3060-VLG-T5-HO,Pragmalux,Pragmalux PRX Retroline LED-module HO RIDI-VLG-T5 75-22W 12000-3520lm 3000K 60D
3090-VLG-T5-HO,Pragmalux,Pragmalux PRX Retroline LED-module HO RIDI-VLG-T5 75-22W 12000-3520lm 3000K 90D
40120-VLG-T5-HO,Pragmalux,Pragmalux PRX Retroline LED-module HO RIDI-VLG-T5 75-22W 12900-3785lm 4000K 120D
4030-VLG-T5-HO,Pragmalux,Pragmalux PRX Retroline LED-module HO RIDI-VLG-T5 75-22W 12900-3785lm 4000K 30D
4060-VLG-T5-HO,Pragmalux,Pragmalux PRX Retroline LED-module HO RIDI-VLG-T5 75-22W 12900-3785lm 4000K 60D
4090-VLG-T5-HO,Pragmalux,Pragmalux PRX Retroline LED-module HO RIDI-VLG-T5 75-22W 12900-3785lm 4000K 90D
50120-VLG-T5-HO,Pragmalux,Pragmalux PRX Retroline LED-module HO RIDI-VLG-T5 75-22W 12900-3785lm 5000K 120D
5030-VLG-T5-HO,Pragmalux,Pragmalux PRX Retroline LED-module HO RIDI-VLG-T5 75-22W 12900-3785lm 5000K 30D
5060-VLG-T5-HO,Pragmalux,Pragmalux PRX Retroline LED-module HO RIDI-VLG-T5 75-22W 12900-3785lm 5000K 60D
5090-VLG-T5-HO,Pragmalux,Pragmalux PRX Retroline LED-module HO RIDI-VLG-T5 75-22W 12900-3785lm 5000K 90D
65120-VLG-T5-HO,Pragmalux,Pragmalux PRX Retroline LED-module HO RIDI-VLG-T5 75-22W 12900-3785lm 6500K 120D
6530-VLG-T5-HO,Pragmalux,Pragmalux PRX Retroline LED-module HO RIDI-VLG-T5 75-22W 12900-3785lm 6500K 30D
6560-VLG-T5-HO,Pragmalux,Pragmalux PRX Retroline LED-module HO RIDI-VLG-T5 75-22W 12900-3785lm 6500K 60D
6590-VLG-T5-HO,Pragmalux,Pragmalux PRX Retroline LED-module HO RIDI-VLG-T5 75-22W 12900-3785lm 6500K 90D
30120-O-VLG-T8-HO,Pragmalux,Pragmalux PRX Retroline LED-module HO RIDI-VLG-T8 75-22W 11400-3345lm 3000K 120D opaal
40120-O-VLG-T8-HO,Pragmalux,Pragmalux PRX Retroline LED-module HO RIDI-VLG-T8 75-22W 11850-3475lm 4000K 120D opaal
50120-O-VLG-T8-HO,Pragmalux,Pragmalux PRX Retroline LED-module HO RIDI-VLG-T8 75-22W 11850-3475lm 5000K 120D opaal
65120-O-VLG-T8-HO,Pragmalux,Pragmalux PRX Retroline LED-module HO RIDI-VLG-T8 75-22W 11850-3475lm 6500K 120D opaal
30120-VLG-T8-HO,Pragmalux,Pragmalux PRX Retroline LED-module HO RIDI-VLG-T8 75-22W 12000-3520lm 3000K 120D
3030-VLG-T8-HO,Pragmalux,Pragmalux PRX Retroline LED-module HO RIDI-VLG-T8 75-22W 12000-3520lm 3000K 30D
3060-VLG-T8-HO,Pragmalux,Pragmalux PRX Retroline LED-module HO RIDI-VLG-T8 75-22W 12000-3520lm 3000K 60D
3090-VLG-T8-HO,Pragmalux,Pragmalux PRX Retroline LED-module HO RIDI-VLG-T8 75-22W 12000-3520lm 3000K 90D
40120-VLG-T8-HO,Pragmalux,Pragmalux PRX Retroline LED-module HO RIDI-VLG-T8 75-22W 12900-3785lm 4000K 120D
4030-VLG-T8-HO,Pragmalux,Pragmalux PRX Retroline LED-module HO RIDI-VLG-T8 75-22W 12900-3785lm 4000K 30D
4060-VLG-T8-HO,Pragmalux,Pragmalux PRX Retroline LED-module HO RIDI-VLG-T8 75-22W 12900-3785lm 4000K 60D
50120-VLG-T8-HO,Pragmalux,Pragmalux PRX Retroline LED-module HO RIDI-VLG-T8 75-22W 12900-3785lm 5000K 120D
5030-VLG-T8-HO,Pragmalux,Pragmalux PRX Retroline LED-module HO RIDI-VLG-T8 75-22W 12900-3785lm 5000K 30D
5060-VLG-T8-HO,Pragmalux,Pragmalux PRX Retroline LED-module HO RIDI-VLG-T8 75-22W 12900-3785lm 5000K 60D
5090-VLG-T8-HO,Pragmalux,Pragmalux PRX Retroline LED-module HO RIDI-VLG-T8 75-22W 12900-3785lm 5000K 90D
65120-VLG-T8-HO,Pragmalux,Pragmalux PRX Retroline LED-module HO RIDI-VLG-T8 75-22W 12900-3785lm 6500K 120D
6530-VLG-T8-HO,Pragmalux,Pragmalux PRX Retroline LED-module HO RIDI-VLG-T8 75-22W 12900-3785lm 6500K 30D
6560-VLG-T8-HO,Pragmalux,Pragmalux PRX Retroline LED-module HO RIDI-VLG-T8 75-22W 12900-3785lm 6500K 60D
6590-VLG-T8-HO,Pragmalux,Pragmalux PRX Retroline LED-module HO RIDI-VLG-T8 75-22W 12900-3785lm 6500K 90D
30120-O-T5E-HO,Pragmalux,Pragmalux PRX Retroline LED-module HO TRILUX T5E 75-22W 11400-3345lm 3000K 120D opaal
30120-T5E-HO,Pragmalux,Pragmalux PRX Retroline LED-module HO TRILUX T5E 75-22W 12000-3520lm 3000K 120D
3030-T5E-HO,Pragmalux,Pragmalux PRX Retroline LED-module HO TRILUX T5E 75-22W 12000-3520lm 3000K 30D
3060-T5E-HO,Pragmalux,Pragmalux PRX Retroline LED-module HO TRILUX T5E 75-22W 12000-3520lm 3000K 60D
3090-T5E-HO,Pragmalux,Pragmalux PRX Retroline LED-module HO TRILUX T5E 75-22W 12000-3520lm 3000K 90D
40120-T5E-HO,Pragmalux,Pragmalux PRX Retroline LED-module HO TRILUX T5E 75-22W 12900-3785lm 4000K 120D
4030-T5E-HO,Pragmalux,Pragmalux PRX Retroline LED-module HO TRILUX T5E 75-22W 12900-3785lm 4000K 30D
4060-T5E-HO,Pragmalux,Pragmalux PRX Retroline LED-module HO TRILUX T5E 75-22W 12900-3785lm 4000K 60D
4090-T5E-HO,Pragmalux,Pragmalux PRX Retroline LED-module HO TRILUX T5E 75-22W 12900-3785lm 4000K 90D
50120-T5E-HO,Pragmalux,Pragmalux PRX Retroline LED-module HO TRILUX T5E 75-22W 12900-3785lm 5000K 120D
5030-T5E-HO,Pragmalux,Pragmalux PRX Retroline LED-module HO TRILUX T5E 75-22W 12900-3785lm 5000K 30D
5060-T5E-HO,Pragmalux,Pragmalux PRX Retroline LED-module HO TRILUX T5E 75-22W 12900-3785lm 5000K 60D
5090-T5E-HO,Pragmalux,Pragmalux PRX Retroline LED-module HO TRILUX T5E 75-22W 12900-3785lm 5000K 90D
65120-T5E-HO,Pragmalux,Pragmalux PRX Retroline LED-module HO TRILUX T5E 75-22W 12900-3785lm 6500K 120D
6530-T5E-HO,Pragmalux,Pragmalux PRX Retroline LED-module HO TRILUX T5E 75-22W 12900-3785lm 6500K 30D
6560-T5E-HO,Pragmalux,Pragmalux PRX Retroline LED-module HO TRILUX T5E 75-22W 12900-3785lm 6500K 60D
6590-T5E-HO,Pragmalux,Pragmalux PRX Retroline LED-module HO TRILUX T5E 75-22W 12900-3785lm 6500K 90D
30120-O-T8E-HO,Pragmalux,Pragmalux PRX Retroline LED-module HO TRILUX T8E 75-22W 11400-3345lm 3000K 120D opaal
40120-O-T8E-HO,Pragmalux,Pragmalux PRX Retroline LED-module HO TRILUX T8E 75-22W 11850-3475lm 4000K 120D opaal
50120-O-T8E-HO,Pragmalux,Pragmalux PRX Retroline LED-module HO TRILUX T8E 75-22W 11850-3475lm 5000K 120D opaal
65120-O-T8E-HO,Pragmalux,Pragmalux PRX Retroline LED-module HO TRILUX T8E 75-22W 11850-3475lm 6500K 120D opaal
30120-T8E-HO,Pragmalux,Pragmalux PRX Retroline LED-module HO TRILUX T8E 75-22W 12000-3520lm 3000K 120D
3030-T8E-HO,Pragmalux,Pragmalux PRX Retroline LED-module HO TRILUX T8E 75-22W 12000-3520lm 3000K 30D
3060-T8E-HO,Pragmalux,Pragmalux PRX Retroline LED-module HO TRILUX T8E 75-22W 12000-3520lm 3000K 60D
3090-T8E-HO,Pragmalux,Pragmalux PRX Retroline LED-module HO TRILUX T8E 75-22W 12000-3520lm 3000K 90D
40120-T8E-HO,Pragmalux,Pragmalux PRX Retroline LED-module HO TRILUX T8E 75-22W 12900-3785lm 4000K 120D
4030-T8E-HO,Pragmalux,Pragmalux PRX Retroline LED-module HO TRILUX T8E 75-22W 12900-3785lm 4000K 30D
4060-T8E-HO,Pragmalux,Pragmalux PRX Retroline LED-module HO TRILUX T8E 75-22W 12900-3785lm 4000K 60D
4090-T8E-HO,Pragmalux,Pragmalux PRX Retroline LED-module HO TRILUX T8E 75-22W 12900-3785lm 4000K 90D
50120-T8E-HO,Pragmalux,Pragmalux PRX Retroline LED-module HO TRILUX T8E 75-22W 12900-3785lm 5000K 120D
5030-T8E-HO,Pragmalux,Pragmalux PRX Retroline LED-module HO TRILUX T8E 75-22W 12900-3785lm 5000K 30D
5060-T8E-HO,Pragmalux,Pragmalux PRX Retroline LED-module HO TRILUX T8E 75-22W 12900-3785lm 5000K 60D
5090-T8E-HO,Pragmalux,Pragmalux PRX Retroline LED-module HO TRILUX T8E 75-22W 12900-3785lm 5000K 90D
65120-T8E-HO,Pragmalux,Pragmalux PRX Retroline LED-module HO TRILUX T8E 75-22W 12900-3785lm 6500K 120D
6530-T8E-HO,Pragmalux,Pragmalux PRX Retroline LED-module HO TRILUX T8E 75-22W 12900-3785lm 6500K 30D
6560-T8E-HO,Pragmalux,Pragmalux PRX Retroline LED-module HO TRILUX T8E 75-22W 12900-3785lm 6500K 60D
6590-T8E-HO,Pragmalux,Pragmalux PRX Retroline LED-module HO TRILUX T8E 75-22W 12900-3785lm 6500K 90D
30120-O-P-HO,Pragmalux,Pragmalux PRX Retroline LED-module HO VEKO P 75-22W 11400-3345lm 3000K 120D opaal
40120-O-P-HO,Pragmalux,Pragmalux PRX Retroline LED-module HO VEKO P 75-22W 11850-3475lm 4000K 120D opaal
50120-O-P-HO,Pragmalux,Pragmalux PRX Retroline LED-module HO VEKO P 75-22W 11850-3475lm 5000K 120D opaal
65120-O-P-HO,Pragmalux,Pragmalux PRX Retroline LED-module HO VEKO P 75-22W 11850-3475lm 6500K 120D opaal
30120-P-HO,Pragmalux,Pragmalux PRX Retroline LED-module HO VEKO P 75-22W 12000-3520lm 3000K 120D
3030-P-HO,Pragmalux,Pragmalux PRX Retroline LED-module HO VEKO P 75-22W 12000-3520lm 3000K 30D
3060-P-HO,Pragmalux,Pragmalux PRX Retroline LED-module HO VEKO P 75-22W 12000-3520lm 3000K 60D
3090-P-HO,Pragmalux,Pragmalux PRX Retroline LED-module HO VEKO P 75-22W 12000-3520lm 3000K 90D
40120-P-HO,Pragmalux,Pragmalux PRX Retroline LED-module HO VEKO P 75-22W 12900-3785lm 4000K 120D
4030-P-HO,Pragmalux,Pragmalux PRX Retroline LED-module HO VEKO P 75-22W 12900-3785lm 4000K 30D
4060-P-HO,Pragmalux,Pragmalux PRX Retroline LED-module HO VEKO P 75-22W 12900-3785lm 4000K 60D
50120-P-HO,Pragmalux,Pragmalux PRX Retroline LED-module HO VEKO P 75-22W 12900-3785lm 5000K 120D
5030-P-HO,Pragmalux,Pragmalux PRX Retroline LED-module HO VEKO P 75-22W 12900-3785lm 5000K 30D
5060-P-HO,Pragmalux,Pragmalux PRX Retroline LED-module HO VEKO P 75-22W 12900-3785lm 5000K 60D
5090-P-HO,Pragmalux,Pragmalux PRX Retroline LED-module HO VEKO P 75-22W 12900-3785lm 5000K 90D
65120-P-HO,Pragmalux,Pragmalux PRX Retroline LED-module HO VEKO P 75-22W 12900-3785lm 6500K 120D
6530-P-HO,Pragmalux,Pragmalux PRX Retroline LED-module HO VEKO P 75-22W 12900-3785lm 6500K 30D
6560-P-HO,Pragmalux,Pragmalux PRX Retroline LED-module HO VEKO P 75-22W 12900-3785lm 6500K 60D
6590-P-HO,Pragmalux,Pragmalux PRX Retroline LED-module HO VEKO P 75-22W 12900-3785lm 6500K 90D
30120-O-PNR-HO,Pragmalux,Pragmalux PRX Retroline LED-module HO VEKO PNR 75-22W 11400-3345lm 3000K 120D opaal
40120-O-PNR-HO,Pragmalux,Pragmalux PRX Retroline LED-module HO VEKO PNR 75-22W 11850-3475lm 4000K 120D opaal
50120-O-PNR-HO,Pragmalux,Pragmalux PRX Retroline LED-module HO VEKO PNR 75-22W 11850-3475lm 5000K 120D opaal
65120-O-PNR-HO,Pragmalux,Pragmalux PRX Retroline LED-module HO VEKO PNR 75-22W 11850-3475lm 6500K 120D opaal
30120-PNR-HO,Pragmalux,Pragmalux PRX Retroline LED-module HO VEKO PNR 75-22W 12000-3520lm 3000K 120D
3030-PNR-HO,Pragmalux,Pragmalux PRX Retroline LED-module HO VEKO PNR 75-22W 12000-3520lm 3000K 30D
3060-PNR-HO,Pragmalux,Pragmalux PRX Retroline LED-module HO VEKO PNR 75-22W 12000-3520lm 3000K 60D
3090-PNR-HO,Pragmalux,Pragmalux PRX Retroline LED-module HO VEKO PNR 75-22W 12000-3520lm 3000K 90D
40120-PNR-HO,Pragmalux,Pragmalux PRX Retroline LED-module HO VEKO PNR 75-22W 12900-3785lm 4000K 120D
4030-PNR-HO,Pragmalux,Pragmalux PRX Retroline LED-module HO VEKO PNR 75-22W 12900-3785lm 4000K 30D
4060-PNR-HO,Pragmalux,Pragmalux PRX Retroline LED-module HO VEKO PNR 75-22W 12900-3785lm 4000K 60D
4090-PNR-HO-TN,Pragmalux,Pragmalux PRX Retroline LED-module HO VEKO PNR 75-22W 12900-3785lm 4000K 90D Tridonic noodverlichting 1h 600lm
50120-PNR-HO,Pragmalux,Pragmalux PRX Retroline LED-module HO VEKO PNR 75-22W 12900-3785lm 5000K 120D
5030-PNR-HO,Pragmalux,Pragmalux PRX Retroline LED-module HO VEKO PNR 75-22W 12900-3785lm 5000K 30D
5060-PNR-HO,Pragmalux,Pragmalux PRX Retroline LED-module HO VEKO PNR 75-22W 12900-3785lm 5000K 60D
5090-PNR-HO,Pragmalux,Pragmalux PRX Retroline LED-module HO VEKO PNR 75-22W 12900-3785lm 5000K 90D
65120-PNR-HO,Pragmalux,Pragmalux PRX Retroline LED-module HO VEKO PNR 75-22W 12900-3785lm 6500K 120D
6530-PNR-HO,Pragmalux,Pragmalux PRX Retroline LED-module HO VEKO PNR 75-22W 12900-3785lm 6500K 30D
6560-PNR-HO,Pragmalux,Pragmalux PRX Retroline LED-module HO VEKO PNR 75-22W 12900-3785lm 6500K 60D
6590-PNR-HO,Pragmalux,Pragmalux PRX Retroline LED-module HO VEKO PNR 75-22W 12900-3785lm 6500K 90D
30120-O-ZX1-HO,Pragmalux,Pragmalux PRX Retroline LED-module HO ZUMTOBEL ZX1 75-22W 11400-3345lm 3000K 120D opaal
30120-ZX1-HO,Pragmalux,Pragmalux PRX Retroline LED-module HO ZUMTOBEL ZX1 75-22W 12000-3520lm 3000K 120D
3030-ZX1-HO,Pragmalux,Pragmalux PRX Retroline LED-module HO ZUMTOBEL ZX1 75-22W 12000-3520lm 3000K 30D
3060-ZX1-HO,Pragmalux,Pragmalux PRX Retroline LED-module HO ZUMTOBEL ZX1 75-22W 12000-3520lm 3000K 60D
3090-ZX1-HO,Pragmalux,Pragmalux PRX Retroline LED-module HO ZUMTOBEL ZX1 75-22W 12000-3520lm 3000K 90D
30120-ZX2-T5-HO,Pragmalux,Pragmalux PRX Retroline LED-module HO ZUMTOBEL ZX2-T5 75-22W 12000-3520lm 3000K 120D
30120-O-ZX2-T8-HO,Pragmalux,Pragmalux PRX Retroline LED-module HO ZUMTOBEL ZX2-T8 75-22W 11400-3345lm 3000K 120D opaal
40120-O-ZX2-T8-HO,Pragmalux,Pragmalux PRX Retroline LED-module HO ZUMTOBEL ZX2-T8 75-22W 11850-3475lm 4000K 120D opaal
50120-O-ZX2-T8-HO,Pragmalux,Pragmalux PRX Retroline LED-module HO ZUMTOBEL ZX2-T8 75-22W 11850-3475lm 5000K 120D opaal
65120-O-ZX2-T8-HO,Pragmalux,Pragmalux PRX Retroline LED-module HO ZUMTOBEL ZX2-T8 75-22W 11850-3475lm 6500K 120D opaal
30120-ZX2-T8-HO,Pragmalux,Pragmalux PRX Retroline LED-module HO ZUMTOBEL ZX2-T8 75-22W 12000-3520lm 3000K 120D
3030-ZX2-T8-HO,Pragmalux,Pragmalux PRX Retroline LED-module HO ZUMTOBEL ZX2-T8 75-22W 12000-3520lm 3000K 30D
3060-ZX2-T8-HO,Pragmalux,Pragmalux PRX Retroline LED-module HO ZUMTOBEL ZX2-T8 75-22W 12000-3520lm 3000K 60D
3090-ZX2-T8-HO,Pragmalux,Pragmalux PRX Retroline LED-module HO ZUMTOBEL ZX2-T8 75-22W 12000-3520lm 3000K 90D
4090-TX4-T5HO,Pragmalux,Pragmalux PRX Retroline LED-module Philips TTX400-T5 75-22W 12750-3740lm 4000K 90D HO
2029545,Pragmalux,Pragmalux PRX Retroline LED-module RIDI-VLSG-T8 32-60W 4000K 120gr Opaal Altes stecker 5-polig
2011304,Pragmalux,Pragmalux PRX Retroline LED-module RIDI-VLSG-T8 HO 75-22W 4000K 120D Opaal Altes stecker 5-polig
4030-PHO,Pragmalux,Pragmalux PRX Retroline LED-module VEKO P 75-22W 12750-3740lm 4000K 30D
4030-PHO-NA,Pragmalux,Pragmalux PRX Retroline LED-module VEKO P 75-22W 12750-3740lm 4000K 30D + noodmodule 1uur zelftest
4060-PHO,Pragmalux,Pragmalux PRX Retroline LED-module VEKO P 75-22W 12750-3740lm 4000K 60D
4060-PHO-NA,Pragmalux,Pragmalux PRX Retroline LED-module VEKO P 75-22W 12750-3740lm 4000K 60D + noodmodule 1uur zelftest
1060-L-CCT,Pragmalux,Pragmalux PRX-Line G2 1BU LED module IP54 Lens 1000mm 36-63W 9400-12500lm 3-CCT 3000-4000-5000K 60°
1060-L-CCT-NA,Pragmalux,Pragmalux PRX-Line G2 1BU LED module IP54 Lens 1000mm 36-63W 9400-12500lm 3-CCT 3000-4000-5000K 60° + noodmodule 1uur zelftest
1060-L-CCT-DA,Pragmalux,Pragmalux PRX-Line G2 1BU LED module IP54 Lens 1000mm 36-63W 9400-12500lm 3-CCT 3000-4000-5000K 60° DALI2
1060-L-CCT-DA-NA,Pragmalux,Pragmalux PRX-Line G2 1BU LED module IP54 Lens 1000mm 36-63W 9400-12500lm 3-CCT 3000-4000-5000K 60° DALI2 + noodmodule 1uur zelftest
1030-L-CCT,Pragmalux,Pragmalux PRX-Line G2 1BU LED module IP54 Lens 1000mm 36-63W 9500-12700lm 3-CCT 3000-4000-5000K 30°
1030-L-CCT-NA,Pragmalux,Pragmalux PRX-Line G2 1BU LED module IP54 Lens 1000mm 36-63W 9500-12700lm 3-CCT 3000-4000-5000K 30° + noodmodule 1uur zelftest
1030-L-CCT-DA,Pragmalux,Pragmalux PRX-Line G2 1BU LED module IP54 Lens 1000mm 36-63W 9500-12700lm 3-CCT 3000-4000-5000K 30° DALI2
1030-L-CCT-DA-NA,Pragmalux,Pragmalux PRX-Line G2 1BU LED module IP54 Lens 1000mm 36-63W 9500-12700lm 3-CCT 3000-4000-5000K 30° DALI2 + noodmodule 1uur zelftest
10120-L-CCT,Pragmalux,Pragmalux PRX-Line G2 1BU LED module IP54 Lens 1000mm 36-63W 9550-12775lm 3-CCT 3000-4000-5000K 120°
10120-L-CCT-NA,Pragmalux,Pragmalux PRX-Line G2 1BU LED module IP54 Lens 1000mm 36-63W 9550-12775lm 3-CCT 3000-4000-5000K 120° + noodmodule 1uur zelftest
10120-L-CCT-DA,Pragmalux,Pragmalux PRX-Line G2 1BU LED module IP54 Lens 1000mm 36-63W 9550-12775lm 3-CCT 3000-4000-5000K 120° DALI2
10120-L-CCT-DA-NA,Pragmalux,Pragmalux PRX-Line G2 1BU LED module IP54 Lens 1000mm 36-63W 9550-12775lm 3-CCT 3000-4000-5000K 120° DALI2 + noodmodule 1uur zelftest
1090-L-CCT,Pragmalux,Pragmalux PRX-Line G2 1BU LED module IP54 Lens 1000mm 36-63W 9550-12775lm 3-CCT 3000-4000-5000K 90°
1090-L-CCT-NA,Pragmalux,Pragmalux PRX-Line G2 1BU LED module IP54 Lens 1000mm 36-63W 9550-12775lm 3-CCT 3000-4000-5000K 90° + noodmodule 1uur zelftest
1090-L-CCT-DA,Pragmalux,Pragmalux PRX-Line G2 1BU LED module IP54 Lens 1000mm 36-63W 9550-12775lm 3-CCT 3000-4000-5000K 90° DALI2
1090-L-CCT-DA-NA,Pragmalux,Pragmalux PRX-Line G2 1BU LED module IP54 Lens 1000mm 36-63W 9550-12775lm 3-CCT 3000-4000-5000K 90° DALI2 + noodmodule 1uur zelftest
105030-L,Pragmalux,Pragmalux PRX-Line G2 1BU LED module IP54 Lens 1000mm 53-73W 10050-13575lm 5000K 30°
105030-L-NA,Pragmalux,Pragmalux PRX-Line G2 1BU LED module IP54 Lens 1000mm 53-73W 10050-13575lm 5000K 30° + noodmodule 1uur zelftest
1065120-L,Pragmalux,Pragmalux PRX-Line G2 1BU LED module IP54 Lens 1000mm 53-73W 10075-13600lm 6500K 120°
1065120-L-NA,Pragmalux,Pragmalux PRX-Line G2 1BU LED module IP54 Lens 1000mm 53-73W 10075-13600lm 6500K 120° + noodmodule 1uur zelftest
106590-L,Pragmalux,Pragmalux PRX-Line G2 1BU LED module IP54 Lens 1000mm 53-73W 10075-13600lm 6500K 90°
106590-L-NA,Pragmalux,Pragmalux PRX-Line G2 1BU LED module IP54 Lens 1000mm 53-73W 10075-13600lm 6500K 90° + noodmodule 1uur zelftest
104030-L,Pragmalux,Pragmalux PRX-Line G2 1BU LED module IP54 Lens 1000mm 53-73W 10100-13575lm 4000K 30°
104030-L-NA,Pragmalux,Pragmalux PRX-Line G2 1BU LED module IP54 Lens 1000mm 53-73W 10100-13575lm 4000K 30° + noodmodule 1uur zelftest
104090-L,Pragmalux,Pragmalux PRX-Line G2 1BU LED module IP54 Lens 1000mm 53-73W 10125-13650lm 4000K 90°
104090-L-NA,Pragmalux,Pragmalux PRX-Line G2 1BU LED module IP54 Lens 1000mm 53-73W 10125-13650lm 4000K 90° + noodmodule 1uur zelftest
1050120-L,Pragmalux,Pragmalux PRX-Line G2 1BU LED module IP54 Lens 1000mm 53-73W 10125-13650lm 5000K 120°
1050120-L-NA,Pragmalux,Pragmalux PRX-Line G2 1BU LED module IP54 Lens 1000mm 53-73W 10125-13650lm 5000K 120° + noodmodule 1uur zelftest
105090-L,Pragmalux,Pragmalux PRX-Line G2 1BU LED module IP54 Lens 1000mm 53-73W 10125-13650lm 5000K 90°
105090-L-NA,Pragmalux,Pragmalux PRX-Line G2 1BU LED module IP54 Lens 1000mm 53-73W 10125-13650lm 5000K 90° + noodmodule 1uur zelftest
1040120-L,Pragmalux,Pragmalux PRX-Line G2 1BU LED module IP54 Lens 1000mm 53-73W 10175-13650lm 4000K 120°
1040120-L-NA,Pragmalux,Pragmalux PRX-Line G2 1BU LED module IP54 Lens 1000mm 53-73W 10175-13650lm 4000K 120° + noodmodule 1uur zelftest
106530-L,Pragmalux,Pragmalux PRX-Line G2 1BU LED module IP54 Lens 1000mm 53-73W 10500-13500lm 6500K 30°
106530-L-NA,Pragmalux,Pragmalux PRX-Line G2 1BU LED module IP54 Lens 1000mm 53-73W 10500-13500lm 6500K 30° + noodmodule 1uur zelftest
103060-L,Pragmalux,Pragmalux PRX-Line G2 1BU LED module IP54 Lens 1000mm 53-73W 9400-12500lm 3000K 60°
103060-L-NA,Pragmalux,Pragmalux PRX-Line G2 1BU LED module IP54 Lens 1000mm 53-73W 9400-12500lm 3000K 60° + noodmodule 1uur zelftest
103030-L,Pragmalux,Pragmalux PRX-Line G2 1BU LED module IP54 Lens 1000mm 53-73W 9500-12700lm 3000K 30°
103030-L-NA,Pragmalux,Pragmalux PRX-Line G2 1BU LED module IP54 Lens 1000mm 53-73W 9500-12700lm 3000K 30° + noodmodule 1uur zelftest
1030120-L,Pragmalux,Pragmalux PRX-Line G2 1BU LED module IP54 Lens 1000mm 53-73W 9550-12775lm 3000K 120°
1030120-L-NA,Pragmalux,Pragmalux PRX-Line G2 1BU LED module IP54 Lens 1000mm 53-73W 9550-12775lm 3000K 120° + noodmodule 1uur zelftest
103090-L,Pragmalux,Pragmalux PRX-Line G2 1BU LED module IP54 Lens 1000mm 53-73W 9550-12775lm 3000K 90°
103090-L-NA,Pragmalux,Pragmalux PRX-Line G2 1BU LED module IP54 Lens 1000mm 53-73W 9550-12775lm 3000K 90° + noodmodule 1uur zelftest
106560-L,Pragmalux,Pragmalux PRX-Line G2 1BU LED module IP54 Lens 1000mm 53-73W 9850-13050lm 6500K 60°
106560-L-NA,Pragmalux,Pragmalux PRX-Line G2 1BU LED module IP54 Lens 1000mm 53-73W 9850-13050lm 6500K 60° + noodmodule 1uur zelftest
105060-L,Pragmalux,Pragmalux PRX-Line G2 1BU LED module IP54 Lens 1000mm 53-73W 9850-13150lm 5000K 60°
105060-L-NA,Pragmalux,Pragmalux PRX-Line G2 1BU LED module IP54 Lens 1000mm 53-73W 9850-13150lm 5000K 60° + noodmodule 1uur zelftest
104060-L,Pragmalux,Pragmalux PRX-Line G2 1BU LED module IP54 Lens 1000mm 53-73W 9900-13150lm 4000K 60°
104060-L-NA,Pragmalux,Pragmalux PRX-Line G2 1BU LED module IP54 Lens 1000mm 53-73W 9900-13150lm 4000K 60° + noodmodule 1uur zelftest
103060-L-DA,Pragmalux,Pragmalux PRX-Line G2 1BU LED module IP54 Lens 1000mm max.73W 12500lm 3000K 60° DALI2
103060-L-DA-NA,Pragmalux,Pragmalux PRX-Line G2 1BU LED module IP54 Lens 1000mm max.73W 12500lm 3000K 60° DALI2 + noodmodule 1uur zelftest
103030-L-DA,Pragmalux,Pragmalux PRX-Line G2 1BU LED module IP54 Lens 1000mm max.73W 12700lm 3000K 30° DALI2
103030-L-DA-NA,Pragmalux,Pragmalux PRX-Line G2 1BU LED module IP54 Lens 1000mm max.73W 12700lm 3000K 30° DALI2 + noodmodule 1uur zelftest
1030120-L-DA,Pragmalux,Pragmalux PRX-Line G2 1BU LED module IP54 Lens 1000mm max.73W 12775lm 3000K 120° DALI2
1030120-L-DA-NA,Pragmalux,Pragmalux PRX-Line G2 1BU LED module IP54 Lens 1000mm max.73W 12775lm 3000K 120° DALI2 + noodmodule 1uur zelftest
103090-L-DA,Pragmalux,Pragmalux PRX-Line G2 1BU LED module IP54 Lens 1000mm max.73W 12775lm 3000K 90° DALI2
103090-L-DA-NA,Pragmalux,Pragmalux PRX-Line G2 1BU LED module IP54 Lens 1000mm max.73W 12775lm 3000K 90° DALI2 + noodmodule 1uur zelftest
106560-L-DA,Pragmalux,Pragmalux PRX-Line G2 1BU LED module IP54 Lens 1000mm max.73W 13050lm 6500K 60° DALI2
106560-L-DA-NA,Pragmalux,Pragmalux PRX-Line G2 1BU LED module IP54 Lens 1000mm max.73W 13050lm 6500K 60° DALI2 + noodmodule 1uur zelftest
104060-L-DA,Pragmalux,Pragmalux PRX-Line G2 1BU LED module IP54 Lens 1000mm max.73W 13150lm 4000K 60° DALI2
104060-L-DA-NA,Pragmalux,Pragmalux PRX-Line G2 1BU LED module IP54 Lens 1000mm max.73W 13150lm 4000K 60° DALI2 + noodmodule 1uur zelftest
105060-L-DA,Pragmalux,Pragmalux PRX-Line G2 1BU LED module IP54 Lens 1000mm max.73W 13150lm 5000K 60° DALI2
105060-L-DA-NA,Pragmalux,Pragmalux PRX-Line G2 1BU LED module IP54 Lens 1000mm max.73W 13150lm 5000K 60° DALI2 + noodmodule 1uur zelftest
106530-L-DA,Pragmalux,Pragmalux PRX-Line G2 1BU LED module IP54 Lens 1000mm max.73W 13500lm 6500K 30° DALI2
106530-L-DA-NA,Pragmalux,Pragmalux PRX-Line G2 1BU LED module IP54 Lens 1000mm max.73W 13500lm 6500K 30° DALI2 + noodmodule 1uur zelftest
104030-L-DA,Pragmalux,Pragmalux PRX-Line G2 1BU LED module IP54 Lens 1000mm max.73W 13575lm 4000K 30° DALI2
104030-L-DA-NA,Pragmalux,Pragmalux PRX-Line G2 1BU LED module IP54 Lens 1000mm max.73W 13575lm 4000K 30° DALI2 + noodmodule 1uur zelftest
105030-L-DA,Pragmalux,Pragmalux PRX-Line G2 1BU LED module IP54 Lens 1000mm max.73W 13575lm 5000K 30° DALI2
105030-L-DA-NA,Pragmalux,Pragmalux PRX-Line G2 1BU LED module IP54 Lens 1000mm max.73W 13575lm 5000K 30° DALI2 + noodmodule 1uur zelftest
106590-L-DA,Pragmalux,Pragmalux PRX-Line G2 1BU LED module IP54 Lens 1000mm max.73W 13600lm 6500K 90° DALI2
106590-L-DA-NA,Pragmalux,Pragmalux PRX-Line G2 1BU LED module IP54 Lens 1000mm max.73W 13600lm 6500K 90° DALI2 + noodmodule 1uur zelftest
1040120-L-DA,Pragmalux,Pragmalux PRX-Line G2 1BU LED module IP54 Lens 1000mm max.73W 13650lm 4000K 120° DALI2
1040120-L-DA-NA,Pragmalux,Pragmalux PRX-Line G2 1BU LED module IP54 Lens 1000mm max.73W 13650lm 4000K 120° DALI2 + noodmodule 1uur zelftest
104090-L-DA,Pragmalux,Pragmalux PRX-Line G2 1BU LED module IP54 Lens 1000mm max.73W 13650lm 4000K 90° DALI2
104090-L-DA-NA,Pragmalux,Pragmalux PRX-Line G2 1BU LED module IP54 Lens 1000mm max.73W 13650lm 4000K 90° DALI2 + noodmodule 1uur zelftest
1050120-L-DA,Pragmalux,Pragmalux PRX-Line G2 1BU LED module IP54 Lens 1000mm max.73W 13650lm 5000K 120° DALI2
1050120-L-DA-NA,Pragmalux,Pragmalux PRX-Line G2 1BU LED module IP54 Lens 1000mm max.73W 13650lm 5000K 120° DALI2 + noodmodule 1uur zelftest
105090-L-DA,Pragmalux,Pragmalux PRX-Line G2 1BU LED module IP54 Lens 1000mm max.73W 13650lm 5000K 90° DALI2
105090-L-DA-NA,Pragmalux,Pragmalux PRX-Line G2 1BU LED module IP54 Lens 1000mm max.73W 13650lm 5000K 90° DALI2 + noodmodule 1uur zelftest
1065120-L-DA,Pragmalux,Pragmalux PRX-Line G2 1BU LED module IP54 Lens 1000mmmax.73W 13600lm 6500K 120° DALI2
1065120-L-DA-NA,Pragmalux,Pragmalux PRX-Line G2 1BU LED module IP54 Lens 1000mmmax.73W 13600lm 6500K 120° DALI2 + noodmodule 1uur zelftest
10120-O-L-CCT,Pragmalux,Pragmalux PRX-Line G2 1BU LED module IP54 opaal 1000mm 36-63W 9550-12775lm 3-CCT 3000-4000-5000K 120°
10120-O-L-CCT-NA,Pragmalux,Pragmalux PRX-Line G2 1BU LED module IP54 opaal 1000mm 36-63W 9550-12775lm 3-CCT 3000-4000-5000K 120° + noodmodule 1uur zelftest
10120-O-L-CCT-DA,Pragmalux,Pragmalux PRX-Line G2 1BU LED module IP54 opaal 1000mm 36-63W 9550-12775lm 3-CCT 3000-4000-5000K 120° DALI2
10120-O-L-CCT-DA-NA,Pragmalux,Pragmalux PRX-Line G2 1BU LED module IP54 opaal 1000mm 36-63W 9550-12775lm 3-CCT 3000-4000-5000K 120° DALI2 + noodmodule 1uur zelftest
1030120-O-L,Pragmalux,Pragmalux PRX-Line G2 1BU LED module IP54 opaal 1000mm 53-73W 8750-11750lm 3000K 120°
1030120-O-L-NA,Pragmalux,Pragmalux PRX-Line G2 1BU LED module IP54 opaal 1000mm 53-73W 8750-11750lm 3000K 120° + noodmodule 1uur zelftest
1040120-O-L,Pragmalux,Pragmalux PRX-Line G2 1BU LED module IP54 opaal 1000mm 53-73W 9475-12500lm 4000K 120°
1040120-O-L-NA,Pragmalux,Pragmalux PRX-Line G2 1BU LED module IP54 opaal 1000mm 53-73W 9475-12500lm 4000K 120° + noodmodule 1uur zelftest
1050120-O-L,Pragmalux,Pragmalux PRX-Line G2 1BU LED module IP54 opaal 1000mm 53-73W 9475-12500lm 5000K 120°
1050120-O-L-NA,Pragmalux,Pragmalux PRX-Line G2 1BU LED module IP54 opaal 1000mm 53-73W 9475-12500lm 5000K 120° + noodmodule 1uur zelftest
1065120-O-L,Pragmalux,Pragmalux PRX-Line G2 1BU LED module IP54 opaal 1000mm 53-73W 9475-12500lm 6500K 120°
1065120-O-L-NA,Pragmalux,Pragmalux PRX-Line G2 1BU LED module IP54 opaal 1000mm 53-73W 9475-12500lm 6500K 120° + noodmodule 1uur zelftest
1030120-O-L-DA,Pragmalux,Pragmalux PRX-Line G2 1BU LED module IP54 opaal 1000mm max.73W 11750lm 3000K 120° DALI2
1040120-O-L-DA,Pragmalux,Pragmalux PRX-Line G2 1BU LED module IP54 opaal 1000mm max.73W 12500lm 4000K 120° DALI2
1050120-O-L-DA,Pragmalux,Pragmalux PRX-Line G2 1BU LED module IP54 opaal 1000mm max.73W 12500lm 5000K 120° DALI2
1050120-O-L-DA-NA,Pragmalux,Pragmalux PRX-Line G2 1BU LED module IP54 opaal 1000mm max.73W 12500lm 5000K 120° DALI2 + noodmodule 1uur zelftest
1065120-O-L-DA,Pragmalux,Pragmalux PRX-Line G2 1BU LED module IP54 opaal 1000mm max.73W 12500lm 6500K 120° DALI2
1030120-O-L-DA-NA,Pragmalux,Pragmalux PRX-Line G2 1BU LED module IP54 opaal 1000mm max.73W 12950lm 3000K 120° DALI2 + noodmodule 1uur zelftest
1040120-O-L-DA-NA,Pragmalux,Pragmalux PRX-Line G2 1BU LED module IP54 opaal 1000mm max.73W 13680lm 4000K 120° DALI2 + noodmodule 1uur zelftest
1065120-O-L-DA-NA,Pragmalux,Pragmalux PRX-Line G2 1BU LED module IP54 opaal 1000mm max.73W 13680lm 6500K 120° DALI2 + noodmodule 1uur zelftest
2060-L-CCT,Pragmalux,Pragmalux PRX-Line G2 2BU LED module IP54 Lens 2000mm 69-120W 14725-24925lm 3-CCT 3000-4000-5000K 60°
2060-L-CCT-NA,Pragmalux,Pragmalux PRX-Line G2 2BU LED module IP54 Lens 2000mm 69-120W 14725-24925lm 3-CCT 3000-4000-5000K 60° + noodmodule 1uur zelftest
2060-L-CCT-DA,Pragmalux,Pragmalux PRX-Line G2 2BU LED module IP54 Lens 2000mm 69-120W 14725-24925lm 3-CCT 3000-4000-5000K 60° DALI2
2060-L-CCT-DA-NA,Pragmalux,Pragmalux PRX-Line G2 2BU LED module IP54 Lens 2000mm 69-120W 14725-24925lm 3-CCT 3000-4000-5000K 60° DALI2 + noodmodule 1uur zelftest
2030-L-CCT,Pragmalux,Pragmalux PRX-Line G2 2BU LED module IP54 Lens 2000mm 69-120W 14725-25050lm 3-CCT 3000-4000-5000K 30°
2030-L-CCT-NA,Pragmalux,Pragmalux PRX-Line G2 2BU LED module IP54 Lens 2000mm 69-120W 14725-25050lm 3-CCT 3000-4000-5000K 30° + noodmodule 1uur zelftest
2030-L-CCT-DA,Pragmalux,Pragmalux PRX-Line G2 2BU LED module IP54 Lens 2000mm 69-120W 14725-25050lm 3-CCT 3000-4000-5000K 30° DALI2
2030-L-CCT-DA-NA,Pragmalux,Pragmalux PRX-Line G2 2BU LED module IP54 Lens 2000mm 69-120W 14725-25050lm 3-CCT 3000-4000-5000K 30° DALI2 + noodmodule 1uur zelftest
2090-L-CCT,Pragmalux,Pragmalux PRX-Line G2 2BU LED module IP54 Lens 2000mm 69-120W 14875-24925lm 3-CCT 3000-4000-5000K 90°
2090-L-CCT-NA,Pragmalux,Pragmalux PRX-Line G2 2BU LED module IP54 Lens 2000mm 69-120W 14875-24925lm 3-CCT 3000-4000-5000K 90° + noodmodule 1uur zelftest
2090-L-CCT-DA,Pragmalux,Pragmalux PRX-Line G2 2BU LED module IP54 Lens 2000mm 69-120W 14875-24925lm 3-CCT 3000-4000-5000K 90° DALI2
2090-L-CCT-DA-NA,Pragmalux,Pragmalux PRX-Line G2 2BU LED module IP54 Lens 2000mm 69-120W 14875-24925lm 3-CCT 3000-4000-5000K 90° DALI2 + noodmodule 1uur zelftest
20120-L-CCT,Pragmalux,Pragmalux PRX-Line G2 2BU LED module IP54 Lens 2000mm 69-120W 14875-25200lm 3-CCT 3000-4000-5000K 120°
20120-L-CCT-NA,Pragmalux,Pragmalux PRX-Line G2 2BU LED module IP54 Lens 2000mm 69-120W 14875-25200lm 3-CCT 3000-4000-5000K 120° + noodmodule 1uur zelftest
20120-L-CCT-DA,Pragmalux,Pragmalux PRX-Line G2 2BU LED module IP54 Lens 2000mm 69-120W 14875-25200lm 3-CCT 3000-4000-5000K 120° DALI2
20120-L-CCT-DA-NA,Pragmalux,Pragmalux PRX-Line G2 2BU LED module IP54 Lens 2000mm 69-120W 14875-25200lm 3-CCT 3000-4000-5000K 120° DALI2 + noodmodule 1uur zelftest
203060-L,Pragmalux,Pragmalux PRX-Line G2 2BU LED module IP54 Lens 2000mm 80-140W 14725-24925lm 3000K 60°
203060-L-NA,Pragmalux,Pragmalux PRX-Line G2 2BU LED module IP54 Lens 2000mm 80-140W 14725-24925lm 3000K 60° + noodmodule 1uur zelftest
203030-L,Pragmalux,Pragmalux PRX-Line G2 2BU LED module IP54 Lens 2000mm 80-140W 14725-25050lm 3000K 30°
203030-L-NA,Pragmalux,Pragmalux PRX-Line G2 2BU LED module IP54 Lens 2000mm 80-140W 14725-25050lm 3000K 30° + noodmodule 1uur zelftest
203090-L,Pragmalux,Pragmalux PRX-Line G2 2BU LED module IP54 Lens 2000mm 80-140W 14875-24925lm 3000K 90°
203090-L-NA,Pragmalux,Pragmalux PRX-Line G2 2BU LED module IP54 Lens 2000mm 80-140W 14875-24925lm 3000K 90° + noodmodule 1uur zelftest
2030120-L,Pragmalux,Pragmalux PRX-Line G2 2BU LED module IP54 Lens 2000mm 80-140W 14875-25200lm 3000K 120°
2030120-L-NA,Pragmalux,Pragmalux PRX-Line G2 2BU LED module IP54 Lens 2000mm 80-140W 14875-25200lm 3000K 120° + noodmodule 1uur zelftest
205030-L,Pragmalux,Pragmalux PRX-Line G2 2BU LED module IP54 Lens 2000mm 80-140W 15600-26450lm 5000K 30°
205030-L-NA,Pragmalux,Pragmalux PRX-Line G2 2BU LED module IP54 Lens 2000mm 80-140W 15600-26450lm 5000K 30° + noodmodule 1uur zelftest
206530-L,Pragmalux,Pragmalux PRX-Line G2 2BU LED module IP54 Lens 2000mm 80-140W 15600-26450lm 6500K 30°
206530-L-NA,Pragmalux,Pragmalux PRX-Line G2 2BU LED module IP54 Lens 2000mm 80-140W 15600-26450lm 6500K 30° + noodmodule 1uur zelftest
204030-L,Pragmalux,Pragmalux PRX-Line G2 2BU LED module IP54 Lens 2000mm 80-140W 15675-26450lm 4000K 30°
204030-L-NA,Pragmalux,Pragmalux PRX-Line G2 2BU LED module IP54 Lens 2000mm 80-140W 15675-26450lm 4000K 30° + noodmodule 1uur zelftest
2065120-L,Pragmalux,Pragmalux PRX-Line G2 2BU LED module IP54 Lens 2000mm 80-140W 15675-26450lm 6500K 120°
2065120-L-NA,Pragmalux,Pragmalux PRX-Line G2 2BU LED module IP54 Lens 2000mm 80-140W 15675-26450lm 6500K 120° + noodmodule 1uur zelftest
206560-L,Pragmalux,Pragmalux PRX-Line G2 2BU LED module IP54 Lens 2000mm 80-140W 15675-26450lm 6500K 60°
206560-L-NA,Pragmalux,Pragmalux PRX-Line G2 2BU LED module IP54 Lens 2000mm 80-140W 15675-26450lm 6500K 60° + noodmodule 1uur zelftest
206590-L,Pragmalux,Pragmalux PRX-Line G2 2BU LED module IP54 Lens 2000mm 80-140W 15675-26450lm 6500K 90°
206590-L-NA,Pragmalux,Pragmalux PRX-Line G2 2BU LED module IP54 Lens 2000mm 80-140W 15675-26450lm 6500K 90° + noodmodule 1uur zelftest
205060-L,Pragmalux,Pragmalux PRX-Line G2 2BU LED module IP54 Lens 2000mm 80-140W 15750-26600lm 5000K 60°
205060-L-NA,Pragmalux,Pragmalux PRX-Line G2 2BU LED module IP54 Lens 2000mm 80-140W 15750-26600lm 5000K 60° + noodmodule 1uur zelftest
204060-L,Pragmalux,Pragmalux PRX-Line G2 2BU LED module IP54 Lens 2000mm 80-140W 15750-26875lm 4000K 60°
204060-L-NA,Pragmalux,Pragmalux PRX-Line G2 2BU LED module IP54 Lens 2000mm 80-140W 15750-26875lm 4000K 60° + noodmodule 1uur zelftest
205090-L,Pragmalux,Pragmalux PRX-Line G2 2BU LED module IP54 Lens 2000mm 80-140W 15750-26900lm 5000K 90°
205090-L-NA,Pragmalux,Pragmalux PRX-Line G2 2BU LED module IP54 Lens 2000mm 80-140W 15750-26900lm 5000K 90° + noodmodule 1uur zelftest
2050120-L,Pragmalux,Pragmalux PRX-Line G2 2BU LED module IP54 Lens 2000mm 80-140W 15850-26600lm 5000K 120°
2050120-L-NA,Pragmalux,Pragmalux PRX-Line G2 2BU LED module IP54 Lens 2000mm 80-140W 15850-26600lm 5000K 120° + noodmodule 1uur zelftest
204090-L,Pragmalux,Pragmalux PRX-Line G2 2BU LED module IP54 Lens 2000mm 80-140W 15850-26900lm 4000K 90°
204090-L-NA,Pragmalux,Pragmalux PRX-Line G2 2BU LED module IP54 Lens 2000mm 80-140W 15850-26900lm 4000K 90° + noodmodule 1uur zelftest
2040120-L,Pragmalux,Pragmalux PRX-Line G2 2BU LED module IP54 Lens 2000mm 80-140W 16000-26875lm 4000K 120°
2040120-L-NA,Pragmalux,Pragmalux PRX-Line G2 2BU LED module IP54 Lens 2000mm 80-140W 16000-26875lm 4000K 120° + noodmodule 1uur zelftest
203060-L-DA,Pragmalux,Pragmalux PRX-Line G2 2BU LED module IP54 Lens 2000mm max.140W 24925lm 3000K 60° DALI2
203060-L-DA-NA,Pragmalux,Pragmalux PRX-Line G2 2BU LED module IP54 Lens 2000mm max.140W 24925lm 3000K 60° DALI2 + noodmodule 1uur zelftest
203090-L-DA,Pragmalux,Pragmalux PRX-Line G2 2BU LED module IP54 Lens 2000mm max.140W 24925lm 3000K 90° DALI2
203090-L-DA-NA,Pragmalux,Pragmalux PRX-Line G2 2BU LED module IP54 Lens 2000mm max.140W 24925lm 3000K 90° DALI2 + noodmodule 1uur zelftest
203030-L-DA,Pragmalux,Pragmalux PRX-Line G2 2BU LED module IP54 Lens 2000mm max.140W 25050lm 3000K 30° DALI2
203030-L-DA-NA,Pragmalux,Pragmalux PRX-Line G2 2BU LED module IP54 Lens 2000mm max.140W 25050lm 3000K 30° DALI2 + noodmodule 1uur zelftest
2030120-L-DA,Pragmalux,Pragmalux PRX-Line G2 2BU LED module IP54 Lens 2000mm max.140W 25200lm 3000K 120° DALI2
2030120-L-DA-NA,Pragmalux,Pragmalux PRX-Line G2 2BU LED module IP54 Lens 2000mm max.140W 25200lm 3000K 120° DALI2 + noodmodule 1uur zelftest
204030-L-DA,Pragmalux,Pragmalux PRX-Line G2 2BU LED module IP54 Lens 2000mm max.140W 26450lm 4000K 30° DALI2
204030-L-DA-NA,Pragmalux,Pragmalux PRX-Line G2 2BU LED module IP54 Lens 2000mm max.140W 26450lm 4000K 30° DALI2 + noodmodule 1uur zelftest
205030-L-DA,Pragmalux,Pragmalux PRX-Line G2 2BU LED module IP54 Lens 2000mm max.140W 26450lm 5000K 30° DALI2
205030-L-DA-NA,Pragmalux,Pragmalux PRX-Line G2 2BU LED module IP54 Lens 2000mm max.140W 26450lm 5000K 30° DALI2 + noodmodule 1uur zelftest
2065120-L-DA,Pragmalux,Pragmalux PRX-Line G2 2BU LED module IP54 Lens 2000mm max.140W 26450lm 6500K 120° DALI2
2065120-L-DA-NA,Pragmalux,Pragmalux PRX-Line G2 2BU LED module IP54 Lens 2000mm max.140W 26450lm 6500K 120° DALI2 + noodmodule 1uur zelftest
206530-L-DA,Pragmalux,Pragmalux PRX-Line G2 2BU LED module IP54 Lens 2000mm max.140W 26450lm 6500K 30° DALI2
206530-L-DA-NA,Pragmalux,Pragmalux PRX-Line G2 2BU LED module IP54 Lens 2000mm max.140W 26450lm 6500K 30° DALI2 + noodmodule 1uur zelftest
206560-L-DA,Pragmalux,Pragmalux PRX-Line G2 2BU LED module IP54 Lens 2000mm max.140W 26450lm 6500K 60° DALI2
206560-L-DA-NA,Pragmalux,Pragmalux PRX-Line G2 2BU LED module IP54 Lens 2000mm max.140W 26450lm 6500K 60° DALI2 + noodmodule 1uur zelftest
206590-L-DA,Pragmalux,Pragmalux PRX-Line G2 2BU LED module IP54 Lens 2000mm max.140W 26450lm 6500K 90° DALI2
206590-L-DA-NA,Pragmalux,Pragmalux PRX-Line G2 2BU LED module IP54 Lens 2000mm max.140W 26450lm 6500K 90° DALI2 + noodmodule 1uur zelftest
2050120-L-DA,Pragmalux,Pragmalux PRX-Line G2 2BU LED module IP54 Lens 2000mm max.140W 26600lm 5000K 120° DALI2
2050120-L-DA-NA,Pragmalux,Pragmalux PRX-Line G2 2BU LED module IP54 Lens 2000mm max.140W 26600lm 5000K 120° DALI2 + noodmodule 1uur zelftest
205060-L-DA,Pragmalux,Pragmalux PRX-Line G2 2BU LED module IP54 Lens 2000mm max.140W 26600lm 5000K 60° DALI2
205060-L-DA-NA,Pragmalux,Pragmalux PRX-Line G2 2BU LED module IP54 Lens 2000mm max.140W 26600lm 5000K 60° DALI2 + noodmodule 1uur zelftest
2040120-L-DA,Pragmalux,Pragmalux PRX-Line G2 2BU LED module IP54 Lens 2000mm max.140W 26875lm 4000K 120° DALI2
2040120-L-DA-NA,Pragmalux,Pragmalux PRX-Line G2 2BU LED module IP54 Lens 2000mm max.140W 26875lm 4000K 120° DALI2 + noodmodule 1uur zelftest
204060-L-DA,Pragmalux,Pragmalux PRX-Line G2 2BU LED module IP54 Lens 2000mm max.140W 26875lm 4000K 60° DALI2
204060-L-DA-NA,Pragmalux,Pragmalux PRX-Line G2 2BU LED module IP54 Lens 2000mm max.140W 26875lm 4000K 60° DALI2 + noodmodule 1uur zelftest
204090-L-DA,Pragmalux,Pragmalux PRX-Line G2 2BU LED module IP54 Lens 2000mm max.140W 26900lm 4000K 90° DALI2
204090-L-DA-NA,Pragmalux,Pragmalux PRX-Line G2 2BU LED module IP54 Lens 2000mm max.140W 26900lm 4000K 90° DALI2 + noodmodule 1uur zelftest
205090-L-DA,Pragmalux,Pragmalux PRX-Line G2 2BU LED module IP54 Lens 2000mm max.140W 26900lm 5000K 90° DALI2
205090-L-DA-NA,Pragmalux,Pragmalux PRX-Line G2 2BU LED module IP54 Lens 2000mm max.140W 26900lm 5000K 90° DALI2 + noodmodule 1uur zelftest
20120-O-L-CCT,Pragmalux,Pragmalux PRX-Line G2 2BU LED module IP54 opaal 2000mm 69-120W 14875-25200lm 3-CCT 3000-4000-5000K 120°
20120-O-L-CCT-NA,Pragmalux,Pragmalux PRX-Line G2 2BU LED module IP54 opaal 2000mm 69-120W 14875-25200lm 3-CCT 3000-4000-5000K 120° + noodmodule 1uur zelftest
20120-O-L-CCT-DA,Pragmalux,Pragmalux PRX-Line G2 2BU LED module IP54 opaal 2000mm 69-120W 14875-25200lm 3-CCT 3000-4000-5000K 120° DALI2
20120-O-L-CCT-DA-NA,Pragmalux,Pragmalux PRX-Line G2 2BU LED module IP54 opaal 2000mm 69-120W 14875-25200lm 3-CCT 3000-4000-5000K 120° DALI2 + noodmodule 1uur zelftest
2030120-O-L,Pragmalux,Pragmalux PRX-Line G2 2BU LED module IP54 opaal 2000mm 80-140W 13275-23100lm 3000K 120°
2030120-O-L-NA,Pragmalux,Pragmalux PRX-Line G2 2BU LED module IP54 opaal 2000mm 80-140W 13275-23100lm 3000K 120° + noodmodule 1uur zelftest
2040120-O-L,Pragmalux,Pragmalux PRX-Line G2 2BU LED module IP54 opaal 2000mm 80-140W 14325-24350lm 4000K 120°
2040120-O-L-NA,Pragmalux,Pragmalux PRX-Line G2 2BU LED module IP54 opaal 2000mm 80-140W 14325-24350lm 4000K 120° + noodmodule 1uur zelftest
2050120-O-L,Pragmalux,Pragmalux PRX-Line G2 2BU LED module IP54 opaal 2000mm 80-140W 14325-24350lm 5000K 120°
2050120-O-L-NA,Pragmalux,Pragmalux PRX-Line G2 2BU LED module IP54 opaal 2000mm 80-140W 14325-24350lm 5000K 120° + noodmodule 1uur zelftest
2065120-O-L,Pragmalux,Pragmalux PRX-Line G2 2BU LED module IP54 opaal 2000mm 80-140W 14325-24350lm 6500K 120°
2065120-O-L-NA,Pragmalux,Pragmalux PRX-Line G2 2BU LED module IP54 opaal 2000mm 80-140W 14325-24350lm 6500K 120° + noodmodule 1uur zelftest
2030120-O-L-DA,Pragmalux,Pragmalux PRX-Line G2 2BU LED module IP54 opaal 2000mm max.140W 23100lm 3000K 120° DALI2
2030120-O-L-DA-NA,Pragmalux,Pragmalux PRX-Line G2 2BU LED module IP54 opaal 2000mm max.140W 23100lm 3000K 120° DALI2 + noodmodule 1uur zelftest
2040120-O-L-DA,Pragmalux,Pragmalux PRX-Line G2 2BU LED module IP54 opaal 2000mm max.140W 24350lm 4000K 120° DALI2
2040120-O-L-DA-NA,Pragmalux,Pragmalux PRX-Line G2 2BU LED module IP54 opaal 2000mm max.140W 24350lm 4000K 120° DALI2 + noodmodule 1uur zelftest
2050120-O-L-DA,Pragmalux,Pragmalux PRX-Line G2 2BU LED module IP54 opaal 2000mm max.140W 24350lm 5000K 120° DALI2
2050120-O-L-DA-NA,Pragmalux,Pragmalux PRX-Line G2 2BU LED module IP54 opaal 2000mm max.140W 24350lm 5000K 120° DALI2 + noodmodule 1uur zelftest
2065120-O-L-DA,Pragmalux,Pragmalux PRX-Line G2 2BU LED module IP54 opaal 2000mm max.140W 24350lm 6500K 120° DALI2
2065120-O-L-DA-NA,Pragmalux,Pragmalux PRX-Line G2 2BU LED module IP54 opaal 2000mm max.140W 24350lm 6500K 120° DALI2 + noodmodule 1uur zelftest
30120-UO-L-DA,Pragmalux,Pragmalux PRX-Line UO LED module-wit 2039mm 110W max 16400lm 3000K 120D DALI
3030-UO-L-DA,Pragmalux,Pragmalux PRX-Line UO LED module-wit 2039mm 110W max 16400lm 3000K 30D DALI
3060-UO-L-DA,Pragmalux,Pragmalux PRX-Line UO LED module-wit 2039mm 110W max 16400lm 3000K 60D DALI
3090-UO-L-DA,Pragmalux,Pragmalux PRX-Line UO LED module-wit 2039mm 110W max 16400lm 3000K 90D DALI
40120-UO-L-DA,Pragmalux,Pragmalux PRX-Line UO LED module-wit 2039mm 110W max 17500lm 4000K 120D DALI
4030-UO-L-DA,Pragmalux,Pragmalux PRX-Line UO LED module-wit 2039mm 110W max 17500lm 4000K 30D DALI
4060-UO-L-DA,Pragmalux,Pragmalux PRX-Line UO LED module-wit 2039mm 110W max 17500lm 4000K 60D DALI
4090-UO-L-DA,Pragmalux,Pragmalux PRX-Line UO LED module-wit 2039mm 110W max 17500lm 4000K 90D DALI
50120-UO-L-DA,Pragmalux,Pragmalux PRX-Line UO LED module-wit 2039mm 110W max 17500lm 5000K 120D DALI
5030-UO-L-DA,Pragmalux,Pragmalux PRX-Line UO LED module-wit 2039mm 110W max 17500lm 5000K 30D DALI
5060-UO-L-DA,Pragmalux,Pragmalux PRX-Line UO LED module-wit 2039mm 110W max 17500lm 5000K 60D DALI
5090-UO-L-DA,Pragmalux,Pragmalux PRX-Line UO LED module-wit 2039mm 110W max 17500lm 5000K 90D DALI
65120-UO-L-DA,Pragmalux,Pragmalux PRX-Line UO LED module-wit 2039mm 110W max 17500lm 6500K 120D DALI
6530-UO-L-DA,Pragmalux,Pragmalux PRX-Line UO LED module-wit 2039mm 110W max 17500lm 6500K 30D DALI
6560-UO-L-DA,Pragmalux,Pragmalux PRX-Line UO LED module-wit 2039mm 110W max 17500lm 6500K 60D DALI
6590-UO-L-DA,Pragmalux,Pragmalux PRX-Line UO LED module-wit 2039mm 110W max 17500lm 6500K 90D DALI
30120-UO-L,Pragmalux,Pragmalux PRX-Line UO LED module-wit 2039mm dipswitch 115-83W 17000-13000lm 3000K 120D
3030-UO-L,Pragmalux,Pragmalux PRX-Line UO LED module-wit 2039mm dipswitch 115-83W 17000-13000lm 3000K 30D
3060-UO-L,Pragmalux,Pragmalux PRX-Line UO LED module-wit 2039mm dipswitch 115-83W 17000-13000lm 3000K 60D
3090-UO-L,Pragmalux,Pragmalux PRX-Line UO LED module-wit 2039mm dipswitch 115-83W 17000-13000lm 3000K 90D
4030-UO-L,Pragmalux,Pragmalux PRX-Line UO LED module-wit 2039mm dipswitch 115-83W 18000-14000lm 4000K 30D
50120-UO-L,Pragmalux,Pragmalux PRX-Line UO LED module-wit 2039mm dipswitch 115-83W 18000-14000lm 5000K 120D
5030-UO-L,Pragmalux,Pragmalux PRX-Line UO LED module-wit 2039mm dipswitch 115-83W 18000-14000lm 5000K 30D
5060-UO-L,Pragmalux,Pragmalux PRX-Line UO LED module-wit 2039mm dipswitch 115-83W 18000-14000lm 5000K 60D
5090-UO-L,Pragmalux,Pragmalux PRX-Line UO LED module-wit 2039mm dipswitch 115-83W 18000-14000lm 5000K 90D
65120-UO-L,Pragmalux,Pragmalux PRX-Line UO LED module-wit 2039mm dipswitch 115-83W 18000-14000lm 6500K 120D
6530-UO-L,Pragmalux,Pragmalux PRX-Line UO LED module-wit 2039mm dipswitch 115-83W 18000-14000lm 6500K 30D
6560-UO-L,Pragmalux,Pragmalux PRX-Line UO LED module-wit 2039mm dipswitch 115-83W 18000-14000lm 6500K 60D
6590-UO-L,Pragmalux,Pragmalux PRX-Line UO LED module-wit 2039mm dipswitch 115-83W 18000-14000lm 6500K 90D
3090-TX4-T5-HO,Pragmalux,Pragmalux PRX-Retroline LED-module HO Philips TTX400-T5 75-22W 12000-3520lm 3000K 90D
2004696-NA,Pragmalux,Pragmalux Re-light kit T5/T8 LED module 1129mm 16-24W 2900-4400lm 3000-4000K 2-CCT + Philips driver + Noodmodule 1uur zelftest
2004696-D4i,Pragmalux,Pragmalux Re-light kit T5/T8 LED module 1129mm 25W 3800-3900lm 3000-4000K 2-CCT + Philips D4i driver
2004696-DA-NA,Pragmalux,Pragmalux Re-light kit T5/T8 LED module 1129mm 25W 3800-3900lm 3000-4000K 2-CCT + Philips DALI2 driver + Noodmodule 1uur zelftest
2004702-NA,Pragmalux,Pragmalux Re-light kit T5/T8 LED module 1429mm 18-30W 3000-5150lm 3000-4000K 2-CCT + Philips driver + Noodmodule 1uur zelftest
2004702-D4i,Pragmalux,Pragmalux Re-light kit T5/T8 LED module 1429mm 31W 4700-4900lm 3000-4000K 2-CCT + Philips D4i driver
2004702-DA-NA,Pragmalux,Pragmalux Re-light kit T5/T8 LED module 1429mm 31W 4700-4900lm 3000-4000K 2-CCT + Philips DALI2 driver + Noodmodule 1uur zelftest
2004689-D4i,Pragmalux,Pragmalux Re-light kit T5/T8 LED module 529mm 14W 2000-2050lm 3000-4000K 2-CCT + Philips D4i driver
2004689-DA-NA,Pragmalux,Pragmalux Re-light kit T5/T8 LED module 529mm 14W 2000-2050lm 3000-4000K 2-CCT + Philips DALI2 driver + Noodmodule 1uur zelftest
2004689-NA,Pragmalux,Pragmalux Re-light kit T5/T8 LED module 529mm 8-13W 1300-2250lm 2-CCT + Philips driver + Noodmodule 1uur zelftest
2019539,Pragmalux,Pragmalux Re-light Noodmodule set voor LED module 529mm
4090-VLG-T8-HO,Pragmalux,Pragmalux Retroline LED-Module RIDI-VLSG-T8 HO 75-22W 4000K 90D Altes Stecker 5-polig
1001036-GST5,Pragmalux,"Pragmalux Universele LED Driver 20W (DALI2, 1-10V, Push-dim) incl.GST18i5"
1001043-GST5S,Pragmalux,"Pragmalux Universele LED Driver 40W (DALI2, 1-10V, Push-dim) incl. GST18i5 en splitter en trekontlasting, 1 in 2 uit"
1001043-GST5,Pragmalux,"Pragmalux Universele LED Driver 40W (DALI2, 1-10V, Push-dim) incl.GST18i5"
5310011,Pragmalux,Maatwerk | Pragmalux LED Inlegarmatuur Miro 30x150cm surface mounted | 40W 5100lm 3000K Microprismatische lens UGR<19 + suspension kit
9011295,Pragmalux,"Pragmalux Aluminium Opbouwprofiel Zwart 2m Breedte 17,2mm Hoogte 8mm Max. 14,4W/m"
17750-99547-2,Pragmalux,Pragmalux Bandrasterarmatuur 1195x295x110mm 3-microlens optiek UGR<19 35W 4250lm 4000K Dali GST18i5 - Philips Xitanium LED Driver en LED Chips / printplaten
17750-99547-1,Pragmalux,Pragmalux Bandrasterarmatuur 1495x295x110mm 3-microlens optiek UGR<19 54W 6500lm 4000K Dali - Philips Xitanium LED Driver en LED Chips / printplaten
17750-97937-1,Pragmalux,Pragmalux Bandrasterarmatuur 1562x312x110mm 3-microlens optiek UGR<19 54W 6500lm 4000K DALI (dipswitch) Afzuigcompartiment achterzijde  Wit - Philips Xitanium LED Driver en LED Chips / printplaten + F
17750-00080-1,Pragmalux,Pragmalux Bandrasterarmatuur 1562x312x110mm 3-microlens optiek UGR<19 54W 6500lm 4000K DALI (dipswitch) Afzuigcompartiment achterzijde  Wit - Philips Xitanium LED Driver en LED Chips / printplaten + F
22024-39706-2,Pragmalux,Pragmalux LED  inleg armatuur 1540x170x100 30W 4000lm Opaal UGR<22 3000K CRI80 ON/OFF GST18i3 in chassis RAL 9003
9174334,Pragmalux,"Pragmalux LED 3-Fase Railarmatuur Arda 115x6,5cm 48W 3000K 4657-6575lm 30° wit incl. driver Dip Switch"
9174335,Pragmalux,"Pragmalux LED 3-Fase Railarmatuur Arda 115x6,5cm 48W 3000K 4657-6575lm 30° zwart incl. driver Dip Switch"
9174338,Pragmalux,"Pragmalux LED 3-Fase Railarmatuur Arda 115x6,5cm 48W 3000K 4657-6575lm 60° wit incl. driver Dip Switch"
9174339,Pragmalux,"Pragmalux LED 3-Fase Railarmatuur Arda 115x6,5cm 48W 3000K 4657-6575lm 60° zwart incl. driver Dip Switch"
9174342,Pragmalux,"Pragmalux LED 3-Fase Railarmatuur Arda 115x6,5cm 48W 3000K 4657-6575lm 90° wit incl. driver Dip Switch"
9174343,Pragmalux,"Pragmalux LED 3-Fase Railarmatuur Arda 115x6,5cm 48W 3000K 4657-6575lm 90° zwart incl. driver Dip Switch"
9174336,Pragmalux,"Pragmalux LED 3-Fase Railarmatuur Arda 115x6,5cm 48W 4000K 4911-6933lm 30° wit incl. driver Dip Switch"
9174337,Pragmalux,"Pragmalux LED 3-Fase Railarmatuur Arda 115x6,5cm 48W 4000K 4911-6933lm 30° zwart incl. driver Dip Switch"
9174340,Pragmalux,"Pragmalux LED 3-Fase Railarmatuur Arda 115x6,5cm 48W 4000K 4911-6933lm 60° wit incl. driver Dip Switch"
9174341,Pragmalux,"Pragmalux LED 3-Fase Railarmatuur Arda 115x6,5cm 48W 4000K 4911-6933lm 60° zwart incl. driver Dip Switch"
9174344,Pragmalux,"Pragmalux LED 3-Fase Railarmatuur Arda 115x6,5cm 48W 4000K 4911-6933lm 90° wit incl. driver Dip Switch"
9174345,Pragmalux,"Pragmalux LED 3-Fase Railarmatuur Arda 115x6,5cm 48W 4000K 4911-6933lm 90° zwart incl. driver Dip Switch"
9174350,Pragmalux,"Pragmalux LED 3-Fase Railarmatuur Arda 115x6,5cm dubbel asymetrisch 48W 3000K 4657-6575lm 25° wit incl. driver Dip Switch"
9174351,Pragmalux,"Pragmalux LED 3-Fase Railarmatuur Arda 115x6,5cm dubbel asymetrisch 48W 3000K 4657-6575lm 25° zwart incl. driver Dip Switch"
9174352,Pragmalux,"Pragmalux LED 3-Fase Railarmatuur Arda 115x6,5cm dubbel asymetrisch 48W 4000K 4911-6933lm 25° wit incl. driver Dip Switch"
9174353,Pragmalux,"Pragmalux LED 3-Fase Railarmatuur Arda 115x6,5cm dubbel asymetrisch 48W 4000K 4911-6933lm 25° zwart incl. driver Dip Switch"
9174346,Pragmalux,"Pragmalux LED 3-Fase Railarmatuur Arda 115x6,5cm Opaal 48W 3000K 4657-6575lm 120° wit incl. driver Dip Switch"
9174347,Pragmalux,"Pragmalux LED 3-Fase Railarmatuur Arda 115x6,5cm Opaal 48W 3000K 4657-6575lm 120° zwart incl. driver Dip Switch"
9174348,Pragmalux,"Pragmalux LED 3-Fase Railarmatuur Arda 115x6,5cm Opaal 48W 4000K 4911-6933lm 120° wit incl. driver Dip Switch"
9174349,Pragmalux,"Pragmalux LED 3-Fase Railarmatuur Arda 115x6,5cm Opaal 48W 4000K 4911-6933lm 120° zwart incl. driver Dip Switch"
9174322,Pragmalux,Pragmalux LED 3-Fase Railarmatuur Arda 56x19cm 50-70W 3000K 7279-10191lm 30° wit incl. driver Dip Switch
9174323,Pragmalux,Pragmalux LED 3-Fase Railarmatuur Arda 56x19cm 50-70W 3000K 7279-10191lm 30° zwart incl. driver Dip Switch
9174326,Pragmalux,Pragmalux LED 3-Fase Railarmatuur Arda 56x19cm 50-70W 3000K 7279-10191lm 60° wit incl. driver Dip Switch
9174327,Pragmalux,Pragmalux LED 3-Fase Railarmatuur Arda 56x19cm 50-70W 3000K 7279-10191lm 60° zwart incl. driver Dip Switch
9174330,Pragmalux,Pragmalux LED 3-Fase Railarmatuur Arda 56x19cm 50-70W 3000K 7279-10191lm 90° wit incl. driver Dip Switch
9174331,Pragmalux,Pragmalux LED 3-Fase Railarmatuur Arda 56x19cm 50-70W 3000K 7279-10191lm 90° zwart incl. driver Dip Switch
9174325,Pragmalux,Pragmalux LED 3-Fase Railarmatuur Arda 56x19cm 50-70W 4000K 7897-11057lm  30° zwart incl. driver Dip Switch
9174328,Pragmalux,Pragmalux LED 3-Fase Railarmatuur Arda 56x19cm 50-70W 4000K 7897-11057lm  60° wit incl. driver Dip Switch
9174324,Pragmalux,Pragmalux LED 3-Fase Railarmatuur Arda 56x19cm 50-70W 4000K 7897-11057lm 30° wit incl. driver Dip Switch
9174329,Pragmalux,Pragmalux LED 3-Fase Railarmatuur Arda 56x19cm 50-70W 4000K 7897-11057lm 60° zwart incl. driver Dip Switch
9174332,Pragmalux,Pragmalux LED 3-Fase Railarmatuur Arda 56x19cm 50-70W 4000K 7897-11057lm 90° wit incl. driver Dip Switch
9174333,Pragmalux,Pragmalux LED 3-Fase Railarmatuur Arda 56x19cm 50-70W 4000K 7897-11057lm 90° zwart incl. driver Dip Switch
9174972,Pragmalux,"Pragmalux LED 3-fase Railarmatuur Arda G2 150x 6,5cm wit 3-CCT CRI>90 930/935/940 lens 90° 9045lm 66-40W Dip Switch driver"
9174977,Pragmalux,"Pragmalux LED 3-fase Railarmatuur Arda G2 150x 6,5cm zwart 3-CCT CRI>90 930/935/940 lens 90° 9045lm 66-40W Dip Switch driver"
9173111,Pragmalux,Pragmalux LED 3-Fase Railspot Alto 19W 3000K CRI>90 PW 60D 2222lm Zwart
9173158,Pragmalux,Pragmalux LED 3-Fase Railspot Alto 19W 4000K CRI>90 36D 2119lm Zwart
9174491,Pragmalux,Pragmalux LED 3-Fase Railspot Alto 24W 3000K 60D 2970lm Zwart DALI
9172683,Pragmalux,Pragmalux LED 3-Fase Railspot Alto 24W 3000K CRI>80 15D 3911lm Wit
9172684,Pragmalux,Pragmalux LED 3-Fase Railspot Alto 24W 3000K CRI>80 24D 3911lm Wit
9172685,Pragmalux,Pragmalux LED 3-Fase Railspot Alto 24W 3000K CRI>80 36D 3911lm Wit
9173709,Pragmalux,Pragmalux LED 3-Fase Railspot Alto 24W 3000K CRI>80 PW 60D 2970lm Zwart DALI
9172719,Pragmalux,Pragmalux LED 3-Fase Railspot Alto 24W 3000K CRI>90 15D 3976lm Wit
9172720,Pragmalux,Pragmalux LED 3-Fase Railspot Alto 24W 3000K CRI>90 24D 3976lm Wit
9172745,Pragmalux,Pragmalux LED 3-Fase Railspot Alto 24W 3000K CRI>90 PW 36D 3495lm Wit
9172750,Pragmalux,Pragmalux LED 3-Fase Railspot Alto 24W 3000K CRI>90 PW 60D 3976lm Zwart
9172753,Pragmalux,Pragmalux LED 3-Fase Railspot Alto 24W 4000K CRI>90 PW 36D 2970lm Grijs
9172757,Pragmalux,Pragmalux LED 3-Fase Railspot Alto 24W 4000K CRI>90 PW 36D 2970lm Wit
9172761,Pragmalux,Pragmalux LED 3-Fase Railspot Alto 24W 4000K CRI>90 PW 36D 2970lm Zwart
9900666,Pragmalux,Pragmalux LED 3-Fase Railspot Alto 24W 4000K CRI>90 PW 36D 2970lm Zwart
9173756,Pragmalux,Pragmalux LED 3-Fase Railspot Alto 24W 4000K CRI>90 PW 36D 2970lm Zwart DALI
9172754,Pragmalux,Pragmalux LED 3-Fase Railspot Alto 24W 4000K CRI>90 PW 60D 2970lm Grijs
9172758,Pragmalux,Pragmalux LED 3-Fase Railspot Alto 24W 4000K CRI>90 PW 60D 2970lm Wit
9172762,Pragmalux,Pragmalux LED 3-Fase Railspot Alto 24W 4000K CRI>90 PW 60D 2970lm Zwart
9172762-DALI,Pragmalux,Pragmalux LED 3-Fase Railspot Alto 24W 4000K CRI>90 PW 60D 2970lm Zwart DALI
9173753,Pragmalux,Pragmalux LED 3-Fase Railspot Alto 24W 4000K CRI>90 PW 60D 3495lm Wit DALI
9173757,Pragmalux,Pragmalux LED 3-Fase Railspot Alto 24W 4000K CRI>90 PW 60D 3495lm Zwart DALI
9173991,Pragmalux,Pragmalux LED 3-Fase Railspot Alto 24W Gold+ module 2400K CRI>90 60D 3160lm Wit
9174045,Pragmalux,Pragmalux LED 3-Fase Railspot Alto 2700K CRI>90 PW 36D 3456lm Zwart CASAMBI
9173792,Pragmalux,Pragmalux LED 3-Fase Railspot Alto 27W 3000K CRI>90 36D 3138lm Zwart DALI
9173182,Pragmalux,Pragmalux LED 3-Fase Railspot Alto 3000K CRI>90 60D Zwart Sample
9172717,Pragmalux,Pragmalux LED 3-Fase Railspot Alto 31W 3000K CRI>90 36D 3380lm Grijs
9172721,Pragmalux,Pragmalux LED 3-Fase Railspot Alto 31W 3000K CRI>90 36D 3380lm Wit
9172725,Pragmalux,Pragmalux LED 3-Fase Railspot Alto 31W 3000K CRI>90 36D 3380lm Zwart
9901205,Pragmalux,Pragmalux LED 3-Fase Railspot Alto 31W 3000K CRI>90 36D 3380lm Zwart
9172718,Pragmalux,Pragmalux LED 3-Fase Railspot Alto 31W 3000K CRI>90 60D 3380lm Grijs
9172722,Pragmalux,Pragmalux LED 3-Fase Railspot Alto 31W 3000K CRI>90 60D 3380lm Wit
9172726,Pragmalux,Pragmalux LED 3-Fase Railspot Alto 31W 3000K CRI>90 60D 3380lm Zwart
9174374,Pragmalux,Pragmalux LED 3-Fase Railspot Alto 31W 3000K CRI>90 60D 3380lm Zwart DALI
9175293,Pragmalux,Pragmalux LED 3-Fase Railspot Alto 35W 4000K CRI>90 PW 36D 4234lm Zwart DALI
9174173,Pragmalux,Pragmalux LED 3-Fase Railspot Alto 36W 2400K CRI>80 60D 3160lm Zwart + broodmodule
9172837,Pragmalux,Pragmalux LED 3-Fase Railspot Alto 36W 3000K CRI>90 36D 4136lm Grijs
9172841,Pragmalux,Pragmalux LED 3-Fase Railspot Alto 36W 3000K CRI>90 36D 4136lm Wit
9172845,Pragmalux,Pragmalux LED 3-Fase Railspot Alto 36W 3000K CRI>90 36D 4136lm Zwart
9173840,Pragmalux,Pragmalux LED 3-Fase Railspot Alto 36W 3000K CRI>90 36D 4136lm Zwart DALI
9173852,Pragmalux,Pragmalux LED 3-Fase Railspot Alto 36W 3000K CRI>90 36D 4136lm Zwart DALI
9172838,Pragmalux,Pragmalux LED 3-Fase Railspot Alto 36W 3000K CRI>90 60D 4136lm Grijs
9172842,Pragmalux,Pragmalux LED 3-Fase Railspot Alto 36W 3000K CRI>90 60D 4136lm Wit
9901227,Pragmalux,Pragmalux LED 3-Fase Railspot Alto 36W 3000K CRI>90 60D 4136lm Wit
9172846,Pragmalux,Pragmalux LED 3-Fase Railspot Alto 36W 3000K CRI>90 60D 4136lm Zwart
9172882,Pragmalux,Pragmalux LED 3-Fase Railspot Alto 36W 3000K CRI>90 PW 60D 4866lm Zwart
9900669,Pragmalux,Pragmalux LED 3-Fase Railspot Alto 36W 4000K CRI>90 PW 24D 5241lm Wit
9900997,Pragmalux,Pragmalux LED 3-Fase Railspot Alto 36W 4000K CRI>90 PW 24D 5241m Grijs
9172909,Pragmalux,Pragmalux LED 3-Fase Railspot Alto 36W 4000K CRI>90 PW 36D 4455lm Grijs
9900995,Pragmalux,Pragmalux LED 3-Fase Railspot Alto 36W 4000K CRI>90 PW 36D 4455lm Grijs
9172913,Pragmalux,Pragmalux LED 3-Fase Railspot Alto 36W 4000K CRI>90 PW 36D 4455lm Wit
9172917,Pragmalux,Pragmalux LED 3-Fase Railspot Alto 36W 4000K CRI>90 PW 36D 4455lm Zwart
9900670,Pragmalux,Pragmalux LED 3-Fase Railspot Alto 36W 4000K CRI>90 PW 36D 5241lm Wit
9172910,Pragmalux,Pragmalux LED 3-Fase Railspot Alto 36W 4000K CRI>90 PW 60D 4455lm Grijs
9172914,Pragmalux,Pragmalux LED 3-Fase Railspot Alto 36W 4000K CRI>90 PW 60D 4455lm Wit
9172918,Pragmalux,Pragmalux LED 3-Fase Railspot Alto 36W 4000K CRI>90 PW 60D 4455lm Zwart
9900675,Pragmalux,Pragmalux LED 3-Fase Railspot Alto 36W 4000K CRI>90 PW 60D 4455lm Zwart
9173877,Pragmalux,Pragmalux LED 3-Fase Railspot Alto 36W 4000K CRI>90 PW 60D 4455lm Zwart DALI
9173656,Pragmalux,Pragmalux LED 3-Fase Railspot Alto Flood 26W 4000K CRI>90 PW 72Dx98D 2968lm Grijs
9173657,Pragmalux,Pragmalux LED 3-Fase Railspot Alto Flood 26W 4000K CRI>90 PW 72Dx98D 2968lm Wit
9173658,Pragmalux,Pragmalux LED 3-Fase Railspot Alto Flood 26W 4000K CRI>90 PW 72Dx98D 2968lm Zwart
9173629,Pragmalux,Pragmalux LED 3-Fase Railspot Alto Flood 29W 3000K CRI>90 PW 72Dx98D 3349lm Grijs
9173627,Pragmalux,Pragmalux LED 3-Fase Railspot Alto Flood 29W 3000K CRI>90 PW 72Dx98D 3349lm Wit
9173628,Pragmalux,Pragmalux LED 3-Fase Railspot Alto Flood 29W 3000K CRI>90 PW 72Dx98D 3349lm Zwart
9173632,Pragmalux,Pragmalux LED 3-Fase Railspot Alto Flood 38W 3000K CRI>90 PW 72Dx98D 4164lm Grijs
9173633,Pragmalux,Pragmalux LED 3-Fase Railspot Alto Flood 38W 3000K CRI>90 PW 72Dx98D 4164lm Wit
9173634,Pragmalux,Pragmalux LED 3-Fase Railspot Alto Flood 38W 3000K CRI>90 PW 72Dx98D 4164lm Zwart
9173668,Pragmalux,Pragmalux LED 3-Fase Railspot Alto Flood 38W 4000K CRI>90 PW 72Dx98D 4587lm Grijs
9173669,Pragmalux,Pragmalux LED 3-Fase Railspot Alto Flood 38W 4000K CRI>90 PW 72Dx98D 4587lm Wit
9173670,Pragmalux,Pragmalux LED 3-Fase Railspot Alto Flood 38W 4000K CRI>90 PW 72Dx98D 4587lm Zwart
9140194,Pragmalux,Pragmalux LED 3-Fase Railspot Alto reflector 24D
9172508,Pragmalux,Pragmalux LED 3-Fase Railspot Alto SF Driver 29W 3000K CRI>90 36D 4134lm Zwart
9173131,Pragmalux,"Pragmalux LED 3-Fase Railspot Alto Wit PW 940 1834lm 60° 14,5W"
9174683,Pragmalux,"Pragmalux LED 3-Fase Railspot Dio 22,5W 4000K CRI>90 36D 3401lm Wit"
9160378,Pragmalux,Pragmalux LED 3-Fase Railspot Luxra I 40W 3000K CRI>80 60D 3800lm UGR<19 Grijs
9160379,Pragmalux,Pragmalux LED 3-Fase Railspot Luxra I 40W 3000K CRI>80 60D 3800lm UGR<19 Wit
9160380,Pragmalux,Pragmalux LED 3-Fase Railspot Luxra I 40W 3000K CRI>80 60D 3800lm UGR<19 Zwart
9160381,Pragmalux,Pragmalux LED 3-Fase Railspot Luxra I 40W 4000K CRI>80 60D 3910lm UGR<19 Grijs
9160382,Pragmalux,Pragmalux LED 3-Fase Railspot Luxra I 40W 4000K CRI>80 60D 3910lm UGR<19 Wit
9160383,Pragmalux,Pragmalux LED 3-Fase Railspot Luxra I 40W 4000K CRI>80 60D 3910lm UGR<19 Zwart
9160384,Pragmalux,Pragmalux LED 3-Fase Railspot Luxra II 80W 3000K CRI>80 60D 7600lm UGR<19 Grijs
9160385,Pragmalux,Pragmalux LED 3-Fase Railspot Luxra II 80W 3000K CRI>80 60D 7600lm UGR<19 Wit
9160386,Pragmalux,Pragmalux LED 3-Fase Railspot Luxra II 80W 3000K CRI>80 60D 7600lm UGR<19 Zwart
9160387,Pragmalux,Pragmalux LED 3-Fase Railspot Luxra II 80W 4000K CRI>80 60D 7820lm UGR<19 Grijs
9160388,Pragmalux,Pragmalux LED 3-Fase Railspot Luxra II 80W 4000K CRI>80 60D 7820lm UGR<19 Wit
9160389,Pragmalux,Pragmalux LED 3-Fase Railspot Luxra II 80W 4000K CRI>80 60D 7820lm UGR<19 Zwart
3501715,Pragmalux,Pragmalux LED 3-Fase Railspot Mozaic 24D Reflector Zwart
3501716,Pragmalux,Pragmalux LED 3-Fase Railspot Mozaic 60D Reflector Zwart
9140229,Pragmalux,Pragmalux LED 3-Fase Railspot Piccolo 15W 24D Reflector
9172546,Pragmalux,Pragmalux LED 3-Fase Railspot Piccolo 15W 2700K CRI>90 15D 1013lm Wit - Dimbaar
9171853,Pragmalux,Pragmalux LED 3-Fase Railspot Piccolo 15W 2700K CRI>90 33D 1393lm Grijs - Dimbaar
9174165,Pragmalux,Pragmalux LED 3-Fase Railspot Piccolo 15W 2700K CRI>90 60D 1393lm Wit - Dimbaar
9174253,Pragmalux,Pragmalux LED 3-Fase Railspot Piccolo 15W 3000K CRI>90 15D 1440lm Wit - Dimbaar
9172422,Pragmalux,Pragmalux LED 3-Fase Railspot Piccolo 15W 3000K CRI>90 24D 1440lm Zwart - Dimbaar
9171854,Pragmalux,Pragmalux LED 3-Fase Railspot Piccolo 15W 3000K CRI>90 33D 1440lm Grijs - Dimbaar
9172452,Pragmalux,Pragmalux LED 3-Fase Railspot Piccolo 15W 3000K CRI>90 60D 1440lm Zwart - Dimbaar
9171855,Pragmalux,Pragmalux LED 3-Fase Railspot Piccolo 15W 4000K CRI>90 33D 1561lm Grijs - Dimbaar
9171858,Pragmalux,Pragmalux LED 3-Fase Railspot Piccolo 15W 4000K CRI>90 33D 1561lm Wit - Dimbaar
9174257,Pragmalux,Pragmalux LED 3-Fase Railspot Piccolo 15W 4000K CRI>90 60D 1561lm Zwart - Dimbaar
9140231,Pragmalux,Pragmalux LED 3-Fase Railspot Piccolo 15W 60D Reflector
9140232,Pragmalux,Pragmalux LED 3-Fase Railspot Piccolo 27W 15D Reflector
9140233,Pragmalux,Pragmalux LED 3-Fase Railspot Piccolo 27W 24D Reflector
9172545,Pragmalux,Pragmalux LED 3-Fase Railspot Piccolo 27W 2700K CRI>90 15D 2786lm Zwart - Dimbaar
9172599,Pragmalux,Pragmalux LED 3-Fase Railspot Piccolo 27W 2700K CRI>90 24D 2786lm Zwart - Dimbaar
9171865,Pragmalux,Pragmalux LED 3-Fase Railspot Piccolo 27W 2700K CRI>90 40D 2786lm Wit - Dimbaar
9172600,Pragmalux,Pragmalux LED 3-Fase Railspot Piccolo 27W 2700K CRI>90 60D 2786lm Zwart - Dimbaar
9172016,Pragmalux,Pragmalux LED 3-Fase Railspot Piccolo 27W 3000K CRI>90 24D 2902lm Zwart - Dimbaar
9171863,Pragmalux,Pragmalux LED 3-Fase Railspot Piccolo 27W 3000K CRI>90 40D 2902lm Grijs - Dimbaar
9171866,Pragmalux,Pragmalux LED 3-Fase Railspot Piccolo 27W 3000K CRI>90 40D 2902lm Wit - Dimbaar
9171869,Pragmalux,Pragmalux LED 3-Fase Railspot Piccolo 27W 3000K CRI>90 40D 2902lm Zwart - Dimbaar
9900256,Pragmalux,Pragmalux LED 3-Fase Railspot Piccolo 27W 3000K CRI>90 40D 2902lm Zwart - Dimbaar
9174266,Pragmalux,Pragmalux LED 3-Fase Railspot Piccolo 27W 4000K CRI>90 15D 3121lm Wit - Dimbaar
9171864,Pragmalux,Pragmalux LED 3-Fase Railspot Piccolo 27W 4000K CRI>90 40D 3121lm Grijs - Dimbaar
9171867,Pragmalux,Pragmalux LED 3-Fase Railspot Piccolo 27W 4000K CRI>90 40D 3121lm Wit - Dimbaar
9171870,Pragmalux,Pragmalux LED 3-Fase Railspot Piccolo 27W 4000K CRI>90 40D 3121lm Zwart - Dimbaar
9174268,Pragmalux,Pragmalux LED 3-Fase Railspot Piccolo 27W 4000K CRI>90 60D 3121lm Wit - Dimbaar
9172645,Pragmalux,Pragmalux LED 3-Fase Railspot Piccolo 7W 2700K CRI>90 50D 674lm Zwart - Dimbaar
9171849,Pragmalux,Pragmalux LED 3-Fase Railspot Piccolo 7W 4000K CRI>90 33D 775lm Wit - Dimbaar
9171852,Pragmalux,Pragmalux LED 3-Fase Railspot Piccolo 7W 4000K CRI>90 33D 775lm Zwart - Dimbaar
9173906,Pragmalux,Pragmalux LED 3-Fase Railspot Piccolo 7W 603lm 3000K CRI>90 50D Wit Dimbaar
9174289,Pragmalux,Pragmalux LED 3-Fase Railspot Piccolo G2 27W 2700K CRI>90 40D 2786lm Grijs - Dimbaar
9050242,Pragmalux,Pragmalux LED 3-Fase Ronde Voet voor Piccolo
2029019,Pragmalux,Pragmalux LED Area streetlight bevestigingsbeugel muursteun Ø60mm
1008172,Pragmalux,Pragmalux LED Balvast Sporthalarmatuur Lineo IP66 IK10 100W 4000K 14000lm 80x100D (1 Unit) Grijs - 0-10V Dimbaar
1042497,Pragmalux,Pragmalux LED Balvast Sporthalarmatuur Lineo IP66 IK10 100W 4000K 14000lm 80x100D (1 Unit) Grijs - DALI
1051574,Pragmalux,Pragmalux LED Balvast Sporthalarmatuur Lineo IP66 IK10 100W 4000K 14000lm 85D (1 Unit) Grijs - DALI
1051574-N,Pragmalux,Pragmalux LED Balvast Sporthalarmatuur Lineo IP66 IK10 100W 4000K 14000lm 85D (1 Unit) Grijs - DALI + NOOD
1008189,Pragmalux,Pragmalux LED Balvast Sporthalarmatuur Lineo IP66 IK10 150W 4000K 21000lm 80x100D (1 Unit) Grijs - 0-10V Dimbaar
1050843,Pragmalux,Pragmalux LED Balvast Sporthalarmatuur Lineo IP66 IK10 150W 4000K 21000lm 80x100D (1 Unit) Grijs - DALI
1008196,Pragmalux,Pragmalux LED Balvast Sporthalarmatuur Lineo IP66 IK10 200W 4000K 28000lm 80x100D (2 Units) Grijs - 0-10V Dimbaar
1008202,Pragmalux,Pragmalux LED Balvast Sporthalarmatuur Lineo IP66 IK10 240W 4000K 33600lm 80x100D (2 Units) Grijs - 0-10V Dimbaar
1008219,Pragmalux,Pragmalux LED Balvast Sporthalarmatuur Lineo IP66 IK10 300W 4000K 42000lm 80x100D (2 Units) Grijs - 0-10V Dimbaar
1047645,Pragmalux,Pragmalux LED Balvast Sporthalarmatuur Lineo IP66 IK10 300W 5000K 42000lm 80x100D (2 Units) Grijs - 0-10V Dimbaar
1008226,Pragmalux,Pragmalux LED Balvast Sporthalarmatuur Lineo IP66 IK10 400W 4000K 56000lm 80x100D (3 Units) Grijs - 0-10V Dimbaar
1008233,Pragmalux,Pragmalux LED Balvast Sporthalarmatuur Lineo IP66 IK10 480W 4000K 67200lm 80x100D (3 Units) Grijs - 0-10V Dimbaar
1051598,Pragmalux,Pragmalux LED Balvast Sporthalarmatuur Lineo IP66 IK10 accessory Glare Control Louver
13232-89921-1,Pragmalux,Pragmalux LED Bandraster 1195x145mm inbouw 33W CRI 90 3800lm 3000K DALI Micro-prisma incl. GST18i5
13232-89921-2,Pragmalux,Pragmalux LED Bandraster 1199x145x65mm opbouw 42W CRI 90 4982lm 3000K DALI Microprisma Push 5-Pole
15703-03470-1,Pragmalux,Pragmalux LED Bandraster Opaal 295x1560mm 43W 6000lm 4000K wit RAL9003 + driver + GST18i3
15703-03470-2,Pragmalux,Pragmalux LED Bandraster Opaal 295x1560mm 43W 6000lm 4000K wit RAL9003 + driver + Nood
4231036-24719,Pragmalux,Pragmalux LED Bandrasterarmatuur (LxW) 185x1550mm Inbouw microprismatic 28W 3400lm 4000K UGR<19 incl. GST18i3
IMO4G-25194,Pragmalux,Pragmalux LED Bandrasterarmatuur (LxW) 195x1495mm Inbouw mirror 31W 3700lm 4000K UGR<16 incl. GST18i3 Matt
4231036-15350,Pragmalux,Pragmalux LED Bandrasterarmatuur (LxW)185x1250mm Inbouw microprismatic 28W 3400lm 4000K UGR<19 incl. GST18i3
4243030-10225-5,Pragmalux,"Pragmalux LED Bandrasterarmatuur (Width X Length) 11x120cm opbouw 20W 2400lm 4000K UGR<16 Matt RAL9010,"
4242030-10225-4,Pragmalux,"Pragmalux LED Bandrasterarmatuur (Width X Length) 11x120cm opbouw 22W 2900lm 4000K UGR<16 Hoogglans RAL9010,"
4241038-10225-3,Pragmalux,Pragmalux LED Bandrasterarmatuur (Width X Length) 11x150cm opbouw 28W 3250lm 4000K UGR<16 Matt RAL9010
4241030-10225-2,Pragmalux,"Pragmalux LED Bandrasterarmatuur (Width X Length) 168x1246mm inbouw/recessed 20W 2400lm 4000K UGR<16 Mat, (Philips Fortimo + Philips Xitanium) Plenumafzuiging AIR, RAL9010, Schuko plug with 3meters ca"
4141036-10225-1,Pragmalux,"Pragmalux LED Bandrasterarmatuur (Width X Length) 168x1546mm inbouw/recessed 30W 3250lm 4000K UGR<16 Matt (Philips Fortimo + Philips Xitanium), Plenumafzuiging AIR, RAL9010, Schuko plug with 3meters c"
18538-45776-1,Pragmalux,Pragmalux LED Bandrasterarmatuur 110x1195mm recessed 24W 3000lm 3000K UGR<16 matt louvre DALI-2 (2x GST18i5)
18538-45777-1,Pragmalux,Pragmalux LED Bandrasterarmatuur 110x1195mm recessed 35W 4500lm (350mA) 4000K UGR<16 matt louvre DALI-2 (2x GST18i5)
IMM335-27911,Pragmalux,Pragmalux LED Bandrasterarmatuur 110x1495mm recessed 35W 4200lm 3000K UGR<16 matt louvre DALI (GST18i5)
IMM435-27911,Pragmalux,Pragmalux LED Bandrasterarmatuur 110x1495mm recessed 35W 4200lm 4000K UGR<16 matt louvre DALI (GST18i5)
18538-45777-2,Pragmalux,Pragmalux LED Bandrasterarmatuur 110x1495mm recessed 42W 5500lm 4000K UGR<16 matt louvre DALI-2 (2xGST18i5)
ODO328-29093,Pragmalux,Pragmalux LED Bandrasterarmatuur 110x1500mm surface mounted 28W 3400lm 3000K UGR<19 Diffuser Opal
17766-03773-21,Pragmalux,Pragmalux LED Bandrasterarmatuur 1120x147mm inleg 19.5W Philips dipswitch driver - 2340lm 4000K UGR<19 microprismatisch wit RAL9003 + plenumafzuiging special 10x 7mmx90mm | Driver box los + GST18i3
17766-03773-3,Pragmalux,Pragmalux LED Bandrasterarmatuur 1120x147mm inleg 20W Philips dipswitch driver - 2340lm 4000K UGR<19 microprismatisch wit RAL9003 + plenumafzuiging special 10x 7mmx90mm | Driver box los + GST18i3
5310001,Pragmalux,Pragmalux LED Bandrasterarmatuur 112x1197mm 20W 4000K Miro5 Mat  GST-3p RAL 9003 Philips Driver
18554-55050-2,Pragmalux,Pragmalux LED Bandrasterarmatuur 1175x165mm inbouw 22W 3100lm 4000K UGR<16 Spiegeloptiek Hoogglans GST18i3 RAL9010
17738-53945-3,Pragmalux,Pragmalux LED Bandrasterarmatuur 1193x147mm inleg 20W 2660lm 4000K UGR<19 Microprisma + plenum/ventilatie + GST18i3
4231030-11187VR,Pragmalux,Pragmalux LED Bandrasterarmatuur 1195mmx115mm inbouw 22W 2700lm 3000K UGR<16 Matt gst18 in chassis armatuur.
5310026-3037443,Pragmalux,Pragmalux LED Bandrasterarmatuur 1195x107mm inbouw 21W 2800lm 4000K UGR<19 Matt GST18i3 Wit
5310011-3034461,Pragmalux,Pragmalux LED Bandrasterarmatuur 1195x110mm opbouw 22W 2700lm 3000K UGR<16 spiegeloptiek matt wit RAL9010
5310014-3034635,Pragmalux,Pragmalux LED Bandrasterarmatuur 1195x110mm opbouw 22W 2700lm 3000K UGR<16 spiegeloptiek matt wit RAL9010
22143-42645-2,Pragmalux,Pragmalux LED Bandrasterarmatuur 1195x145mm inbouw 20W 2500lm 3000K UGR<16 Spiegel matt gst18i3 wit RAL9003 AIR plenum
5310020-3035744,Pragmalux,Pragmalux LED Bandrasterarmatuur 1195x145mm inbouw 20W 2640lm 3000K UGR<16 Mirror Matt GST18i3 wit RAL9003
5310020-3038098,Pragmalux,Pragmalux LED Bandrasterarmatuur 1195x145mm inbouw 20W 2640lm 3000K UGR<16 Mirror Matt GST18i3 wit RAL9003 with AIRSLOTS
5310019-3034776,Pragmalux,Pragmalux LED Bandrasterarmatuur 1195x145mm inbouw 34W 4481lm 4000K UGR<16 spiegeloptiek hoogglans GST18i3 wit RAL9010
18554-55050-2 frame,Pragmalux,Pragmalux LED Bandrasterarmatuur 1195x185mm frame
212512MSSAIR,Pragmalux,Pragmalux LED Bandrasterarmatuur 1196mmx147mm inbouw 25W 2700lm 4000K UGR<19 AIR gst18
212512MSS,Pragmalux,Pragmalux LED Bandrasterarmatuur 1196mmx147mm inbouw 25W 2700lm 4000K UGR<19 gst18
18351-55233-2,Pragmalux,"Pragmalux LED Bandrasterarmatuur 1197x147,5mm inbouw 22W 2700lm 4000K UGR<19 Microprisma RAL9003 GST18i3"
5310016-3034687,Pragmalux,Pragmalux LED Bandrasterarmatuur 1197x185mm inbouw 18W 2345lm 3000K opaal wit RAL9010
5310008,Pragmalux,Pragmalux LED Bandrasterarmatuur 11x120cm Inbouw 22W 2700lm 3000K UGR<16 Matt
18559-63734-2,Pragmalux,Pragmalux LED Bandrasterarmatuur 11x120cm opbouw 20W 2640lm 4000K UGR<16 Matt
4232030,Pragmalux,Pragmalux LED Bandrasterarmatuur 11x120cm opbouw 22W 2700lm 3000K UGR<16 Matt
OMR322-26628,Pragmalux,Pragmalux LED Bandrasterarmatuur 11x120cm opbouw 22W 2700lm 3000K UGR<16 Matt
5232030,Pragmalux,Pragmalux LED Bandrasterarmatuur 11x120cm opbouw 22W 2700lm 3000K UGR<16 Matt DALI
4232030-18056,Pragmalux,Pragmalux LED Bandrasterarmatuur 11x120cm opbouw 22W 2700lm 3000K UGR<19 Microprisma
4235030,Pragmalux,Pragmalux LED Bandrasterarmatuur 11x120cm opbouw 22W 2775lm 3000K UGR<16 Hoogglans
5132030,Pragmalux,Pragmalux LED Bandrasterarmatuur 11x120cm opbouw 22W 2775lm 3000K UGR<16 Hoogglans DALI
4243030,Pragmalux,Pragmalux LED Bandrasterarmatuur 11x120cm opbouw 22W 2775lm 4000K UGR<16 Matt
5242030,Pragmalux,Pragmalux LED Bandrasterarmatuur 11x120cm opbouw 22W 2775lm 4000K UGR<16 Matt DALI
4242030,Pragmalux,Pragmalux LED Bandrasterarmatuur 11x120cm opbouw 22W 2900lm 4000K UGR<16 Hoogglans
4242030-11312,Pragmalux,Pragmalux LED Bandrasterarmatuur 11x120cm opbouw 22W 2900lm 4000K UGR<16 Hoogglans
4242030-12785,Pragmalux,Pragmalux LED Bandrasterarmatuur 11x120cm opbouw 22W 2900lm 4000K UGR<16 Hoogglans
5142030,Pragmalux,Pragmalux LED Bandrasterarmatuur 11x120cm opbouw 22W 2900lm 4000K UGR<16 Hoogglans DALI
4241038,Pragmalux,Pragmalux LED Bandrasterarmatuur 11x150cm opbouw 25W 3300lm 4000K UGR<16 Matt
18559-63734-1,Pragmalux,Pragmalux LED Bandrasterarmatuur 11x150cm opbouw 25W 3300lm 4000K UGR<16 Matt
4231038,Pragmalux,Pragmalux LED Bandrasterarmatuur 11x150cm opbouw 28W 3400lm 3000K UGR<16 Matt
OMR328-26628,Pragmalux,Pragmalux LED Bandrasterarmatuur 11x150cm opbouw 28W 3400lm 3000K UGR<16 Matt
5231038,Pragmalux,Pragmalux LED Bandrasterarmatuur 11x150cm opbouw 28W 3400lm 3000K UGR<16 Matt DALI
4231038-18056,Pragmalux,Pragmalux LED Bandrasterarmatuur 11x150cm opbouw 28W 3400lm 3000K UGR<19 Microprisma
4241038-12097,Pragmalux,Pragmalux LED Bandrasterarmatuur 11x150cm opbouw 28W 3450lm 4000K UGR<16 Matt
OM428-30981,Pragmalux,Pragmalux LED Bandrasterarmatuur 11x150cm opbouw 28W 3450lm 4000K UGR<16 Matt
5241038,Pragmalux,Pragmalux LED Bandrasterarmatuur 11x150cm opbouw 28W 3450lm 4000K UGR<16 Matt DALI
5241038-12097,Pragmalux,Pragmalux LED Bandrasterarmatuur 11x150cm opbouw 28W 3450lm 4000K UGR<16 Matt DALI
4131038,Pragmalux,Pragmalux LED Bandrasterarmatuur 11x150cm opbouw 28W 3500lm 3000K UGR<16 Hoogglans
4131038-11393,Pragmalux,Pragmalux LED Bandrasterarmatuur 11x150cm opbouw 28W 3500lm 3000K UGR<16 Hoogglans
5131038,Pragmalux,Pragmalux LED Bandrasterarmatuur 11x150cm opbouw 28W 3500lm 3000K UGR<16 Hoogglans DALI
4141038,Pragmalux,Pragmalux LED Bandrasterarmatuur 11x150cm opbouw 28W 3600lm 4000K UGR<16 Hoogglans
5141038,Pragmalux,Pragmalux LED Bandrasterarmatuur 11x150cm opbouw 28W 3600lm 4000K UGR<16 Hoogglans DALI
13919-55414-1,Pragmalux,Pragmalux LED Bandrasterarmatuur 1200x120mm inleg 28W 3400lm 6500K UGR<19 Microprisma RAL9003 GST18i3
18329-43433-1,Pragmalux,Pragmalux LED Bandrasterarmatuur 1200x120mm Surface Mounted 16W 2500lm 3000K UGR<16 Mirror Matt Ral7016
18271-54534-1,Pragmalux,Pragmalux LED Bandrasterarmatuur 1200x150mm Inbouw 22W 2775lm 4000K UGR<16 Mirror Matt RAL9003 CRI80
22143-42645-3,Pragmalux,Pragmalux LED Bandrasterarmatuur 1200x150mm opbouw 20W 2750lm 3000K OPAAL Push-in incl. trekontlasting RAL9003
18530-08858-3,Pragmalux,Pragmalux LED Bandrasterarmatuur 1200x330m Recessed 30W 3600lm 4000K LEDIL White Mat (one row 1120mm)
5310027-3036911,Pragmalux,Pragmalux LED Bandrasterarmatuur 120x11cm opbouw 21W 2800lm 4000K UGR<16 Spiegel Hoogglans
OMM422-32367,Pragmalux,Pragmalux LED Bandrasterarmatuur 120x11cm opbouw 22W 2775lm 4000K UGR<16 Matt Mirror Ral 9003
5310031-3038229,Pragmalux,Pragmalux LED Bandrasterarmatuur 120x12cm Recessed 24W 3000lm 4000K UGR<22 Opal GST18i3 Ral 9003 Emergency
16732-11764-1,Pragmalux,Pragmalux LED Bandrasterarmatuur 1245x180mm inleg 25W 3325lm 4000K UGR<19 microprismatisch wit RAL9003 GSTi3
18351-55233-1,Pragmalux,Pragmalux LED Bandrasterarmatuur 1246x162mm inbouw 20W 2640lm 4000K UGR<16 Spiegeloptiek matt RAL9003 GST18i3
18530-08858-2,Pragmalux,Pragmalux LED Bandrasterarmatuur 1250x180m Recessed 15W 1800lm 4000K LEDIL White Mat (one row 1120mm)
25819-53427-2,Pragmalux,Pragmalux LED Bandrasterarmatuur 1260x196mm inbouw 22W 2700lm 4000K UGR<19 Microprismalens RAL9003 CRI80 GST18i3 AIRSLOTS
5310010-3034577,Pragmalux,Pragmalux LED Bandrasterarmatuur 1280x185mm inbouw 20W 2500lm 4000K UGR<16 spiegeloptiek matt GST18i3 wit
IM328-28832,Pragmalux,Pragmalux LED Bandrasterarmatuur 12x150cm inbouw 28W 3400lm 3000K UGR<16 Matt
17766-63552-4,Pragmalux,Pragmalux LED Bandrasterarmatuur 1300x147mm inleg 25W (250mA) Philips dipswitch driver - 3000lm 4000K UGR<19 microprismatisch wit RAL9003 + plenumafzuiging special 10x 7mmx90mm | Driver box los + GST1
17766-03773-4,Pragmalux,Pragmalux LED Bandrasterarmatuur 1300x147mm inleg 25W (250mA) Philips dipswitch driver - 3000lm 4000K UGR<19 microprismatisch wit RAL9003 + plenumafzuiging special 10x 7mmx90mm | Driver box los + GST1
17766-63552-5,Pragmalux,Pragmalux LED Bandrasterarmatuur 1350x147mm inleg 25W (250mA) Philips dipswitch driver - 3000lm 4000K UGR<19 microprismatisch wit RAL9003 + plenumafzuiging special 10x 7mmx90mm | Driver box los + GST1
17766-03773-5,Pragmalux,Pragmalux LED Bandrasterarmatuur 1350x147mm inleg 25W (250mA) Philips dipswitch driver - 3000lm 4000K UGR<19 microprismatisch wit RAL9003 + plenumafzuiging special 10x 7mmx90mm | Driver box los + GST1
17699-98496-1,Pragmalux,Pragmalux LED Bandrasterarmatuur 1370x147mm inleg 25W (250mA) Philips dipswitch driver - 3000lm 4000K UGR<19 microprismatisch wit RAL9003 + plenumafzuiging special 10x 7mmx120mm | Driver box los + GST
IMM422-31344,Pragmalux,"Pragmalux LED Bandrasterarmatuur 14,5x120cm Recessed 22W 2775lm 4000K UGR<16 Matt Mirror Ral9010 On/Off GST18i3"
17766-63552-6,Pragmalux,Pragmalux LED Bandrasterarmatuur 1480x147mm inleg 31W (350mA) Philips dipswitch driver - 3720lm 4000K UGR<19 microprismatisch wit RAL9003 + plenumafzuiging special 10x 7mmx90mm | Driver box los + GST1
17766-03773-6,Pragmalux,Pragmalux LED Bandrasterarmatuur 1480x147mm inleg 31W (350mA) Philips dipswitch driver - 3720lm 4000K UGR<19 microprismatisch wit RAL9003 + plenumafzuiging special 10x 7mmx90mm | Driver box los + GST1
18554-55050-1,Pragmalux,Pragmalux LED Bandrasterarmatuur 1480x165mm inbouw 22W 3100lm 4000K UGR<16 Spiegeloptiek Hoogglans GST18i3 RAL9010
17848-08054-1,Pragmalux,Pragmalux LED Bandrasterarmatuur 1490x105mm inbouw 43W 5719lm 4000K UGR<19 Microprisma RAL9003 DALI incl. GST18i5 in/out
18559-51123-1,Pragmalux,Pragmalux LED Bandrasterarmatuur 1494x184mm inbouw 28W 3400lm 4000K UGR<19 Microprismalens RAL9010 CRI80
5310012-3034461,Pragmalux,Pragmalux LED Bandrasterarmatuur 1495x110mm opbouw 28W 3400lm 3000K UGR<16 spiegeloptiek matt wit RAL9010
5310013-3034635,Pragmalux,Pragmalux LED Bandrasterarmatuur 1495x110mm opbouw 28W 3400lm 3000K UGR<16 spiegeloptiek matt wit RAL9010
22143-42645-1,Pragmalux,"Pragmalux LED Bandrasterarmatuur 1495x145mm inbouw 27,5W 3500lm 3000K UGR<16 Spiegel matt GST 18i3 RAL9003 AIR plenum"
5310024-3037429,Pragmalux,Pragmalux LED Bandrasterarmatuur 1495x145mm inbouw 34W 4481lm 4000K UGR<16 spiegeloptiek hoogglans GST18i3 wit RAL9003
17738-53945-1,Pragmalux,Pragmalux LED Bandrasterarmatuur 1495x147mm inleg 25W 3325lm 4000K UGR<19 Microprisma + plenum/ventilatie + GST18i3
17738-53945-2,Pragmalux,Pragmalux LED Bandrasterarmatuur 1495x147mm inleg 28W 3400lm 4000K UGR<19 Microprisma + plenum/ventilatie + GST18i3 + Nood (assemblage bij Distrilight) – autotest
5310018-3034687,Pragmalux,Pragmalux LED Bandrasterarmatuur 1497x185mm inbouw 28W 3640lm 3000K opaal wit RAL9010
5310017-3034687,Pragmalux,Pragmalux LED Bandrasterarmatuur 1497x185mm inbouw 56W 7280lm 3000K opaal wit RAL9010
18351-61734-1,Pragmalux,Pragmalux LED Bandrasterarmatuur 1497x297mm inbouw 25W 3175lm 3000K UGR<16 Mirror Matt RAL9010 GST18i3
18351-56370-1,Pragmalux,Pragmalux LED Bandrasterarmatuur 1497x297mm inbouw 35W 4375lm 3000K UGR<19 Microprisma RAL9003 GST18i3
18351-56370-2,Pragmalux,Pragmalux LED Bandrasterarmatuur 1497x297mm inbouw 35W 4375lm 3000K UGR<19 Microprisma RAL9003 GST18i5 DALI
17848-55829-1,Pragmalux,Pragmalux LED Bandrasterarmatuur 1500x110mm inbouw 25W 3325lm 4000K UGR<19 Microprisma RAL9003 GST18i3
17907-51768,Pragmalux,Pragmalux LED Bandrasterarmatuur 1500x110mm opbouw 28W 3500lm 3000K UGR<16 Mirror Highgloss RAL9003 CRI80
18234-61283-1,Pragmalux,Pragmalux LED Bandrasterarmatuur 1500x115mm inbouw 22W 3300lm 4000K UGR<16 Mirror Highgloss RAL9003 GST18i3
18271-54534-2,Pragmalux,Pragmalux LED Bandrasterarmatuur 1500x150mm Inbouw 28W 3450lm 4000K UGR<16 Mirror Matt RAL9003 CRI80
22143-42645-4,Pragmalux,Pragmalux LED Bandrasterarmatuur 1500x150mm opbouw 25W 3500lm 3000K OPAAL Push-in incl. trekontlasting RAL9003
IM428-34104,Pragmalux,Pragmalux LED Bandrasterarmatuur 1500x150x10 inbouw 28W 3400lm 4000K UGR<19 CRI 80 Microprismatic on/off RAL 9010 GST18i3
18554-55050-1 frame,Pragmalux,Pragmalux LED Bandrasterarmatuur 1500x185mm frame
5310030-3038236,Pragmalux,Pragmalux LED Bandrasterarmatuur 150x11cm Surface Mounted 30W 3500lm 3000K UGR<16 Mirror Matt Schuko 2M Ral 9003
5310009,Pragmalux,Pragmalux LED Bandrasterarmatuur 150x1500mm inbouw 35W 3000K Microprismatisch Incl. GST18
5310004-13995,Pragmalux,Pragmalux LED Bandrasterarmatuur 150x1720mm 32W 4000K Philips Fortimo & Xitanium UGR<19 Microprismatisch Lens Incl. GST18 in chassis
IMM428-30769,Pragmalux,"Pragmalux LED Bandrasterarmatuur 150x18,5cm inbouw 28W 3450lm 4000K UGR<16 Mirror Matt incl. GST18i3"
5310033-3037776,Pragmalux,"Pragmalux LED Bandrasterarmatuur 150x18,5cm inbouw 28W 3450lm 4000K UGR<19 Microprismatic incl. GST18i3 + splitter met trekontlasting + AIR slots"
5310028-3037724,Pragmalux,Pragmalux LED Bandrasterarmatuur 150x30cm Inleg 45W 6000lm 3000K UGR<19 Mirror Matt GST18i3 Ral 9003
M3I315-38228,Pragmalux,Pragmalux LED Bandrasterarmatuur 150x30cm Inleg 46W 6000lm 3000K UGR<19 Microprisma GST18i3 Ral 9003
17699-98496-2,Pragmalux,Pragmalux LED Bandrasterarmatuur 1520x147mm inleg 31W (250mA) Philips dipswitch driver - 3720lm 4000K UGR<19 microprismatisch wit RAL9003 + plenumafzuiging special 10x 7mmx120mm | Driver box los + GST
17766-92843-12,Pragmalux,Pragmalux LED Bandrasterarmatuur 1525x147mm inleg 31W (350mA) Philips dipswitch driver - 3720lm 4000K UGR<19 microprismatisch+ opal film special lens wit RAL9003 + plenumafzuiging special 10x 7mmx90mm
5310029-3037822,Pragmalux,Pragmalux LED Bandrasterarmatuur 153x18cm Recessed 28W 3540lm 4000K UGR<16 Mirror Matt Schuko Ral 9003
17766-92843-11,Pragmalux,Pragmalux LED Bandrasterarmatuur 1545x147mm inleg 31W (350mA) Philips dipswitch driver - 3720lm 4000K UGR<19 microprismatisch+ opal film special lens wit RAL9003 + plenumafzuiging special 10x 7mmx90mm
17766-03773-22,Pragmalux,Pragmalux LED Bandrasterarmatuur 1545x147mm inleg 31W (350mA) Philips dipswitch driver - 3720lm 4000K UGR<19 microprismatisch+ opal film special lens wit RAL9003 + plenumafzuiging special 10x 7mmx90mm
15703-10667-1,Pragmalux,Pragmalux LED Bandrasterarmatuur 1545x165mm 31W 3720lm 3000K Microprismatic CRI80 Aan-Uit Wit Plenum Eurostekker 2m
17766-63552-7,Pragmalux,Pragmalux LED Bandrasterarmatuur 1550x147mm inleg 31W (350mA) Philips dipswitch driver - 3720lm 4000K UGR<19 microprismatisch wit RAL9003 + plenumafzuiging special 10x 7mmx90mm | Driver box los + GST1
17766-03773-7,Pragmalux,Pragmalux LED Bandrasterarmatuur 1550x147mm inleg 31W (350mA) Philips dipswitch driver - 3720lm 4000K UGR<19 microprismatisch wit RAL9003 + plenumafzuiging special 10x 7mmx90mm | Driver box los + GST1
25826-53474-1,Pragmalux,Pragmalux LED Bandrasterarmatuur 1550x180mm Inbouw 28W 3250lm 3000K UGR<19 Microprisma RAL9003 CRI80
18530-08858-1,Pragmalux,Pragmalux LED Bandrasterarmatuur 1550x330m Recessed 40W 5400lm 4000K LEDIL White Mat (two rows 1120mm)
5310015-3034632,Pragmalux,Pragmalux LED Bandrasterarmatuur 1555x185mm inbouw 28W 3450lm 4000K UGR<19 microprisma wit RAL9010
25819-53427-1,Pragmalux,Pragmalux LED Bandrasterarmatuur 1558x196mm inbouw 30W 3450lm 4000K UGR<19 Microprismalens RAL9003 CRI80 GST18i3 AIRSLOTS
16732-11764-2,Pragmalux,Pragmalux LED Bandrasterarmatuur 1560x185mm inleg 31W 4123lm 4000K UGR<19 microprismatisch wit RAL9003 GST18i3
17766-63552-1,Pragmalux,Pragmalux LED Bandrasterarmatuur 1565x147mm inleg 31W (250mA) Philips dipswitch driver - 3720lm 4000K UGR<19 microprismatisch+ opal film special lens wit RAL9003 + plenumafzuiging special 10x 7mmx90mm
IM326-33309,Pragmalux,Pragmalux LED Bandrasterarmatuur 157x15x10cm inbouw 26W 3000lm 3000K UGR<19 CRI 80 Microprisma on/off RAL 9003 GST18i3
5310032-3038769,Pragmalux,Pragmalux LED Bandrasterarmatuur 157x15x10cm inbouw 26W 3000lm 3000K UGR<19 CRI 80 Microprisma on/off RAL 9003 GST18i3
17766-63552-8,Pragmalux,Pragmalux LED Bandrasterarmatuur 1580x147mm inleg 31W (350mA) Philips dipswitch driver - 3720lm 4000K UGR<19 microprismatisch wit RAL9003 + plenumafzuiging special 10x 7mmx90mm | Driver box los + GST1
17766-03773-8,Pragmalux,Pragmalux LED Bandrasterarmatuur 1580x147mm inleg 31W (350mA) Philips dipswitch driver - 3720lm 4000K UGR<19 microprismatisch wit RAL9003 + plenumafzuiging special 10x 7mmx90mm | Driver box los + GST1
17766-03773-23,Pragmalux,Pragmalux LED Bandrasterarmatuur 1580x147mm inleg 31W (350mA) Philips dipswitch driver - 3720lm 4000K UGR<19 microprismatisch wit RAL9003 + plenumafzuiging special 10x 7mmx90mm | Driver box los + GST1
5310009-3034577,Pragmalux,Pragmalux LED Bandrasterarmatuur 1580x185mm inbouw 32W 4000lm 4000K UGR<16 spiegeloptiek matt GST18i3 wit
5310021-3036631,Pragmalux,"Pragmalux LED Bandrasterarmatuur 158x15cm inbouw 830, wit. Philips Xitanium driver + Philips Fortimo chips. (1x58w TL-D T8 vervanger) gst18i3 in chassis incl. plenumafzuiging. Microprismatische lens."
5310022-3036635,Pragmalux,"Pragmalux LED Bandrasterarmatuur 158x19,5 OPBOUW hart invoer, 830, wit. Philips Xitanium driver + Philips Fortimo chips. (1x58w TL-D T8 vervanger)"
4231030,Pragmalux,Pragmalux LED Bandrasterarmatuur 15x120cm inbouw 22W 2700lm 3000K UGR<16 Matt
5231030,Pragmalux,Pragmalux LED Bandrasterarmatuur 15x120cm inbouw 22W 2700lm 3000K UGR<16 Matt DALI
4131030,Pragmalux,Pragmalux LED Bandrasterarmatuur 15x120cm inbouw 22W 2775lm 3000K UGR<16 Hoogglans
5131030,Pragmalux,Pragmalux LED Bandrasterarmatuur 15x120cm inbouw 22W 2775lm 3000K UGR<16 Hoogglans DALI
4241030,Pragmalux,Pragmalux LED Bandrasterarmatuur 15x120cm inbouw 22W 2775lm 4000K UGR<16 Matt
5241030,Pragmalux,Pragmalux LED Bandrasterarmatuur 15x120cm inbouw 22W 2775lm 4000K UGR<16 Matt DALI
4141030,Pragmalux,Pragmalux LED Bandrasterarmatuur 15x120cm inbouw 22W 2900lm 4000K UGR<16 Hoogglans
5141030,Pragmalux,Pragmalux LED Bandrasterarmatuur 15x120cm inbouw 22W 2900lm 4000K UGR<16 Hoogglans DALI
5310023-3035618,Pragmalux,"Pragmalux LED Bandrasterarmatuur 15x150cm inbouw 27W 3100lm 3000K UGR<19 Microprismalens DALI RAL9010 CRI80 geen Wieland, 5P BJB met trekontlasting"
24778-51074-1,Pragmalux,"Pragmalux LED Bandrasterarmatuur 15x150cm inbouw 27W 3100lm 3000K UGR<19 Microprismalens DALI RAL9010 CRI80 geen Wieland, 5P BJB met trekontlasting"
4231036,Pragmalux,Pragmalux LED Bandrasterarmatuur 15x150cm inbouw 28W 3400lm 3000K UGR<16 Matt
5231036,Pragmalux,Pragmalux LED Bandrasterarmatuur 15x150cm inbouw 28W 3400lm 3000K UGR<16 Matt DALI
4241036,Pragmalux,Pragmalux LED Bandrasterarmatuur 15x150cm inbouw 28W 3450lm 4000K UGR<16 Matt
5241036,Pragmalux,Pragmalux LED Bandrasterarmatuur 15x150cm inbouw 28W 3450lm 4000K UGR<16 Matt DALI
4131036,Pragmalux,Pragmalux LED Bandrasterarmatuur 15x150cm inbouw 28W 3500lm 3000K UGR<16 Hoogglans
5131036,Pragmalux,Pragmalux LED Bandrasterarmatuur 15x150cm inbouw 28W 3500lm 3000K UGR<16 Hoogglans DALI
4141036,Pragmalux,Pragmalux LED Bandrasterarmatuur 15x150cm inbouw 28W 3600lm 4000K UGR<16 Hoogglans
IHR328-26908,Pragmalux,Pragmalux LED Bandrasterarmatuur 15x150cm inbouw 28W 3600lm 4000K UGR<16 Hoogglans
5141036,Pragmalux,Pragmalux LED Bandrasterarmatuur 15x150cm inbouw 28W 3600lm 4000K UGR<16 Hoogglans DALI
4241036-23118,Pragmalux,Pragmalux LED Bandrasterarmatuur 15x150cm Recessed 28W 3450lm 4000K UGR<16 Matt incl. GST
4141036-22413,Pragmalux,Pragmalux LED Bandrasterarmatuur 15x150cm Recessed 28W 3600lm 4000K UGR<16 Matt incl. GST
5310007-3034577,Pragmalux,Pragmalux LED Bandrasterarmatuur 1615x185mm inbouw 32W 4000lm 4000K UGR<16 spiegeloptiek matt GST18i3 wit
17766-63552-2,Pragmalux,Pragmalux LED Bandrasterarmatuur 1625x147mm inleg 31W (250mA) Philips dipswitch driver - 3720lm 4000K UGR<19 microprismatisch+ opal film special lens wit RAL9003 + plenumafzuiging special 10x 7mmx90mm
17766-63552-9,Pragmalux,Pragmalux LED Bandrasterarmatuur 1630x147mm inleg 31W (350mA) Philips dipswitch driver - 3720lm 4000K UGR<19 microprismatisch wit RAL9003 + plenumafzuiging special 10x 7mmx90mm | Driver box los + GST1
17766-03773-9,Pragmalux,Pragmalux LED Bandrasterarmatuur 1630x147mm inleg 31W (350mA) Philips dipswitch driver - 3720lm 4000K UGR<19 microprismatisch wit RAL9003 + plenumafzuiging special 10x 7mmx90mm | Driver box los + GST1
17766-03773-24,Pragmalux,Pragmalux LED Bandrasterarmatuur 1660x147mm inleg 31W (250mA) Philips dipswitch driver - 3720lm 4000K UGR<19 microprismatisch wit RAL9003 + plenumafzuiging special 10x 7mmx90mm | Driver box los + GST
17766-63552-3,Pragmalux,Pragmalux LED Bandrasterarmatuur 1685x147mm inleg 31W (250mA) Philips dipswitch driver - 3720lm 4000K UGR<19 microprismatisch+ opal film special lens wit RAL9003 + plenumafzuiging special 10x 7mmx90mm
17699-10321-1,Pragmalux,Pragmalux LED Bandrasterarmatuur 16x155cm inbouw 25W 3300lm 3000K UGR<16 Mat inclusief 2M Schukosnoer
17766-03773-25,Pragmalux,Pragmalux LED Bandrasterarmatuur 1700x147mm inleg 31W (250mA) Philips dipswitch driver - 3720lm 4000K UGR<19 microprismatisch wit RAL9003 + plenumafzuiging special 10x 7mmx120mm | Driver box los + GST
17766-99401-1,Pragmalux,Pragmalux LED Bandrasterarmatuur 1720x115mm inleg 31W (250mA) Philips dipswitch driver - 3720lm 4000K UGR<19 microprismatisch wit RAL9003 + plenumafzuiging special 10x 7mmx120mm | Driver box los + GST
1050874,Pragmalux,Pragmalux LED Bandrasterarmatuur 1720x147 inbouw 38W 5650-5900lm 2-CCT 3000-4000K UGR<19 Micro + Plenum excl. led driver
17766-62702,Pragmalux,Pragmalux LED Bandrasterarmatuur 1720x147mm inleg 21W (250mA) Philips dipswitch driver - 2770lm 4000K UGR<19 microprismatisch+ opal film special lens wit RAL9003 + plenumafzuiging special 10x 7mmx90mm
17766-92843-10,Pragmalux,Pragmalux LED Bandrasterarmatuur 1720x147mm inleg 31W (250mA) Philips dipswitch driver - 3720lm 4000K UGR<19 microprismatisch wit RAL9003 + plenumafzuiging special 10x 7mmx90mm | Driver box los + GST
17766-63552-10,Pragmalux,Pragmalux LED Bandrasterarmatuur 1720x147mm inleg 31W (350mA) Philips dipswitch driver - 3720lm 4000K UGR<19 microprismatisch wit RAL9003 + plenumafzuiging special 10x 7mmx90mm | Driver box los + GST1
17766-03773-10,Pragmalux,Pragmalux LED Bandrasterarmatuur 1720x147mm inleg 31W (350mA) Philips dipswitch driver - 3720lm 4000K UGR<19 microprismatisch wit RAL9003 + plenumafzuiging special 10x 7mmx90mm | Driver box los + GST1
28256-03826-1,Pragmalux,Pragmalux LED Bandrasterarmatuur 1720x185mm inleg 31W (250mA) Philips dipswitch driver - 3720lm 3000K UGR<19 microprismatisch wit RAL9003 + GST18i3 in chassis
5310025-3036699,Pragmalux,Pragmalux LED Bandrasterarmatuur 1740x180mm inbouw 34W 4481lm 4000K UGR<16 Matt GST18i3
5310006-3034577,Pragmalux,Pragmalux LED Bandrasterarmatuur 1745x185mm inbouw 32W 4000lm 4000K UGR<16 spiegeloptiek matt GST18i3 wit
15176-54819-1,Pragmalux,Pragmalux LED Bandrasterarmatuur 180x1260mm inbouw 18w 2200lm 3000k CRI80 Matt Dali-2 3P + kabels voor BST14i2 Ral 9010
15176-54819-2,Pragmalux,Pragmalux LED Bandrasterarmatuur 180x1560mm inbouw 33w 4200lm 3000k CRI80 Matt Dali-2 3P + kabels voor BST14i2 Ral 9010
15716-54819-1,Pragmalux,Pragmalux LED Bandrasterarmatuur 180x1560mm inbouw 58w 4200lm 3000k CRI80 Matt Dali-2 3P + kabels voor BST14i2 Ral 9010
17766-63552-11,Pragmalux,Pragmalux LED Bandrasterarmatuur 1810x147mm inleg 31W (350mA) Philips dipswitch driver - 3720lm 4000K UGR<19 microprismatisch wit RAL9003 + plenumafzuiging special 10x 7mmx90mm | Driver box los + GST1
17766-03773-11,Pragmalux,Pragmalux LED Bandrasterarmatuur 1810x147mm inleg 31W (350mA) Philips dipswitch driver - 3720lm 4000K UGR<19 microprismatisch wit RAL9003 + plenumafzuiging special 10x 7mmx90mm | Driver box los + GST1
17766-03773-26,Pragmalux,Pragmalux LED Bandrasterarmatuur 1810x147mm inleg 31W (350mA) Philips dipswitch driver - 3720lm 4000K UGR<19 microprismatisch wit RAL9003 + plenumafzuiging special 10x 7mmx90mm | Driver box los + GST1
17766-63552-12,Pragmalux,Pragmalux LED Bandrasterarmatuur 1820x147mm inleg 31W (350mA) Philips dipswitch driver - 3720lm 4000K UGR<19 microprismatisch wit RAL9003 + plenumafzuiging special 10x 7mmx90mm | Driver box los + GST1
17766-03773-12,Pragmalux,Pragmalux LED Bandrasterarmatuur 1820x147mm inleg 31W (350mA) Philips dipswitch driver - 3720lm 4000K UGR<19 microprismatisch wit RAL9003 + plenumafzuiging special 10x 7mmx90mm | Driver box los + GST1
5310005-3034577,Pragmalux,Pragmalux LED Bandrasterarmatuur 1840x185mm inbouw 32W 4000lm 4000K UGR<16 spiegeloptiek matt GST18i3 wit
17714-07292-2,Pragmalux,Pragmalux LED Bandrasterarmatuur 185x1250mm Inbouw 18W 2200lm 3000K UGR<16 Ledil wit (white) mat GST18i3
17714-07292-1,Pragmalux,Pragmalux LED Bandrasterarmatuur 185x1250mm Inbouw 18W 2200lm 3000K UGR<16 Ledil wit (white) mat GST18i5 Dali
4231036-10903-2,Pragmalux,Pragmalux LED Bandrasterarmatuur 185x1260mm Inbouw 28W 3400lm 3000K UGR<16 Matt
IMM358-28486,Pragmalux,Pragmalux LED Bandrasterarmatuur 185x1540mm inbouw 36w 4200lm 3000k CRI80 Matt Dali GST18i3 Ral 9010
17714-07292-3,Pragmalux,Pragmalux LED Bandrasterarmatuur 185x1550mm Inbouw 26W 3300lm 3000K UGR<16 Ledil wit (white) mat GST18i5 Dali
4231030-10903-1,Pragmalux,Pragmalux LED Bandrasterarmatuur 185x1560mm inbouw 22W 2700lm 3000K UGR<16 Matt
5310033-3039122,Pragmalux,Pragmalux LED Bandrasterarmatuur 185x1720mm 31W 4123lm 4000K UGR<19 Microprismatisch Lens Philips Fortimo & Xitanium Incl. GST18i3 in chassis
26402-62084-1,Pragmalux,Pragmalux LED Bandrasterarmatuur 18x125Cm recessed 29W 3700lm 3000K UGR<16 matt
17766-03773-27,Pragmalux,Pragmalux LED Bandrasterarmatuur 1950x147mm inleg 31W (250mA) Philips dipswitch driver - 3720lm 4000K UGR<19 microprismatisch wit RAL9003 + plenumafzuiging special 10x 7mmx120mm | Driver box los + GST
17766-63552-13,Pragmalux,Pragmalux LED Bandrasterarmatuur 2060x147mm inleg 31W (350mA) Philips dipswitch driver - 3720lm 4000K UGR<19 microprismatisch wit RAL9003 + plenumafzuiging special 10x 7mmx90mm | Driver box los + GST1
17766-63552-14,Pragmalux,Pragmalux LED Bandrasterarmatuur 2060x147mm inleg 31W (350mA) Philips dipswitch driver - 3720lm 4000K UGR<19 microprismatisch wit RAL9003 + plenumafzuiging special 10x 7mmx90mm | Driver box los + GST1
17766-03773-13,Pragmalux,Pragmalux LED Bandrasterarmatuur 2060x147mm inleg 31W (350mA) Philips dipswitch driver - 3720lm 4000K UGR<19 microprismatisch wit RAL9003 + plenumafzuiging special 10x 7mmx90mm | Driver box los + GST1
17766-03773-14,Pragmalux,Pragmalux LED Bandrasterarmatuur 2080x147mm inleg 31W (350mA) Philips dipswitch driver - 3720lm 4000K UGR<19 microprismatisch wit RAL9003 + plenumafzuiging special 10x 7mmx90mm | Driver box los + GST1
17766-63552-15,Pragmalux,Pragmalux LED Bandrasterarmatuur 2350x147mm inleg 31W (350mA) Philips dipswitch driver - 3720lm 4000K UGR<19 microprismatisch wit RAL9003 + plenumafzuiging special 10x 7mmx90mm | Driver box los + GST1
17766-03773-15,Pragmalux,Pragmalux LED Bandrasterarmatuur 2350x147mm inleg 31W (350mA) Philips dipswitch driver - 3720lm 4000K UGR<19 microprismatisch wit RAL9003 + plenumafzuiging special 10x 7mmx90mm | Driver box los + GST1
5310007,Pragmalux,Pragmalux LED Bandrasterarmatuur 235x1260mm inbouw 35W 4000K Microprismatisch Incl. GST18
5310006,Pragmalux,Pragmalux LED Bandrasterarmatuur 235x1560mm inbouw 35W 4000K Microprismatisch Incl. GST18
5310005,Pragmalux,Pragmalux LED Bandrasterarmatuur 25x156cm inbouw 35W 4000K UGR<16 Microprismatisch Incl. GST18
IMM428-31354,Pragmalux,Pragmalux LED Bandrasterarmatuur 30x150cm Recessed 28W 3450lm 4000K UGR<16 Matt Mirror Ral9010 On/Off GST18i3
IMHG440-33750,Pragmalux,Pragmalux LED Bandrasterarmatuur 30x150cm Recessed 40W 5200lm 4000K UGR<16 Mirror High Gloss
17766-03773-1,Pragmalux,Pragmalux LED Bandrasterarmatuur 610x147mm inleg 15W Philips dipswitch driver - 1764lm 4000K UGR<19 microprismatisch wit RAL9003 + plenumafzuiging special 10x 7mmx90mm | Driver box los + GST18i3
5310008-3034577,Pragmalux,Pragmalux LED Bandrasterarmatuur 645x185mm inbouw 10W 1250lm 4000K UGR<16 spiegeloptiek matt GST18i3 wit
17766-03773-2,Pragmalux,Pragmalux LED Bandrasterarmatuur 660x147mm inleg 15W Philips dipswitch driver - 1764lm 4000K UGR<19 microprismatisch wit RAL9003 + plenumafzuiging special 10x 7mmx90mm | Driver box los + GST18i3
17766-03773-20,Pragmalux,Pragmalux LED Bandrasterarmatuur 770x147mm inleg 14.7W  Philips dipswitch driver - 1764lm 4000K UGR<19 microprismatisch wit RAL9003 + plenumafzuiging special 10x 7mmx90mm | Driver box los + GST18i3
2029842,Pragmalux,Pragmalux LED Bandrasterarmatuur Flexcore IP44 1720x145mm 36W 4850-5100lm 3000K-3500K-4000K 3-CCT CRI>90 UGR<19 wit RAL9003 excl. driver
2039377-PH-S2M,Pragmalux,Pragmalux LED Bandrasterarmatuur Flexcore Microprisma 185x1242mm 26-36W 3600-4800lm 3000K-3500K-4000K 3CCT CRI>90 UGR<19 wit RAL9003 + Philips driver + 2M Schuko aansluitsnoer
2039377,Pragmalux,Pragmalux LED Bandrasterarmatuur Flexcore Microprisma 185x1242mm 26-36W 3600-4800lm 3000K-3500K-4000K 3CCT CRI>90 UGR<19 wit RAL9003 excl. Driver
2039353-PH-S2M,Pragmalux,Pragmalux LED Bandrasterarmatuur Flexcore Microprisma 185x1542mm 26-36W 3600-4800lm 3000K-3500K-4000K 3CCT CRI>90 UGR<19 wit RAL9003 + Philips driver + 2M Schuko aansluitsnoer
2039353,Pragmalux,Pragmalux LED Bandrasterarmatuur Flexcore Microprisma 185x1542mm 26-36W 3600-4800lm 3000K-3500K-4000K 3CCT CRI>90 UGR<19 wit RAL9003 excl. Driver
27028-43149-1,Pragmalux,Pragmalux LED Bandrasterarmatuur inbouw 1195x145mm 20W 2660lm Microprismatisch UGR<19 4000K CRI80 RAL 9003 Incl. GST18i3
18329-46921-1,Pragmalux,Pragmalux LED Bandrasterarmatuur inbouw 1200x150mm 15W 2200lm Spiegel Hoogglans UGR<16 3000K CRI80 RAL 9003
17696-51091-1,Pragmalux,"Pragmalux LED Bandrasterarmatuur Inbouw 149,5x29,5x110mm 46W 6600lm Microprisma UGR<19 4000K CRI80 RAL 9003 + GST18i3"
27028-43149-2,Pragmalux,Pragmalux LED Bandrasterarmatuur inbouw 1495x145mm 28W 3724lm Microprismatisch UGR<19 4000K CRI80 RAL 9003 Incl. GST18i3
27028-47234-1,Pragmalux,Pragmalux LED Bandrasterarmatuur inbouw 1496x295mm 43W 6600lm Microprisma UGR<19 4000K CRI80 GST18i3 in chassis RAL 9003
15782-49800-1,Pragmalux,Pragmalux LED Bandrasterarmatuur Inbouw 1500x147x120mm 22W 3300lm Mirror High Gloss UGR<16 4000K CRI80 RAL 9003 + GST18i3 + AIR Slots
15458-48479-2,Pragmalux,Pragmalux LED Bandrasterarmatuur inbouw 1520x285x80mm 45W 6000lm microprisma UGR<19 3000K CRI80 RAL 9003
15458-48479-1,Pragmalux,Pragmalux LED Bandrasterarmatuur inbouw 1520x285x80mm 46W 6000lm microprisma UGR<19 4000K CRI80 RAL 9003
15946-47993-1,Pragmalux,Pragmalux LED Bandrasterarmatuur Inbouw 1560x145x110mm 22W 3300lm Mirror High Gloss UGR<16 4000K CRI80 RAL 9003 + Schuko 2m
16651-42406-1,Pragmalux,Pragmalux LED Bandrasterarmatuur inleg 1545x194mm 26W 3200lm Spiegel Matt UGR<16 4000K CRI80 DALI-2 AIR Plenumafzuiging GST18i3 in chassis RAL 9003
4231036-18604,Pragmalux,Pragmalux LED Bandrasterarmatuur Opbouw 150x1500x95mm 28W 3400lm 3000K UGR<16 matt
18516-45715,Pragmalux,Pragmalux LED Bandrasterarmatuur opbouw 1600x170x110mm 28W 3400lm microprisma UGR<16 3000K CRI80 RAL 9003
2019669,Pragmalux,Pragmalux LED Bandrasterarmatuur Optic hoogglans reflector 110x1482mm 36W 4400-4800lm 3000K-3500K-4000K 3CCT CRI>90 UGR<16 wit RAL9003 excl. driver + plenum
H2011595-PH-S2M,Pragmalux,Pragmalux LED Bandrasterarmatuur Optic hoogglans reflector 145x1720mm 26-36W 3600-4800lm 3000K-3500K-4000K 3CCT CRI>90 UGR<16 wit RAL9003 + Philips driver + plenum + Schuko 2M
2031166-PH-ST3,Pragmalux,Pragmalux LED Bandrasterarmatuur Optic hoogglans reflector 165x1196mm 26-36W 3600-4800lm 3000K-3500K-4000K 3CCT CRI>90 UGR<16 wit RAL9003 + Philips driver & 3P Aansluitsnoer B2ca
2031166,Pragmalux,Pragmalux LED Bandrasterarmatuur Optic hoogglans reflector 165x1196mm 26-36W 3600-4800lm 3000K-3500K-4000K 3CCT CRI>90 UGR<16 wit RAL9003 excl. driver
2031180-PH-ST3,Pragmalux,Pragmalux LED Bandrasterarmatuur Optic hoogglans reflector 165x1497mm 26-36W 3600-4800lm 3000K-3500K-4000K 3CCT CRI>90 UGR<16 wit RAL9003 + Philips driver & 3P Aansluitsnoer B2ca
2031180,Pragmalux,Pragmalux LED Bandrasterarmatuur Optic hoogglans reflector 165x1497mm 26-36W 3600-4800lm 3000K-3500K-4000K 3CCT CRI>90 UGR<16 wit RAL9003 excl. driver
H2011595,Pragmalux,Pragmalux LED Bandrasterarmatuur Optic hoogglans reflector 185x1542mm 26-36W 3600-4800lm 3000K-3500K-4000K 3CCT CRI>90 UGR<16 wit RAL9003 excl. driver + plenum
2029484-PH,Pragmalux,Pragmalux LED Bandrasterarmatuur Optic matte reflector 115x1495mm 26-36W 3600-4800lm 3000K-3500K-4000K 3CCT CRI>90 UGR<16 wit RAL9003 + Philips driver + plenum
2029484,Pragmalux,Pragmalux LED Bandrasterarmatuur Optic matte reflector 115x1495mm 26-36W 3600-4800lm 3000K-3500K-4000K 3CCT CRI>90 UGR<16 wit RAL9003 excl. Philips driver + plenum
2033214,Pragmalux,Pragmalux LED Bandrasterarmatuur Optic matte reflector 147x1570mm 26-36W 3550-4750lm 3000K-3500K-4000K 3CCT CRI>90 UGR<16 wit RAL9003 excl.driver + plenum
2031883,Pragmalux,Pragmalux LED Bandrasterarmatuur Optic matte reflector 180x1555mm 26-36W 3550-4750lm 3000K-3500K-4000K 3CCT CRI>90 UGR<16 wit RAL9003  excl. driver + plenum
2031883-PH,Pragmalux,Pragmalux LED Bandrasterarmatuur Optic matte reflector 180x1555mm 26-36W 3550-4750lm 3000K-3500K-4000K 3CCT CRI>90 UGR<16 wit RAL9003 + Philips driver + plenum
2030954-DA,Pragmalux,Pragmalux LED Bandrasterarmatuur Optic matte reflector 195x1545mm 36W 4350-4750lm 3000K-3500K-4000K 3CCT CRI>90 UGR<16 wit RAL9003 + Philips DALI driver + plenum
2030954-PH,Pragmalux,Pragmalux LED Bandrasterarmatuur Optic matte reflector 195x1545mm 36W 4350-4750lm 3000K-3500K-4000K 3CCT CRI>90 UGR<16 wit RAL9003 + Philips driver + plenum
2030954,Pragmalux,Pragmalux LED Bandrasterarmatuur Optic matte reflector 195x1545mm 36W 4350-4750lm 3000K-3500K-4000K 3CCT CRI>90 UGR<16 wit RAL9003 excl.driver + plenum
2030961-PH,Pragmalux,Pragmalux LED Bandrasterarmatuur Optic matte reflector 195x1545mm 36W 4350-4750lm 3000K-3500K-4000K 3CCT CRI>90 UGR<16 Zwart RAL9005 + Philips driver + plenum
2030961,Pragmalux,Pragmalux LED Bandrasterarmatuur Optic matte reflector 195x1545mm 36W 4350-4750lm 3000K-3500K-4000K 3CCT CRI>90 UGR<16 Zwart RAL9005 excl.driver + plenum
2030978-DA,Pragmalux,Pragmalux LED Bandrasterarmatuur Optic matte reflector 195x1545mm 36W 4350-4750lm 6500K CRI>90 UGR<16 wit RAL9003 + Philips DALI driver + plenum
2030978-PH,Pragmalux,Pragmalux LED Bandrasterarmatuur Optic matte reflector 195x1545mm 36W 4350-4750lm 6500K CRI>90 UGR<16 wit RAL9003 + Philips driver + plenum
2030978,Pragmalux,Pragmalux LED Bandrasterarmatuur Optic matte reflector 195x1545mm 36W 4350-4750lm 6500K CRI>90 UGR<16 wit RAL9003 excl.driver + plenum
1001067,Pragmalux,Pragmalux LED Bulkhead Venus G2 Ø300 Halve Maan Ring Grijs RAL7016
3501333,Pragmalux,Pragmalux LED Downlight 3-Fase Mado Darklight 12W 3000k
3501342,Pragmalux,Pragmalux LED Downlight 3-Fase Mado Darklight 12W 4000K
3501353,Pragmalux,Pragmalux LED Downlight 3-Fase Mado Darklight 25W 3000K
3501365,Pragmalux,Pragmalux LED Downlight 3-Fase Mado Darklight 25W 4000K
3501334,Pragmalux,Pragmalux LED Downlight 3-Fase Mado Mat 12W 3000K
3501343,Pragmalux,Pragmalux LED Downlight 3-Fase Mado Mat 12W 4000K
3501354,Pragmalux,Pragmalux LED Downlight 3-Fase Mado Mat 25W 3000K
3501366,Pragmalux,Pragmalux LED Downlight 3-Fase Mado Mat 25W 4000K
3501494,Pragmalux,Pragmalux LED Downlight Aqua IP65 Hoogglans 12W 3000K 1590lm Ø202 Buitenmaat - Gatmaat Ø180
3501495,Pragmalux,Pragmalux LED Downlight Aqua IP65 Hoogglans 12W 4000K 1630lm Ø202 Buitenmaat - Gatmaat Ø180
3501496,Pragmalux,Pragmalux LED Downlight Aqua IP65 Hoogglans 17W 3000K 2160lm Ø202 Buitenmaat - Gatmaat Ø180
3501497,Pragmalux,Pragmalux LED Downlight Aqua IP65 Hoogglans 17W 4000K 2220lm Ø202 Buitenmaat - Gatmaat Ø180
3501498,Pragmalux,Pragmalux LED Downlight Aqua IP65 Hoogglans 25W 3000K 2870lm Ø202 Buitenmaat - Gatmaat Ø180
3501499,Pragmalux,Pragmalux LED Downlight Aqua IP65 Hoogglans 25W 4000K 2975lm Ø202 Buitenmaat - Gatmaat Ø180
3501737,Pragmalux,Pragmalux LED Downlight Holon 200 12W 3000k NOT PAINTED BRUT ALUMINIUM
3501469,Pragmalux,Pragmalux LED Downlight Lono 260 Facet IP40 18W 3000K 2460lm Ø260 Buitenmaat - Gatmaat Ø237 UGR<16
3501470,Pragmalux,Pragmalux LED Downlight Lono 260 Facet IP40 18W 4000K 2580lm Ø260 Buitenmaat - Gatmaat Ø237 UGR<16
3501471,Pragmalux,Pragmalux LED Downlight Lono 260 Facet IP40 25W 3000K 3355lm Ø260 Buitenmaat - Gatmaat Ø237 UGR<16
3501472,Pragmalux,Pragmalux LED Downlight Lono 260 Facet IP40 25W 4000K 3525lm Ø260 Buitenmaat - Gatmaat Ø237 UGR<16
3501473,Pragmalux,Pragmalux LED Downlight Lono 260 Facet IP40 33W 3000K 4200lm Ø260 Buitenmaat - Gatmaat Ø237 UGR<16
3501474,Pragmalux,Pragmalux LED Downlight Lono 260 Facet IP40 33W 4000K 4410lm Ø260 Buitenmaat - Gatmaat Ø237 UGR<16
3501475,Pragmalux,Pragmalux LED Downlight Lono 260 Facet IP40 39W 3000K 4830lm Ø260 Buitenmaat - Gatmaat Ø237 UGR<16
3501476,Pragmalux,Pragmalux LED Downlight Lono 260 Facet IP40 39W 4000K 4990lm Ø260 Buitenmaat - Gatmaat Ø237 UGR<16
3501732,Pragmalux,Pragmalux LED Downlight Lono 260 Facet IP40 39W 4000K 4990lm Ø260 Buitenmaat - Gatmaat Ø237 UGR<16 - DALI
3501735,Pragmalux,Pragmalux LED Downlight Lono 260 IP40 69W 3000K 6845lm Ø260 Buitenmaat - Gatmaat Ø237 UGR<16 - DALI
3501225,Pragmalux,Pragmalux LED Downlight Mado 120 Darklight 13W 3000K 1545lm Ø120 Buitenmaat - Gatmaat Ø110 UGR<17
3501226,Pragmalux,Pragmalux LED Downlight Mado 120 Darklight 13W 4000K 1620lm Ø120 Buitenmaat - Gatmaat Ø110 UGR<17
3501227,Pragmalux,Pragmalux LED Downlight Mado 120 Darklight 19W 3000K 2040lm Ø120 Buitenmaat - Gatmaat Ø110 UGR<17
3501228,Pragmalux,Pragmalux LED Downlight Mado 120 Darklight 19W 4000K 2395lm Ø120 Buitenmaat - Gatmaat Ø110 UGR<17
3501229,Pragmalux,Pragmalux LED Downlight Mado 120 Darklight 28W 4000K 2680lm Ø120 Buitenmaat - Gatmaat Ø110 UGR<17
3501484,Pragmalux,Pragmalux LED Downlight Mado 120 Hoogglans 13W 3000K 1465lm Ø120 Buitenmaat - Gatmaat Ø110 UGR<18
3501485,Pragmalux,Pragmalux LED Downlight Mado 120 Hoogglans 13W 4000K 1540lm Ø120 Buitenmaat - Gatmaat Ø110 UGR<18
3501486,Pragmalux,Pragmalux LED Downlight Mado 120 Hoogglans 19W 3000K 2005lm Ø120 Buitenmaat - Gatmaat Ø110 UGR<18
3501487,Pragmalux,Pragmalux LED Downlight Mado 120 Hoogglans 19W 4000K 2100lm Ø120 Buitenmaat - Gatmaat Ø110 UGR<18
3501488,Pragmalux,Pragmalux LED Downlight Mado 120 Hoogglans 28W 3000K 2610lm Ø120 Buitenmaat - Gatmaat Ø110 UGR<18
3501489,Pragmalux,Pragmalux LED Downlight Mado 120 Hoogglans 28W 4000K 2745lm Ø120 Buitenmaat - Gatmaat Ø110 UGR<18
3501480,Pragmalux,Pragmalux LED Downlight Mado 120 Hoogglans 5W 3000K 670lm Ø120 Buitenmaat - Gatmaat Ø110 UGR<18
3501481,Pragmalux,Pragmalux LED Downlight Mado 120 Hoogglans 5W 4000K 700lm Ø120 Buitenmaat - Gatmaat Ø110 UGR<18
3501482,Pragmalux,Pragmalux LED Downlight Mado 120 Hoogglans 9W 3000K 1080lm Ø120 Buitenmaat - Gatmaat Ø110 UGR<18
3501483,Pragmalux,Pragmalux LED Downlight Mado 120 Hoogglans 9W 4000K 1135lm Ø120 Buitenmaat - Gatmaat Ø110 UGR<18
3501232,Pragmalux,Pragmalux LED Downlight Mado 120 Mat IP44 13W 3000K 1390lm Ø120 Buitenmaat - Gatmaat Ø110
3501233,Pragmalux,Pragmalux LED Downlight Mado 120 Mat IP44 13W 4000K 1460lm Ø120 Buitenmaat - Gatmaat Ø110
3501234,Pragmalux,Pragmalux LED Downlight Mado 120 Mat IP44 19W 3000K 1900lm Ø120 Buitenmaat - Gatmaat Ø110
3501235,Pragmalux,Pragmalux LED Downlight Mado 120 Mat IP44 19W 4000K 1985lm Ø120 Buitenmaat - Gatmaat Ø110
3501236,Pragmalux,Pragmalux LED Downlight Mado 120 Mat IP44 28W 3000K 2475lm Ø120 Buitenmaat - Gatmaat Ø110
3501237,Pragmalux,Pragmalux LED Downlight Mado 120 Mat IP44 28W 4000K 2600lm Ø120 Buitenmaat - Gatmaat Ø110
3501490,Pragmalux,Pragmalux LED Downlight Mado 120 Mat IP44 5W 3000K 637lm Ø120 Buitenmaat - Gatmaat Ø110 UGR<21
3501491,Pragmalux,Pragmalux LED Downlight Mado 120 Mat IP44 5W 4000K 665lm Ø120 Buitenmaat - Gatmaat Ø110 UGR<21
3501492,Pragmalux,Pragmalux LED Downlight Mado 120 Mat IP44 9W 3000K 1025lm Ø120 Buitenmaat - Gatmaat Ø110 UGR<21
3501493,Pragmalux,Pragmalux LED Downlight Mado 120 Mat IP44 9W 4000K 1075lm Ø120 Buitenmaat - Gatmaat Ø110 UGR<21
3501392,Pragmalux,Pragmalux LED Downlight Mado 150 Darklight 12W 3000K 1910lm Ø150 Buitenmaat - Gatmaat Ø135 UGR<18
3501393,Pragmalux,Pragmalux LED Downlight Mado 150 Darklight 12W 4000K 2005lm Ø150 Buitenmaat - Gatmaat Ø135 UGR<18
3501215,Pragmalux,Pragmalux LED Downlight Mado 150 Darklight 18W 3000K 2630lm Ø150 Buitenmaat - Gatmaat Ø135 UGR<18
3501216,Pragmalux,Pragmalux LED Downlight Mado 150 Darklight 18W 4000K 2760lm Ø150 Buitenmaat - Gatmaat Ø135 UGR<18
3501217,Pragmalux,Pragmalux LED Downlight Mado 150 Darklight 25W 3000K 3540lm Ø150 Buitenmaat - Gatmaat Ø135 UGR<18
3501218,Pragmalux,Pragmalux LED Downlight Mado 150 Darklight 25W 4000K 3720lm Ø150 Buitenmaat - Gatmaat Ø135 UGR<18
3501219,Pragmalux,Pragmalux LED Downlight Mado 150 Darklight 33W 3000K 4380lm Ø150 Buitenmaat - Gatmaat Ø135 UGR<18
3501220,Pragmalux,Pragmalux LED Downlight Mado 150 Darklight 33W 4000K 4600lm Ø150 Buitenmaat - Gatmaat Ø135 UGR<18
3501390,Pragmalux,Pragmalux LED Downlight Mado 150 Darklight 9W 3000K 1410lm Ø150 Buitenmaat - Gatmaat Ø135 UGR<18
3501391,Pragmalux,Pragmalux LED Downlight Mado 150 Darklight 9W 4000K 1480lm Ø150 Buitenmaat - Gatmaat Ø135 UGR<18
3501400,Pragmalux,Pragmalux LED Downlight Mado 150 Hoogglans IP44 12W 3000K 1565lm Ø150 Buitenmaat - Gatmaat Ø135
3501401,Pragmalux,Pragmalux LED Downlight Mado 150 Hoogglans IP44 12W 4000K 1645lm Ø150 Buitenmaat - Gatmaat Ø135
3501402,Pragmalux,Pragmalux LED Downlight Mado 150 Hoogglans IP44 18W 3000K 2190lm Ø150 Buitenmaat - Gatmaat Ø135
3501403,Pragmalux,Pragmalux LED Downlight Mado 150 Hoogglans IP44 18W 4000K 2300lm Ø150 Buitenmaat - Gatmaat Ø135
3501404,Pragmalux,Pragmalux LED Downlight Mado 150 Hoogglans IP44 25W 3000K 2990lm Ø150 Buitenmaat - Gatmaat Ø135
3501405,Pragmalux,Pragmalux LED Downlight Mado 150 Hoogglans IP44 25W 4000K 3140lm Ø150 Buitenmaat - Gatmaat Ø135
3501406,Pragmalux,Pragmalux LED Downlight Mado 150 Hoogglans IP44 33W 3000K 3740lm Ø150 Buitenmaat - Gatmaat Ø135
3501407,Pragmalux,Pragmalux LED Downlight Mado 150 Hoogglans IP44 33W 4000K 3930lm Ø150 Buitenmaat - Gatmaat Ø135
3501398,Pragmalux,Pragmalux LED Downlight Mado 150 Hoogglans IP44 9W 3000K 1125lm Ø150 Buitenmaat - Gatmaat Ø135
3501399,Pragmalux,Pragmalux LED Downlight Mado 150 Hoogglans IP44 9W 4000K 1185lm Ø150 Buitenmaat - Gatmaat Ø135
3501396,Pragmalux,Pragmalux LED Downlight Mado 150 Mat IP44 12W 3000K 1565lm Ø150 Buitenmaat - Gatmaat Ø135
3501397,Pragmalux,Pragmalux LED Downlight Mado 150 Mat IP44 12W 4000K 1645lm Ø150 Buitenmaat - Gatmaat Ø135
3501240,Pragmalux,Pragmalux LED Downlight Mado 150 Mat IP44 18W 3000K 2190lm Ø150 Buitenmaat - Gatmaat Ø135
3501241,Pragmalux,Pragmalux LED Downlight Mado 150 Mat IP44 18W 4000K 2300lm Ø150 Buitenmaat - Gatmaat Ø135
3501242,Pragmalux,Pragmalux LED Downlight Mado 150 Mat IP44 25W 3000K 2990lm Ø150 Buitenmaat - Gatmaat Ø135
3501243,Pragmalux,Pragmalux LED Downlight Mado 150 Mat IP44 25W 4000K 3140lm Ø150 Buitenmaat - Gatmaat Ø135
3501244,Pragmalux,Pragmalux LED Downlight Mado 150 Mat IP44 33W 3000K 3740lm Ø150 Buitenmaat - Gatmaat Ø135
3501245,Pragmalux,Pragmalux LED Downlight Mado 150 Mat IP44 33W 4000K 3930lm Ø150 Buitenmaat - Gatmaat Ø135
3501394,Pragmalux,Pragmalux LED Downlight Mado 150 Mat IP44 9W 3000K 1125lm Ø150 Buitenmaat - Gatmaat Ø135
3501395,Pragmalux,Pragmalux LED Downlight Mado 150 Mat IP44 9W 4000K 1185lm Ø150 Buitenmaat - Gatmaat Ø135
3501379,Pragmalux,Pragmalux LED Downlight Mado 195 Darklight 12W 3000K 1777lm Ø195 Buitenmaat - Gatmaat Ø180
3501380,Pragmalux,Pragmalux LED Downlight Mado 195 Darklight 12W 4000K 1869lm Ø195 Buitenmaat - Gatmaat Ø180
3501717,Pragmalux,Pragmalux LED Downlight Mado 195 Darklight 12W 4000K 1869lm Ø195 Buitenmaat - Gatmaat Ø180 IP65
3501381,Pragmalux,Pragmalux LED Downlight Mado 195 Darklight 18W 4000K 2612lm Ø195 Buitenmaat - Gatmaat Ø180
3501534,Pragmalux,Pragmalux LED Downlight Mado 195 Darklight 18W 4000K 2612lm Ø195 Buitenmaat - Gatmaat Ø180 DALI
3501382,Pragmalux,Pragmalux LED Downlight Mado 195 Darklight 25W 3000K 3395lm Ø195 Buitenmaat - Gatmaat Ø180
3501713,Pragmalux,Pragmalux LED Downlight Mado 195 Darklight 25W 3000K 3395lm Ø195 Buitenmaat - Gatmaat Ø180 Triac
3501356,Pragmalux,Pragmalux LED Downlight Mado 195 Darklight 25W 4000K 3566lm Ø195 Buitenmaat - Gatmaat Ø180
3501696,Pragmalux,Pragmalux LED Downlight Mado 195 Darklight 25W 4000K 3566lm Ø195 Buitenmaat - Gatmaat Ø180 DALI
3501408,Pragmalux,Pragmalux LED Downlight Mado 195 Darklight 33W 3000K 4248lm Ø195 Buitenmaat - Gatmaat Ø180
3501409,Pragmalux,Pragmalux LED Downlight Mado 195 Darklight 33W 4000K 4460lm Ø195 Buitenmaat - Gatmaat Ø180
3501368,Pragmalux,Pragmalux LED Downlight Mado 195 Darklight 39W 3000K 4890lm Ø195 Buitenmaat - Gatmaat Ø180
3501718,Pragmalux,Pragmalux LED Downlight Mado 195 Darklight 39W 3000K 4890lm Ø195 Buitenmaat - Gatmaat Ø180 DALI
3501714,Pragmalux,Pragmalux LED Downlight Mado 195 Darklight 39W 3000K 4890lm Ø195 Buitenmaat - Gatmaat Ø180 Triac
3501371,Pragmalux,Pragmalux LED Downlight Mado 195 Darklight 39W 4000K 5048lm Ø195 Buitenmaat - Gatmaat Ø180
3501697,Pragmalux,Pragmalux LED Downlight Mado 195 Darklight 39W 4000K 5048lm Ø195 Buitenmaat - Gatmaat Ø180 DALI
3501413,Pragmalux,Pragmalux LED Downlight Mado 195 Hoogglans IP44 12W 4000K 1780lm Ø195 Buitenmaat - Gatmaat Ø180 UGR<19
3501414,Pragmalux,Pragmalux LED Downlight Mado 195 Hoogglans IP44 18W 4000K 2490lm Ø195 Buitenmaat - Gatmaat Ø180 UGR<19
3501415,Pragmalux,Pragmalux LED Downlight Mado 195 Hoogglans IP44 25W 3000K 3235lm Ø195 Buitenmaat - Gatmaat Ø180 UGR<19
3501416,Pragmalux,Pragmalux LED Downlight Mado 195 Hoogglans IP44 25W 4000K 3395lm Ø195 Buitenmaat - Gatmaat Ø180 UGR<19
3501417,Pragmalux,Pragmalux LED Downlight Mado 195 Hoogglans IP44 33W 3000K 4045lm Ø195 Buitenmaat - Gatmaat Ø180 UGR<19
3501418,Pragmalux,Pragmalux LED Downlight Mado 195 Hoogglans IP44 33W 4000K 4250lm Ø195 Buitenmaat - Gatmaat Ø180 UGR<19
3501419,Pragmalux,Pragmalux LED Downlight Mado 195 Hoogglans IP44 39W 3000K 4655lm Ø195 Buitenmaat - Gatmaat Ø180 UGR<19
3501420,Pragmalux,Pragmalux LED Downlight Mado 195 Hoogglans IP44 39W 4000K 4810lm Ø195 Buitenmaat - Gatmaat Ø180 UGR<19
3501388,Pragmalux,Pragmalux LED Downlight Mado 195 IP44 18W 3000K 2370m Ø195 Buitenmaat - Gatmaat Ø180 UGR<19
3501344,Pragmalux,Pragmalux LED Downlight Mado 195 Kruis rooster IP44 25W 3000K 2750lm Ø195 Buitenmaat - Gatmaat Ø180 UGR<17
3501355,Pragmalux,Pragmalux LED Downlight Mado 195 Kruis rooster IP44 25W 4000K 2885lm Ø195 Buitenmaat - Gatmaat Ø180 UGR<17
3501367,Pragmalux,Pragmalux LED Downlight Mado 195 Kruis rooster IP44 39W 3000K 3960lm Ø195 Buitenmaat - Gatmaat Ø180 UGR<17
3501370,Pragmalux,Pragmalux LED Downlight Mado 195 Kruis rooster IP44 39W 4000K 4085lm Ø195 Buitenmaat - Gatmaat Ø180 UGR<17
3501383,Pragmalux,Pragmalux LED Downlight Mado 195 Mat IP44 12W 3000K 1545lm Ø195 Buitenmaat - Gatmaat Ø180 UGR<18
3501384,Pragmalux,Pragmalux LED Downlight Mado 195 Mat IP44 12W 4000K 1625lm Ø195 Buitenmaat - Gatmaat Ø180 UGR<18
3501385,Pragmalux,Pragmalux LED Downlight Mado 195 Mat IP44 18W 3000K 2160lm Ø195 Buitenmaat - Gatmaat Ø180 UGR<18
3501386,Pragmalux,Pragmalux LED Downlight Mado 195 Mat IP44 18W 4000K 2270lm Ø195 Buitenmaat - Gatmaat Ø180 UGR<18
3501345,Pragmalux,Pragmalux LED Downlight Mado 195 Mat IP44 25W 3000K 2950lm Ø195 Buitenmaat - Gatmaat Ø180 UGR<18
3501357,Pragmalux,Pragmalux LED Downlight Mado 195 Mat IP44 25W 4000K 3100lm Ø195 Buitenmaat - Gatmaat Ø180 UGR<18
3501410,Pragmalux,Pragmalux LED Downlight Mado 195 Mat IP44 33W 3000K 3690lm Ø195 Buitenmaat - Gatmaat Ø180 UGR<18
3501411,Pragmalux,Pragmalux LED Downlight Mado 195 Mat IP44 33W 4000K 3875lm Ø195 Buitenmaat - Gatmaat Ø180 UGR<18
3501369,Pragmalux,Pragmalux LED Downlight Mado 195 Mat IP44 39W 3000K 4250lm Ø195 Buitenmaat - Gatmaat Ø180 UGR<18
3501372,Pragmalux,Pragmalux LED Downlight Mado 195 Mat IP44 39W 4000K 4385lm Ø195 Buitenmaat - Gatmaat Ø180 UGR<18
3501478,Pragmalux,Pragmalux LED Downlight Mado 195 Mat IP44 9W 3000K 1110lm Ø195 Buitenmaat - Gatmaat Ø180 UGR<18
3501479,Pragmalux,Pragmalux LED Downlight Mado 195 Mat IP44 9W 4000K 1170lm Ø195 Buitenmaat - Gatmaat Ø180 UGR<18
3501421,Pragmalux,Pragmalux LED Downlight Mado 240 Darklight 12W 3000K 1777lm Ø240 Buitenmaat - Gatmaat Ø200
3501421-N,Pragmalux,Pragmalux LED Downlight Mado 240 Darklight 12W 3000K 1777lm Ø240 Buitenmaat - Gatmaat Ø200 + Nood 1h &Autotest
3501422,Pragmalux,Pragmalux LED Downlight Mado 240 Darklight 12W 4000K 1869lm Ø240 Buitenmaat - Gatmaat Ø200
3501719,Pragmalux,Pragmalux LED Downlight Mado 240 Darklight 18W 3000K 2486lm Ø240 Buitenmaat - Gatmaat Ø180 DALI
3501720,Pragmalux,Pragmalux LED Downlight Mado 240 Darklight 18W 3000K 2486lm Ø240 Buitenmaat - Gatmaat Ø180 DALI + noodmodule 1 uur autotest
3501423,Pragmalux,Pragmalux LED Downlight Mado 240 Darklight 18W 3000K 2486lm Ø240 Buitenmaat - Gatmaat Ø200
3501424,Pragmalux,Pragmalux LED Downlight Mado 240 Darklight 18W 4000K 2612lm Ø240 Buitenmaat - Gatmaat Ø200
3501425,Pragmalux,Pragmalux LED Downlight Mado 240 Darklight 25W 3000K 3395lm Ø240 Buitenmaat - Gatmaat Ø200
3501728,Pragmalux,Pragmalux LED Downlight Mado 240 Darklight 25W 3000K 3395lm Ø240 Buitenmaat - Gatmaat Ø200 + DALI
3501426,Pragmalux,Pragmalux LED Downlight Mado 240 Darklight 25W 4000K 3566lm Ø240 Buitenmaat - Gatmaat Ø200
3501427,Pragmalux,Pragmalux LED Downlight Mado 240 Darklight 33W 3000K 4248lm Ø240 Buitenmaat - Gatmaat Ø200
3501428,Pragmalux,Pragmalux LED Downlight Mado 240 Darklight 33W 4000K 4460lm Ø240 Buitenmaat - Gatmaat Ø200
3501429,Pragmalux,Pragmalux LED Downlight Mado 240 Darklight 39W 3000K 4890lm Ø240 Buitenmaat - Gatmaat Ø200
3501430,Pragmalux,Pragmalux LED Downlight Mado 240 Darklight 39W 4000K 5048lm Ø240 Buitenmaat - Gatmaat Ø200
3501701,Pragmalux,Pragmalux LED Downlight Mado 240 Darklight 39W 6500K 5048lm Ø240 Buitenmaat - Gatmaat Ø200
3501441,Pragmalux,Pragmalux LED Downlight Mado 240 Hoogglans IP44 12W 3000K 1695lm Ø240 Buitenmaat - Gatmaat Ø200 UGR<19
3501442,Pragmalux,Pragmalux LED Downlight Mado 240 Hoogglans IP44 12W 4000K 1780lm Ø240 Buitenmaat - Gatmaat Ø200 UGR<19
3501443,Pragmalux,Pragmalux LED Downlight Mado 240 Hoogglans IP44 18W 3000K 2370lm Ø240 Buitenmaat - Gatmaat Ø200 UGR<19
3501444,Pragmalux,Pragmalux LED Downlight Mado 240 Hoogglans IP44 18W 4000K 2490lm Ø240 Buitenmaat - Gatmaat Ø200 UGR<19
3501445,Pragmalux,Pragmalux LED Downlight Mado 240 Hoogglans IP44 25W 3000K 3235lm Ø240 Buitenmaat - Gatmaat Ø200 UGR<19
3501446,Pragmalux,Pragmalux LED Downlight Mado 240 Hoogglans IP44 25W 4000K 3395lm Ø240 Buitenmaat - Gatmaat Ø200 UGR<19
3501447,Pragmalux,Pragmalux LED Downlight Mado 240 Hoogglans IP44 33W 3000K 4045lm Ø240 Buitenmaat - Gatmaat Ø200 UGR<19
3501448,Pragmalux,Pragmalux LED Downlight Mado 240 Hoogglans IP44 33W 4000K 4250lm Ø240 Buitenmaat - Gatmaat Ø200 UGR<19
3501449,Pragmalux,Pragmalux LED Downlight Mado 240 Hoogglans IP44 39W 3000K 4655lm Ø240 Buitenmaat - Gatmaat Ø200 UGR<19
3501450,Pragmalux,Pragmalux LED Downlight Mado 240 Hoogglans IP44 39W 4000K 4810lm Ø240 Buitenmaat - Gatmaat Ø200 UGR<19
3501431,Pragmalux,Pragmalux LED Downlight Mado 240 Mat IP44 12W 3000K 1545lm Ø240 Buitenmaat - Gatmaat Ø200 UGR<18
3501432,Pragmalux,Pragmalux LED Downlight Mado 240 Mat IP44 12W 4000K 1625lm Ø240 Buitenmaat - Gatmaat Ø200 UGR<18
3501433,Pragmalux,Pragmalux LED Downlight Mado 240 Mat IP44 18W 3000K 2160lm Ø240 Buitenmaat - Gatmaat Ø200 UGR<18
3501434,Pragmalux,Pragmalux LED Downlight Mado 240 Mat IP44 18W 4000K 2270lm Ø240 Buitenmaat - Gatmaat Ø200 UGR<18
3501435,Pragmalux,Pragmalux LED Downlight Mado 240 Mat IP44 25W 3000K 2950lm Ø240 Buitenmaat - Gatmaat Ø200 UGR<18
3501436,Pragmalux,Pragmalux LED Downlight Mado 240 Mat IP44 25W 4000K 3100lm Ø240 Buitenmaat - Gatmaat Ø200 UGR<18
3501437,Pragmalux,Pragmalux LED Downlight Mado 240 Mat IP44 33W 3000K 3690lm Ø240 Buitenmaat - Gatmaat Ø200 UGR<18
3501438,Pragmalux,Pragmalux LED Downlight Mado 240 Mat IP44 33W 4000K 3875lm Ø240 Buitenmaat - Gatmaat Ø200 UGR<18
3501439,Pragmalux,Pragmalux LED Downlight Mado 240 Mat IP44 39W 3000K 4250lm Ø240 Buitenmaat - Gatmaat Ø200 UGR<18
3501440,Pragmalux,Pragmalux LED Downlight Mado 240 Mat IP44 39W 4000K 4385lm Ø240 Buitenmaat - Gatmaat Ø200 UGR<18
3501722,Pragmalux,Pragmalux LED Downlight Mado 240 Matt 39W 3000K 4250lm Ø240 Buitenmaat - Gatmaat Ø180 IP65 DALI
3501501,Pragmalux,Pragmalux LED Downlight Mado Wit 9W 3000K 1050lm Ø150 Buitenmaat - Gatmaat Ø135 UGR<22
WSGF1092386-D4i,Pragmalux,"Pragmalux LED Downlight Mondial IP54 facet wit standaard 19,5W 2450lm 3000K-3500K-4000K 3-CCT CRI>90 UGR<19 60D BØ200 - GØ150-190 +Philips D4i driver"
1001234,Pragmalux,Pragmalux LED Downlight Zone IP54 34W 3000K CRI90 3200lm Ø190 buitenmaat - Gatmaat Ø160-170 Incl. Philips Xitanium
9113604,Pragmalux,Pragmalux LED Downlighter Flo Rond Draai-/Kantelbaar 24W 2700K CRI>90 36D 2196lm Wit - G Ø117
9119092,Pragmalux,Pragmalux LED Downlighter Flo Vierkant 1V 24W 2700K CRI>90 36D 1580lm Wit Ø130x130 F - G Ø117
9100323,Pragmalux,Pragmalux LED Driver CV 24V DC 150W
1000275,Pragmalux,Pragmalux LED Floodlight Auva IP66 50-150W Muursteun Bevestigingsbeugel 1m
1041872,Pragmalux,Pragmalux LED Gevelarmatuur Squalo V2 IP66 IK10 14W 2200K 1890lm Asymmetrisch Zwart RAL9005
1041889,Pragmalux,Pragmalux LED Gevelarmatuur Squalo V2 IP66 IK10 25W 2200K 3375lm Asymmetrisch Zwart RAL9005
9010263,Pragmalux,Pragmalux LED Gradano aansluitstuk incl. kabel 3m. Zwart
9010271,Pragmalux,Pragmalux LED Gradano Eindkap Zwart
9010262,Pragmalux,Pragmalux LED Gradano Koppelstuk Zwart incl. verbindingsplaat
9090035,Pragmalux,Pragmalux LED Gradano Opbouw Zwart 2m
9173917,Pragmalux,Pragmalux LED Gradano Spot Mini 8w 406lm 927 50D DALI
1041896,Pragmalux,Pragmalux LED Highbay 200W Noodmodule
4605234,Pragmalux,Pragmalux LED Highbay Clean HACCP 100W 4000K 14000lm 90D Wit - 1-10V Dimbaar (250W)
4605241,Pragmalux,Pragmalux LED Highbay Clean HACCP 120W 4000K 16800lm 90D Wit - 1-10V Dimbaar (250W)
4605258,Pragmalux,Pragmalux LED Highbay Clean HACCP 150W 4000K 21000lm 90D Wit - 1-10V Dimbaar (400W)
4605265,Pragmalux,Pragmalux LED Highbay Clean HACCP 200W 4000K 28000lm 90D Wit - 1-10V Dimbaar (400W)
4605272,Pragmalux,Pragmalux LED Highbay Clean HACCP Bewegingssensor
1008240,Pragmalux,Pragmalux LED Highbay Clean HACCP G2 100W 4000K 13500lm 90D Wit 0-10V Dimbaar
1008257,Pragmalux,Pragmalux LED Highbay Clean HACCP G2 120W 4000K 16200lm 90D Wit 0-10V Dimbaar
1008264,Pragmalux,Pragmalux LED Highbay Clean HACCP G2 150W 4000K 20250lm 90D Wit 0-10V Dimbaar
4605128,Pragmalux,Pragmalux LED Highbay Horizon 100W 4000K 14000lm 90D Zwart - 1-10V Dimbaar (250W)
4605135,Pragmalux,Pragmalux LED Highbay Horizon 150W 4000K 21000lm 90D Zwart - 1-10V Dimbaar (400W)
4605142,Pragmalux,Pragmalux LED Highbay Horizon 200W 4000K 28000lm 90D Zwart - 1-10V Dimbaar (400W)
4605180,Pragmalux,Pragmalux LED Highbay Horizon/Ultra Aluminium Kap
4605159,Pragmalux,Pragmalux LED Highbay Horizon/Ultra Bewegingssensor
4605166,Pragmalux,Pragmalux LED Highbay Horizon/Ultra Bewegingssensor Afstandsbediening
4605173,Pragmalux,Pragmalux LED Highbay Horizon/Ultra PC Kap
4605296,Pragmalux,Pragmalux LED Highbay Rex 100W 4000K 12500lm 50x90D Zwart - 1-10V Dimbaar (250W)
4605302,Pragmalux,Pragmalux LED Highbay Rex 150W 4000K 18750lm 50x90D Zwart - 1-10V Dimbaar (250W)
4605319,Pragmalux,Pragmalux LED Highbay Rex 200W 4000K 25000lm 50x90D Zwart - 1-10V Dimbaar (400W)
4605326,Pragmalux,Pragmalux LED Highbay Rex 240W 4000K 30000lm 50x90D Zwart - 1-10V Dimbaar (400W)
4605289,Pragmalux,Pragmalux LED Highbay Rex 50W 4000K 6250lm 40x120D Zwart - 1-10V Dimbaar (250W)
4605364,Pragmalux,Pragmalux LED Highbay Rex Bewegingssensor
4605357,Pragmalux,Pragmalux LED Highbay Rex Daglichtsensor IP20
4605333,Pragmalux,Pragmalux LED Highbay Rex Plafond Montagebeugel
4605340,Pragmalux,Pragmalux LED Highbay Rex Roteerbaar 50° Plafondmontagebeugel
9112152,Pragmalux,Pragmalux LED Inbouwspot Cardano 26W 3000K CRI>90 60D 2596lm Ø126 Buitenmaat
9116938,Pragmalux,"Pragmalux LED Inbouwspot Cuckoo IP20 Rond 8,4W 3000K CRI>90 38D 550lm Aluminium Ø88 Buitenmaat - Gatmaat Ø75 - Dimbaar"
9112023,Pragmalux,Pragmalux LED Inbouwspot Fasio IP44 Rond 13W 2700K CRI>90 38D 700lm Ø95 F - G Ø83 Zwart
9112017,Pragmalux,Pragmalux LED Inbouwspot Fasio IP44 Rond 13W 2700K CRI>90 38D 700lm Wit Ø95 F - G Ø83 - NIET Dimbaar
9113835,Pragmalux,Pragmalux LED Inbouwspot Fasio IP44 Vierkant 13W 2700K CRI>90 38D 700lm Zwart Ø95 F - G Ø83 - DALI
9118246,Pragmalux,Pragmalux LED Inbouwspot Fasio IP44 Vierkant 13W 3000K CRI>90 38D 700lm Zwart Ø95 F - G Ø83 - DALI
9113519,Pragmalux,Pragmalux LED Inbouwspot Pico IP44 Kantelbaar 12W 2700K CRI>90 24D 650lm Wit Ø82 F - G Ø75 Wit DALI
9113051,Pragmalux,Pragmalux LED Inbouwspot Pico IP44 Vast 12W 2700K CRI>90 38D 650lm Wit Ø82 F - G Ø75 - DALI
9112051,Pragmalux,Pragmalux LED Inbouwspot Pico IP44 Vast 12W 2700K CRI>90 38D 700lm Zwart Ø82 F - G Ø75 - DALI
9111386,Pragmalux,Pragmalux LED Inbouwspot Ponto Rond 20W 3000K CRI>90 36D 3700lm LOR85% Grijs Ø125 F - G Ø118
9112201,Pragmalux,Pragmalux LED Inbouwspot Ponto Rond 24W 3000K CRI>80 36D 2640lm Wit Ø108 F - G Ø97 DALI
9112444,Pragmalux,Pragmalux LED Inbouwspot Ponto Rond 24W 3000K CRI>90 36D 3078lm Grijs Ø108 F - G Ø97
9112448,Pragmalux,Pragmalux LED Inbouwspot Ponto Rond 24W 3000K CRI>90 36D 3078lm Wit Ø108 F - G Ø97
9112452,Pragmalux,Pragmalux LED Inbouwspot Ponto Rond 24W 3000K CRI>90 36D 3078lm Zwart Ø108 F - G Ø97
9112456,Pragmalux,Pragmalux LED Inbouwspot Ponto Rond 32W 3000K CRI>90 36D 4350lm Grijs Ø108 F - G Ø97
9112408,Pragmalux,Pragmalux LED Inbouwspot Ponto Rond 32W 3000K CRI>90 36D 4350lm Wit Ø108 F - G Ø97
9112460,Pragmalux,Pragmalux LED Inbouwspot Ponto Rond 32W 3000K CRI>90 36D 4350lm Zwart Ø108 F - G Ø97
9111049,Pragmalux,Pragmalux LED Inbouwspot Squadro 1V Grijs Ø215x215 F - G Ø205x195
9111050,Pragmalux,Pragmalux LED Inbouwspot Squadro 1V Wit Ø215x215 F - G Ø205x195
9111051,Pragmalux,Pragmalux LED Inbouwspot Squadro 1V Zwart Ø215x215 F - G Ø205x195
9111052,Pragmalux,Pragmalux LED Inbouwspot Squadro 2V Grijs Ø215x390 F - G Ø205x370
9111053,Pragmalux,Pragmalux LED Inbouwspot Squadro 2V Wit Ø215x390 F - G Ø205x370
9111054,Pragmalux,Pragmalux LED Inbouwspot Squadro 2V Zwart Ø215x390 F - G Ø205x370
9111297,Pragmalux,Pragmalux LED Inbouwspot Squadro LED Module Incl. Driver 26W 3000K CRI>80 38D 3700lm Wit
9118376,Pragmalux,Pragmalux LED Inbouwspot Squadro LED Module Incl. Driver 26W 4000K CRI>80 38D 3700lm Wit
9112432,Pragmalux,Pragmalux LED Inbouwspot Squadro LED Module Incl. Driver 42W 3000K CRI>90 PW 38D 5300lm Grijs
9112436,Pragmalux,Pragmalux LED Inbouwspot Squadro LED Module Incl. Driver 42W 3000K CRI>90 PW 38D 5300lm Wit
9112440,Pragmalux,Pragmalux LED Inbouwspot Squadro LED Module Incl. Driver 42W 3000K CRI>90 PW 38D 5300lm Zwart
9112433,Pragmalux,Pragmalux LED Inbouwspot Squadro LED Module Incl. Driver 42W 3000K CRI>90 PW 60D 5300lm Grijs
9112437,Pragmalux,Pragmalux LED Inbouwspot Squadro LED Module Incl. Driver 42W 3000K CRI>90 PW 60D 5300lm Wit
9112441,Pragmalux,Pragmalux LED Inbouwspot Squadro LED Module Incl. Driver 42W 3000K CRI>90 PW 60D 5300lm Zwart
9119630,Pragmalux,Pragmalux LED Inbouwspot Vierkant V2 Cardano 2x26W 4000K CRI>90 36D 2x3211lm Zwart DALI
9113982,Pragmalux,Pragmalux LED Inbouwspot Vita IP44 12W 2700K CRI>90 38D 650lm Wit Ø82 Buitenmaat - Gatmaat Ø75 DALI
22024-39706-1,Pragmalux,Pragmalux LED inleg armatuur 1540x200x100 30W 3500lm Spiegel Matt UGR<16 A-symmetrical 3000K CRI80 ON/OFF GST18i3 in chassis RAL 9003
13232-89921-3,Pragmalux,Pragmalux LED Inleg armatuur 595x595x64mm 33W CRI 90 3800lm 3000K DALI Micro-prisma incl. GST18i5
9114799,Pragmalux,Pragmalux LED Inlegarmatuur 60x60cm Wingar 33W 3000K 3420lm UGR<19 +Philips DALI Driver (4x14W)
9114798,Pragmalux,Pragmalux LED Inlegarmatuur 60x60cm Wingar 33W 3000K 3420lm UGR<19 +Philips Xitanium Driver (4x14W)
9114801,Pragmalux,Pragmalux LED Inlegarmatuur 60x60cm Wingar 33W 4000K 3760lm UGR<19 +Philips DALI Driver (4x14W)
9114801-GST,Pragmalux,Pragmalux LED Inlegarmatuur 60x60cm Wingar 33W 4000K 3760lm UGR<19 +Philips DALI Driver (4x14W) + GST18i3
9114800,Pragmalux,Pragmalux LED Inlegarmatuur 60x60cm Wingar 33W 4000K 3760lm UGR<19 +Philips Xitanium Driver (4x14W)
9113968,Pragmalux,Pragmalux LED Inlegarmatuur 60x60cm Wingar 45W 4000K 5004lm UGR<19 Excl. LED Driver
51141030-CS,Pragmalux,Pragmalux LED Inlegarmatuur MIRO 285x1540mm inbouw 61W 7800lm 4000K UGR<16 Hoogglans
21231030,Pragmalux,Pragmalux LED Inlegarmatuur Miro 30x120cm 29W 3600lm 3000K UGR<16 Matt
23231030,Pragmalux,Pragmalux LED Inlegarmatuur Miro 30x120cm 29W 3600lm 3000K UGR<16 Matt 1-10V
22231030,Pragmalux,Pragmalux LED Inlegarmatuur Miro 30x120cm 29W 3600lm 3000K UGR<16 Matt DALI
21131030,Pragmalux,Pragmalux LED Inlegarmatuur Miro 30x120cm 29W 3700lm 3000K UGR<16 Hoogglans
21131030-12999,Pragmalux,Pragmalux LED Inlegarmatuur Miro 30x120cm 29W 3700lm 3000K UGR<16 Hoogglans
23131030,Pragmalux,Pragmalux LED Inlegarmatuur Miro 30x120cm 29W 3700lm 3000K UGR<16 Hoogglans 1-10V
22131030,Pragmalux,Pragmalux LED Inlegarmatuur Miro 30x120cm 29W 3700lm 3000K UGR<16 Hoogglans DALI
21241030,Pragmalux,Pragmalux LED Inlegarmatuur Miro 30x120cm 29W 3700lm 4000K UGR<16 Matt
23241030,Pragmalux,Pragmalux LED Inlegarmatuur Miro 30x120cm 29W 3700lm 4000K UGR<16 Matt 1-10V
22241030,Pragmalux,Pragmalux LED Inlegarmatuur Miro 30x120cm 29W 3700lm 4000K UGR<16 Matt DALI
21141030,Pragmalux,Pragmalux LED Inlegarmatuur Miro 30x120cm 29W 3800lm 4000K UGR<16 Hoogglans
23141030,Pragmalux,Pragmalux LED Inlegarmatuur Miro 30x120cm 29W 3800lm 4000K UGR<16 Hoogglans 1-10V
22141030,Pragmalux,Pragmalux LED Inlegarmatuur Miro 30x120cm 29W 3800lm 4000K UGR<16 Hoogglans DALI
21231031,Pragmalux,Pragmalux LED Inlegarmatuur Miro 30x120cm 34W 4250lm 3000K UGR<16 Matt
23231031,Pragmalux,Pragmalux LED Inlegarmatuur Miro 30x120cm 34W 4250lm 3000K UGR<16 Matt 1-10V
22231031,Pragmalux,Pragmalux LED Inlegarmatuur Miro 30x120cm 34W 4250lm 3000K UGR<16 Matt DALI
21131031,Pragmalux,Pragmalux LED Inlegarmatuur Miro 30x120cm 34W 4350lm 3000K UGR<16 Hoogglans
23131031,Pragmalux,Pragmalux LED Inlegarmatuur Miro 30x120cm 34W 4350lm 3000K UGR<16 Hoogglans 1-10V
22131031,Pragmalux,Pragmalux LED Inlegarmatuur Miro 30x120cm 34W 4350lm 3000K UGR<16 Hoogglans DALI
21241031,Pragmalux,Pragmalux LED Inlegarmatuur Miro 30x120cm 34W 4350lm 4000K UGR<16 Matt
21241031-12768,Pragmalux,Pragmalux LED Inlegarmatuur Miro 30x120cm 34W 4350lm 4000K UGR<16 Matt
5310010,Pragmalux,Pragmalux LED Inlegarmatuur Miro 30x120cm 34W 4350lm 4000K UGR<16 Matt + Emergency
21241031-EM,Pragmalux,Pragmalux LED Inlegarmatuur Miro 30x120cm 34W 4350lm 4000K UGR<16 Matt + noodmodule
23241031,Pragmalux,Pragmalux LED Inlegarmatuur Miro 30x120cm 34W 4350lm 4000K UGR<16 Matt 1-10V
22241031,Pragmalux,Pragmalux LED Inlegarmatuur Miro 30x120cm 34W 4350lm 4000K UGR<16 Matt DALI
21141031,Pragmalux,Pragmalux LED Inlegarmatuur Miro 30x120cm 34W 4450lm 4000K UGR<16 Hoogglans
23141031,Pragmalux,Pragmalux LED Inlegarmatuur Miro 30x120cm 34W 4450lm 4000K UGR<16 Hoogglans 1-10V
22141031,Pragmalux,Pragmalux LED Inlegarmatuur Miro 30x120cm 34W 4450lm 4000K UGR<16 Hoogglans DALI
51231030,Pragmalux,Pragmalux LED Inlegarmatuur Miro 30x150cm 40W 5000lm 3000K UGR<16 Matt
52231030,Pragmalux,Pragmalux LED Inlegarmatuur Miro 30x150cm 40W 5000lm 3000K UGR<16 Matt DALI
51131030,Pragmalux,Pragmalux LED Inlegarmatuur Miro 30x150cm 40W 5100lm 3000K UGR<16 Hoogglans
52131030,Pragmalux,Pragmalux LED Inlegarmatuur Miro 30x150cm 40W 5100lm 3000K UGR<16 Hoogglans DALI
51241030,Pragmalux,Pragmalux LED Inlegarmatuur Miro 30x150cm 40W 5100lm 4000K UGR<16 Matt
51241030-13661,Pragmalux,Pragmalux LED Inlegarmatuur Miro 30x150cm 40W 5100lm 4000K UGR<16 Matt
52241030,Pragmalux,Pragmalux LED Inlegarmatuur Miro 30x150cm 40W 5100lm 4000K UGR<16 Matt DALI
51141030,Pragmalux,Pragmalux LED Inlegarmatuur Miro 30x150cm 40W 5200lm 4000K UGR<16 Hoogglans
51141030-12785,Pragmalux,Pragmalux LED Inlegarmatuur Miro 30x150cm 40W 5200lm 4000K UGR<16 Hoogglans
51141030-15704,Pragmalux,Pragmalux LED Inlegarmatuur Miro 30x150cm 40W 5200lm 4000K UGR<16 Hoogglans
52141030,Pragmalux,Pragmalux LED Inlegarmatuur Miro 30x150cm 40W 5200lm 4000K UGR<16 Hoogglans DALI
51231031,Pragmalux,Pragmalux LED Inlegarmatuur Miro 30x150cm 61W 7625lm 3000K UGR<16 Matt
52231031,Pragmalux,Pragmalux LED Inlegarmatuur Miro 30x150cm 61W 7625lm 3000K UGR<16 Matt DALI
51241031,Pragmalux,Pragmalux LED Inlegarmatuur Miro 30x150cm 61W 7675lm 4000K UGR<16 Matt
52241031,Pragmalux,Pragmalux LED Inlegarmatuur Miro 30x150cm 61W 7675lm 4000K UGR<16 Matt DALI
51131031,Pragmalux,Pragmalux LED Inlegarmatuur Miro 30x150cm 61W 7725lm 3000K UGR<16 Hoogglans
52131031,Pragmalux,Pragmalux LED Inlegarmatuur Miro 30x150cm 61W 7725lm 3000K UGR<16 Hoogglans DALI
51141031,Pragmalux,Pragmalux LED Inlegarmatuur Miro 30x150cm 61W 7800lm 4000K UGR<16 Hoogglans
52141031,Pragmalux,Pragmalux LED Inlegarmatuur Miro 30x150cm 61W 7800lm 4000K UGR<16 Hoogglans DALI
61231032,Pragmalux,Pragmalux LED Inlegarmatuur Miro 60x60cm 24W 3000lm 3000K UGR<16 Matt
62231032,Pragmalux,Pragmalux LED Inlegarmatuur Miro 60x60cm 24W 3000lm 3000K UGR<16 Matt DALI
61241032,Pragmalux,Pragmalux LED Inlegarmatuur Miro 60x60cm 24W 3050lm 4000K UGR<16 Matt
62241032,Pragmalux,Pragmalux LED Inlegarmatuur Miro 60x60cm 24W 3050lm 4000K UGR<16 Matt DALI
61131032,Pragmalux,Pragmalux LED Inlegarmatuur Miro 60x60cm 24W 3075lm 3000K UGR<16 Hoogglans
62131032,Pragmalux,Pragmalux LED Inlegarmatuur Miro 60x60cm 24W 3075lm 3000K UGR<16 Hoogglans DALI
61141032,Pragmalux,Pragmalux LED Inlegarmatuur Miro 60x60cm 24W 3125lm 4000K UGR<16 Hoogglans
62141032,Pragmalux,Pragmalux LED Inlegarmatuur Miro 60x60cm 24W 3125lm 4000K UGR<16 Hoogglans DALI
61231030,Pragmalux,Pragmalux LED Inlegarmatuur Miro 60x60cm 29W 3600lm 3000K UGR<16 Matt
63231030,Pragmalux,Pragmalux LED Inlegarmatuur Miro 60x60cm 29W 3600lm 3000K UGR<16 Matt 1-10V
62231030,Pragmalux,Pragmalux LED Inlegarmatuur Miro 60x60cm 29W 3600lm 3000K UGR<16 Matt DALI
61131030,Pragmalux,Pragmalux LED Inlegarmatuur Miro 60x60cm 29W 3700lm 3000K UGR<16 Hoogglans
63131030,Pragmalux,Pragmalux LED Inlegarmatuur Miro 60x60cm 29W 3700lm 3000K UGR<16 Hoogglans 1-10V
62131030,Pragmalux,Pragmalux LED Inlegarmatuur Miro 60x60cm 29W 3700lm 3000K UGR<16 Hoogglans DALI
61241030,Pragmalux,Pragmalux LED Inlegarmatuur Miro 60x60cm 29W 3700lm 4000K UGR<16 Matt
61241030-13579,Pragmalux,Pragmalux LED Inlegarmatuur Miro 60x60cm 29W 3700lm 4000K UGR<16 Matt
63241030,Pragmalux,Pragmalux LED Inlegarmatuur Miro 60x60cm 29W 3700lm 4000K UGR<16 Matt 1-10V
62241030,Pragmalux,Pragmalux LED Inlegarmatuur Miro 60x60cm 29W 3700lm 4000K UGR<16 Matt DALI
61141030,Pragmalux,Pragmalux LED Inlegarmatuur Miro 60x60cm 29W 3800lm 4000K UGR<16 Hoogglans
63141030,Pragmalux,Pragmalux LED Inlegarmatuur Miro 60x60cm 29W 3800lm 4000K UGR<16 Hoogglans 1-10V
62141030,Pragmalux,Pragmalux LED Inlegarmatuur Miro 60x60cm 29W 3800lm 4000K UGR<16 Hoogglans DALI
61231031,Pragmalux,Pragmalux LED Inlegarmatuur Miro 60x60cm 34W 4250lm 3000K UGR<16 Matt
63231031,Pragmalux,Pragmalux LED Inlegarmatuur Miro 60x60cm 34W 4250lm 3000K UGR<16 Matt 1-10V
62231031,Pragmalux,Pragmalux LED Inlegarmatuur Miro 60x60cm 34W 4250lm 3000K UGR<16 Matt DALI
61131031,Pragmalux,Pragmalux LED Inlegarmatuur Miro 60x60cm 34W 4350lm 3000K UGR<16 Hoogglans
63131031,Pragmalux,Pragmalux LED Inlegarmatuur Miro 60x60cm 34W 4350lm 3000K UGR<16 Hoogglans 1-10V
62131031,Pragmalux,Pragmalux LED Inlegarmatuur Miro 60x60cm 34W 4350lm 3000K UGR<16 Hoogglans DALI
61241031,Pragmalux,Pragmalux LED Inlegarmatuur Miro 60x60cm 34W 4350lm 4000K UGR<16 Matt
61241031-12478,Pragmalux,Pragmalux LED Inlegarmatuur Miro 60x60cm 34W 4350lm 4000K UGR<16 Matt
63241031,Pragmalux,Pragmalux LED Inlegarmatuur Miro 60x60cm 34W 4350lm 4000K UGR<16 Matt 1-10V
62241031,Pragmalux,Pragmalux LED Inlegarmatuur Miro 60x60cm 34W 4350lm 4000K UGR<16 Matt DALI
61141031,Pragmalux,Pragmalux LED Inlegarmatuur Miro 60x60cm 34W 4450lm 4000K UGR<16 Hoogglans
63141031,Pragmalux,Pragmalux LED Inlegarmatuur Miro 60x60cm 34W 4450lm 4000K UGR<16 Hoogglans 1-10V
62141031,Pragmalux,Pragmalux LED Inlegarmatuur Miro 60x60cm 34W 4450lm 4000K UGR<16 Hoogglans DALI
1029948-DA,Pragmalux,Pragmalux LED Lowbay Copa G2 100W 13500lm 3000-4000K 2-CCT DALI Wit RAL9016
1000862,Pragmalux,Pragmalux LED Noodmodule 3uur manueel
21241031-17972,Pragmalux,Pragmalux LED Opbouw 1500x110mm 28W 3400lm 3000K UGR<19 Microprismalens
22024-41102-1,Pragmalux,Pragmalux LED opbouw armatuur 1500x150x70 30W 3500lm Spiegel Matt UGR<16 3000K CRI80 ON/OFF Push-in hart invoer trekontlasting RAL 9003
3501231,Pragmalux,Pragmalux LED Opbouw Downlight Mado 130 Darklight 13W 3000K 1545lm Ø130 Buitenmaat - Hoogte Ø140 UGR<17
3501251,Pragmalux,Pragmalux LED Opbouw Downlight Mado 130 Darklight 13W 4000K 1620lm Ø130 Buitenmaat - Hoogte Ø140 UGR<17
3501230,Pragmalux,Pragmalux LED Opbouw Downlight Mado 130 Darklight 9W 3000K 1170lm Ø130 Buitenmaat - Hoogte Ø140 UGR<17
3501250,Pragmalux,Pragmalux LED Opbouw Downlight Mado 130 Darklight 9W 4000K 1230lm Ø130 Buitenmaat - Hoogte Ø140 UGR<17
3501239,Pragmalux,Pragmalux LED Opbouw Downlight Mado 130 Mat IP40 13W 3000K 1390lm Ø130 Buitenmaat - Hoogte Ø140
3501253,Pragmalux,Pragmalux LED Opbouw Downlight Mado 130 Mat IP40 13W 4000K 1460lm Ø130 Buitenmaat - Hoogte Ø140
3501453,Pragmalux,Pragmalux LED Opbouw Downlight Mado 130 Mat IP40 19W 3000K 1900lm Ø130 Buitenmaat - Hoogte Ø140
3501454,Pragmalux,Pragmalux LED Opbouw Downlight Mado 130 Mat IP40 19W 4000K 1985lm Ø130 Buitenmaat - Hoogte Ø140
3501451,Pragmalux,Pragmalux LED Opbouw Downlight Mado 130 Mat IP40 5W 3000K 635lm Ø130 Buitenmaat - Hoogte Ø140
3501452,Pragmalux,Pragmalux LED Opbouw Downlight Mado 130 Mat IP40 5W 4000K 665lm Ø130 Buitenmaat - Hoogte Ø140
3501238,Pragmalux,Pragmalux LED Opbouw Downlight Mado 130 Mat IP40 9W 3000K 1025lm Ø130 Buitenmaat - Hoogte Ø140
3501252,Pragmalux,Pragmalux LED Opbouw Downlight Mado 130 Mat IP40 9W 4000K 1075lm Ø130 Buitenmaat - Hoogte Ø140
3501221,Pragmalux,Pragmalux LED Opbouw Downlight Mado 160 Darklight 12W 3000K 1860lm Ø160 Buitenmaat - Hoogte Ø150 UGR<17
3501222,Pragmalux,Pragmalux LED Opbouw Downlight Mado 160 Darklight 12W 4000K 1960lm Ø160 Buitenmaat - Hoogte Ø150 UGR<17
3501223,Pragmalux,Pragmalux LED Opbouw Downlight Mado 160 Darklight 18W 3000K 2605lm Ø160 Buitenmaat - Hoogte Ø150 UGR<17
3501224,Pragmalux,Pragmalux LED Opbouw Downlight Mado 160 Darklight 18W 4000K 2735lm Ø160 Buitenmaat - Hoogte Ø150 UGR<17
3501246,Pragmalux,Pragmalux LED Opbouw Downlight Mado 160 Mat IP40 12W 3000K 1565lm Ø160 Buitenmaat - Hoogte Ø150
3501247,Pragmalux,Pragmalux LED Opbouw Downlight Mado 160 Mat IP40 12W 4000K 1645lm Ø160 Buitenmaat - Hoogte Ø150
3501724,Pragmalux,Pragmalux LED Opbouw Downlight Mado 160 Mat IP40 18W 2700K 2080lm Ø160 Buitenmaat - Hoogte Ø150
3501248,Pragmalux,Pragmalux LED Opbouw Downlight Mado 160 Mat IP40 18W 3000K 2190lm Ø160 Buitenmaat - Hoogte Ø150
3501733,Pragmalux,Pragmalux LED Opbouw Downlight Mado 160 Mat IP40 18W 3000K 2190lm Ø160 Buitenmaat - Hoogte Ø150 RAL 9010
3501734,Pragmalux,Pragmalux LED Opbouw Downlight Mado 160 Mat IP40 18W 3000K 2190lm Ø160 Buitenmaat - Hoogte Ø150 RAL 9010 - DALI
3501249,Pragmalux,Pragmalux LED Opbouw Downlight Mado 160 Mat IP40 18W 4000K 2300lm Ø160 Buitenmaat - Hoogte Ø150
3501457,Pragmalux,Pragmalux LED Opbouw Downlight Mado 160 Mat IP40 25W 3000K 2990lm Ø160 Buitenmaat - Hoogte Ø150
3501458,Pragmalux,Pragmalux LED Opbouw Downlight Mado 160 Mat IP40 25W 4000K 3140lm Ø160 Buitenmaat - Hoogte Ø150
3501455,Pragmalux,Pragmalux LED Opbouw Downlight Mado 160 Mat IP40 9W 3000K 1125lm Ø160 Buitenmaat - Hoogte Ø150
3501456,Pragmalux,Pragmalux LED Opbouw Downlight Mado 160 Mat IP40 9W 4000K 1185lm Ø160 Buitenmaat - Hoogte Ø150
3501727,Pragmalux,Pragmalux LED Opbouw Downlight Mado 160 Zwart IP40 18W 3000K 2190lm Ø160 Buitenmaat - Hoogte Ø150
3501336,Pragmalux,Pragmalux LED Opbouw Downlight Mado 205 Darklight 12W 4000K 1869lm Ø205 Buitenmaat - Hoogte Ø190
3501375,Pragmalux,Pragmalux LED Opbouw Downlight Mado 205 Darklight 18W 3000K 2486lm Ø205 Buitenmaat - Hoogte Ø190
3501347,Pragmalux,Pragmalux LED Opbouw Downlight Mado 205 Darklight 25W 3000K 3395lm Ø205 Buitenmaat - Hoogte Ø190
3501359,Pragmalux,Pragmalux LED Opbouw Downlight Mado 205 Darklight 25W 4000K 3566lm Ø205 Buitenmaat - Hoogte Ø190
3501335,Pragmalux,Pragmalux LED Opbouw Downlight Mado 205 Kruis rooster IP40 12W 4000K 1510lm Ø205 Buitenmaat - Hoogte Ø190 UGR<17
3501374,Pragmalux,Pragmalux LED Opbouw Downlight Mado 205 Kruis rooster IP40 18W 3000K 2015lm Ø205 Buitenmaat - Hoogte Ø190 UGR<17
3501346,Pragmalux,Pragmalux LED Opbouw Downlight Mado 205 Kruis rooster IP40 25W 3000K 2750lm Ø205 Buitenmaat - Hoogte Ø190 UGR<17
3501358,Pragmalux,Pragmalux LED Opbouw Downlight Mado 205 Kruis rooster IP40 25W 4000K 2885lm Ø205 Buitenmaat - Hoogte Ø190 UGR<17
3501330,Pragmalux,Pragmalux LED Opbouw Downlight Mado 205 Mat IP40 12W 3000K 1545lm Ø205 Buitenmaat - Hoogte Ø190 UGR<18
3501330-N,Pragmalux,Pragmalux LED Opbouw Downlight Mado 205 Mat IP40 12W 3000K 1545lm Ø205 Buitenmaat - Hoogte Ø190 UGR<18 + NOOD
3501337,Pragmalux,Pragmalux LED Opbouw Downlight Mado 205 Mat IP40 12W 4000K 1625lm Ø205 Buitenmaat - Hoogte Ø190 UGR<18
3501461,Pragmalux,Pragmalux LED Opbouw Downlight Mado 205 Mat IP40 18W 3000K 2160lm Ø205 Buitenmaat - Hoogte Ø190 UGR<18
3501462,Pragmalux,Pragmalux LED Opbouw Downlight Mado 205 Mat IP40 18W 4000K 2270lm Ø205 Buitenmaat - Hoogte Ø190 UGR<18
3501761,Pragmalux,Pragmalux LED Opbouw Downlight Mado 205 Mat IP40 25W 3000K 2950lm Ø205 Buitenmaat - Hoogte Ø190 UGR<18
3501348,Pragmalux,Pragmalux LED Opbouw Downlight Mado 205 Mat IP40 25W 3000K 2950lm Ø205 Buitenmaat - Hoogte Ø190 UGR<18
3501729,Pragmalux,Pragmalux LED Opbouw Downlight Mado 205 Mat IP40 25W 3000K 2950lm Ø205 Buitenmaat - Hoogte Ø190 UGR<18 + DALI
3501731,Pragmalux,Pragmalux LED Opbouw Downlight Mado 205 Mat IP40 25W 3000K 2950lm Ø205 Buitenmaat - Hoogte Ø190 UGR<18 + noodmodule
3501360,Pragmalux,Pragmalux LED Opbouw Downlight Mado 205 Mat IP40 25W 4000K 3100lm Ø205 Buitenmaat - Hoogte Ø190 UGR<18
3501463,Pragmalux,Pragmalux LED Opbouw Downlight Mado 205 Mat IP40 33W 3000K 3690lm Ø205 Buitenmaat - Hoogte Ø190 UGR<18
3501464,Pragmalux,Pragmalux LED Opbouw Downlight Mado 205 Mat IP40 33W 4000K 3875lm Ø205 Buitenmaat - Hoogte Ø190 UGR<18
3501459,Pragmalux,Pragmalux LED Opbouw Downlight Mado 205 Mat IP40 9W 3000K 1110lm Ø205 Buitenmaat - Hoogte Ø190 UGR<18
3501460,Pragmalux,Pragmalux LED Opbouw Downlight Mado 205 Mat IP40 9W 4000K 1170lm Ø205 Buitenmaat - Hoogte Ø190 UGR<18
3501387,Pragmalux,Pragmalux LED Opbouw Downlight Mado 205-190 Darklight 33W 3000K 4248lm Ø205 Buitenmaat - Hoogte Ø190
51141030-17972,Pragmalux,Pragmalux LED Opbouw Miro 30x150cm 40W 5200lm 3000K UGR<19 Microprismalens
9172643,Pragmalux,Pragmalux LED Opbouw-/pendelarmatuur Zalo Ø1200mm 150W 3000K/3500K/4000K 14450lm/14900lm/14630lm Wit - DALI
9172644,Pragmalux,Pragmalux LED Opbouw-/pendelarmatuur Zalo Ø1200mm 150W 3000K/3500K/4000K 14450lm/14900lm/14630lm Zwart - DALI
9011215,Pragmalux,Pragmalux LED Opbouw-/pendelarmatuur Zalo Ø1200mm Pendelset Wit
9011216,Pragmalux,Pragmalux LED Opbouw-/pendelarmatuur Zalo Ø1200mm Pendelset Zwart
9011209,Pragmalux,Pragmalux LED Opbouw-/pendelarmatuur Zalo Ø480mm & Ø600mm Pendelset Wit
9011210,Pragmalux,Pragmalux LED Opbouw-/pendelarmatuur Zalo Ø480mm & Ø600mm Pendelset Zwart
9172634,Pragmalux,Pragmalux LED Opbouw-/pendelarmatuur Zalo Ø480mm 40W 3000K/3500K/4000K 3330lm/3480lm/3510lm Wit - DALI
9172635,Pragmalux,Pragmalux LED Opbouw-/pendelarmatuur Zalo Ø480mm 40W 3000K/3500K/4000K 3330lm/3480lm/3510lm Zwart - DALI
9172637,Pragmalux,Pragmalux LED Opbouw-/pendelarmatuur Zalo Ø600mm 57W 3000K/3500K/4000K 5220lm/5540lm/5575lm Wit - DALI
9172638,Pragmalux,Pragmalux LED Opbouw-/pendelarmatuur Zalo Ø600mm 57W 3000K/3500K/4000K 5220lm/5540lm/5575lm Zwart - DALI
9172640,Pragmalux,Pragmalux LED Opbouw-/pendelarmatuur Zalo Ø900mm 92W 3000K/3500K/4000K 7540lm/7850lm/7900lm Wit - DALI
9172641,Pragmalux,Pragmalux LED Opbouw-/pendelarmatuur Zalo Ø900mm 92W 3000K/3500K/4000K 7540lm/7850lm/7900lm Zwart - DALI
9011212,Pragmalux,Pragmalux LED Opbouw-/pendelarmatuur Zalo Ø900mm Pendelset Wit
9011213,Pragmalux,Pragmalux LED Opbouw-/pendelarmatuur Zalo Ø900mm Pendelset Zwart
4241038-15350,Pragmalux,Pragmalux LED Opbouwarmatuur (LxWxH) 1170x197x47 Opbouw 30W 3750lm 4000K UGR<19 Microprisma Push-wire + Cable clamp
4241038-18055,Pragmalux,Pragmalux LED Opbouwarmatuur (LxWxH) 1170x197x47 Opbouw 30W 3750lm 4000K UGR<19 Microprisma Push-wire + Cable clamp
21232030,Pragmalux,Pragmalux LED Opbouwarmatuur Miro 30x120cm 29W 3600lm 3000K UGR<16 Matt
23232030,Pragmalux,Pragmalux LED Opbouwarmatuur Miro 30x120cm 29W 3600lm 3000K UGR<16 Matt 1-10V
22232030,Pragmalux,Pragmalux LED Opbouwarmatuur Miro 30x120cm 29W 3600lm 3000K UGR<16 Matt DALI
21132030,Pragmalux,Pragmalux LED Opbouwarmatuur Miro 30x120cm 29W 3700lm 3000K UGR<16 Hoogglans
23132030,Pragmalux,Pragmalux LED Opbouwarmatuur Miro 30x120cm 29W 3700lm 3000K UGR<16 Hoogglans 1-10V
22132030,Pragmalux,Pragmalux LED Opbouwarmatuur Miro 30x120cm 29W 3700lm 3000K UGR<16 Hoogglans DALI
21242030,Pragmalux,Pragmalux LED Opbouwarmatuur Miro 30x120cm 29W 3700lm 4000K UGR<16 Matt
23242030,Pragmalux,Pragmalux LED Opbouwarmatuur Miro 30x120cm 29W 3700lm 4000K UGR<16 Matt 1-10V
22242030,Pragmalux,Pragmalux LED Opbouwarmatuur Miro 30x120cm 29W 3700lm 4000K UGR<16 Matt DALI
21142030,Pragmalux,Pragmalux LED Opbouwarmatuur Miro 30x120cm 29W 3800lm 4000K UGR<16 Hoogglans
23142030,Pragmalux,Pragmalux LED Opbouwarmatuur Miro 30x120cm 29W 3800lm 4000K UGR<16 Hoogglans 1-10V
22142030,Pragmalux,Pragmalux LED Opbouwarmatuur Miro 30x120cm 29W 3800lm 4000K UGR<16 Hoogglans DALI
21232031,Pragmalux,Pragmalux LED Opbouwarmatuur Miro 30x120cm 34W 4250lm 3000K UGR<16 Matt
23232031,Pragmalux,Pragmalux LED Opbouwarmatuur Miro 30x120cm 34W 4250lm 3000K UGR<16 Matt 1-10V
22232031,Pragmalux,Pragmalux LED Opbouwarmatuur Miro 30x120cm 34W 4250lm 3000K UGR<16 Matt DALI
21132031,Pragmalux,Pragmalux LED Opbouwarmatuur Miro 30x120cm 34W 4350lm 3000K UGR<16 Hoogglans
23132031,Pragmalux,Pragmalux LED Opbouwarmatuur Miro 30x120cm 34W 4350lm 3000K UGR<16 Hoogglans 1-10V
22132031,Pragmalux,Pragmalux LED Opbouwarmatuur Miro 30x120cm 34W 4350lm 3000K UGR<16 Hoogglans DALI
21242031,Pragmalux,Pragmalux LED Opbouwarmatuur Miro 30x120cm 34W 4350lm 4000K UGR<16 Matt
23242031,Pragmalux,Pragmalux LED Opbouwarmatuur Miro 30x120cm 34W 4350lm 4000K UGR<16 Matt 1-10V
22242031,Pragmalux,Pragmalux LED Opbouwarmatuur Miro 30x120cm 34W 4350lm 4000K UGR<16 Matt DALI
21142031,Pragmalux,Pragmalux LED Opbouwarmatuur Miro 30x120cm 34W 4450lm 4000K UGR<16 Hoogglans
23142031,Pragmalux,Pragmalux LED Opbouwarmatuur Miro 30x120cm 34W 4450lm 4000K UGR<16 Hoogglans 1-10V
22142031,Pragmalux,Pragmalux LED Opbouwarmatuur Miro 30x120cm 34W 4450lm 4000K UGR<16 Hoogglans DALI
51232030,Pragmalux,Pragmalux LED Opbouwarmatuur Miro 30x150cm 40W 5000lm 3000K UGR<16 Matt
52232030,Pragmalux,Pragmalux LED Opbouwarmatuur Miro 30x150cm 40W 5000lm 3000K UGR<16 Matt DALI
51132030,Pragmalux,Pragmalux LED Opbouwarmatuur Miro 30x150cm 40W 5100lm 3000K UGR<16 Hoogglans
52132030,Pragmalux,Pragmalux LED Opbouwarmatuur Miro 30x150cm 40W 5100lm 3000K UGR<16 Hoogglans DALI
51132030-18056,Pragmalux,Pragmalux LED Opbouwarmatuur Miro 30x150cm 40W 5100lm 3000K UGR<19 Microprisma
51242030,Pragmalux,Pragmalux LED Opbouwarmatuur Miro 30x150cm 40W 5100lm 4000K UGR<16 Matt
52242030,Pragmalux,Pragmalux LED Opbouwarmatuur Miro 30x150cm 40W 5100lm 4000K UGR<16 Matt DALI
51142030,Pragmalux,Pragmalux LED Opbouwarmatuur Miro 30x150cm 40W 5200lm 4000K UGR<16 Hoogglans
51142030-11091,Pragmalux,Pragmalux LED Opbouwarmatuur Miro 30x150cm 40W 5200lm 4000K UGR<16 Hoogglans
52142030,Pragmalux,Pragmalux LED Opbouwarmatuur Miro 30x150cm 40W 5200lm 4000K UGR<16 Hoogglans DALI
51232031,Pragmalux,Pragmalux LED Opbouwarmatuur Miro 30x150cm 61W 7625lm 3000K UGR<16 Matt
52232031,Pragmalux,Pragmalux LED Opbouwarmatuur Miro 30x150cm 61W 7625lm 3000K UGR<16 Matt DALI
51242031,Pragmalux,Pragmalux LED Opbouwarmatuur Miro 30x150cm 61W 7675lm 4000K UGR<16 Matt
52242031,Pragmalux,Pragmalux LED Opbouwarmatuur Miro 30x150cm 61W 7675lm 4000K UGR<16 Matt DALI
51132031,Pragmalux,Pragmalux LED Opbouwarmatuur Miro 30x150cm 61W 7725lm 3000K UGR<16 Hoogglans
52132031,Pragmalux,Pragmalux LED Opbouwarmatuur Miro 30x150cm 61W 7725lm 3000K UGR<16 Hoogglans DALI
51142031,Pragmalux,Pragmalux LED Opbouwarmatuur Miro 30x150cm 61W 7800lm 4000K UGR<16 Hoogglans
52142031,Pragmalux,Pragmalux LED Opbouwarmatuur Miro 30x150cm 61W 7800lm 4000K UGR<16 Hoogglans DALI
61232030,Pragmalux,Pragmalux LED Opbouwarmatuur Miro 60x60cm 29W 3600lm 3000K UGR<16 Matt
63232030,Pragmalux,Pragmalux LED Opbouwarmatuur Miro 60x60cm 29W 3600lm 3000K UGR<16 Matt 1-10V
62232030,Pragmalux,Pragmalux LED Opbouwarmatuur Miro 60x60cm 29W 3600lm 3000K UGR<16 Matt DALI
61132030,Pragmalux,Pragmalux LED Opbouwarmatuur Miro 60x60cm 29W 3700lm 3000K UGR<16 Hoogglans
63132030,Pragmalux,Pragmalux LED Opbouwarmatuur Miro 60x60cm 29W 3700lm 3000K UGR<16 Hoogglans 1-10V
62132030,Pragmalux,Pragmalux LED Opbouwarmatuur Miro 60x60cm 29W 3700lm 3000K UGR<16 Hoogglans DALI
61242030,Pragmalux,Pragmalux LED Opbouwarmatuur Miro 60x60cm 29W 3700lm 4000K UGR<16 Matt
63242030,Pragmalux,Pragmalux LED Opbouwarmatuur Miro 60x60cm 29W 3700lm 4000K UGR<16 Matt 1-10V
62242030,Pragmalux,Pragmalux LED Opbouwarmatuur Miro 60x60cm 29W 3700lm 4000K UGR<16 Matt DALI
61142030,Pragmalux,Pragmalux LED Opbouwarmatuur Miro 60x60cm 29W 3800lm 4000K UGR<16 Hoogglans
63142030,Pragmalux,Pragmalux LED Opbouwarmatuur Miro 60x60cm 29W 3800lm 4000K UGR<16 Hoogglans 1-10V
62142030,Pragmalux,Pragmalux LED Opbouwarmatuur Miro 60x60cm 29W 3800lm 4000K UGR<16 Hoogglans DALI
61232031,Pragmalux,Pragmalux LED Opbouwarmatuur Miro 60x60cm 34W 4250lm 3000K UGR<16 Matt
63232031,Pragmalux,Pragmalux LED Opbouwarmatuur Miro 60x60cm 34W 4250lm 3000K UGR<16 Matt 1-10V
62232031,Pragmalux,Pragmalux LED Opbouwarmatuur Miro 60x60cm 34W 4250lm 3000K UGR<16 Matt DALI
61132031,Pragmalux,Pragmalux LED Opbouwarmatuur Miro 60x60cm 34W 4350lm 3000K UGR<16 Hoogglans
63132031,Pragmalux,Pragmalux LED Opbouwarmatuur Miro 60x60cm 34W 4350lm 3000K UGR<16 Hoogglans 1-10V
62132031,Pragmalux,Pragmalux LED Opbouwarmatuur Miro 60x60cm 34W 4350lm 3000K UGR<16 Hoogglans DALI
61242031,Pragmalux,Pragmalux LED Opbouwarmatuur Miro 60x60cm 34W 4350lm 4000K UGR<16 Matt
63242031,Pragmalux,Pragmalux LED Opbouwarmatuur Miro 60x60cm 34W 4350lm 4000K UGR<16 Matt 1-10V
62242031,Pragmalux,Pragmalux LED Opbouwarmatuur Miro 60x60cm 34W 4350lm 4000K UGR<16 Matt DALI
61142031,Pragmalux,Pragmalux LED Opbouwarmatuur Miro 60x60cm 34W 4450lm 4000K UGR<16 Hoogglans
63142031,Pragmalux,Pragmalux LED Opbouwarmatuur Miro 60x60cm 34W 4450lm 4000K UGR<16 Hoogglans 1-10V
62142031,Pragmalux,Pragmalux LED Opbouwarmatuur Miro 60x60cm 34W 4450lm 4000K UGR<16 Hoogglans DALI
2030985-DA,Pragmalux,Pragmalux LED Opbouwarmatuur Optic matte reflector 150x1520mm 36W 4350-4750lm 3000K-3500K-4000K 3CCT CRI>90 UGR<16 wit RAL9003 + Philips DALI driver
2030985-PH,Pragmalux,Pragmalux LED Opbouwarmatuur Optic matte reflector 150x1520mm 36W 4350-4750lm 3000K-3500K-4000K 3CCT CRI>90 UGR<16 wit RAL9003 + Philips driver
2030985,Pragmalux,Pragmalux LED Opbouwarmatuur Optic matte reflector 150x1520mm 36W 4350-4750lm 3000K-3500K-4000K 3CCT CRI>90 UGR<16 wit RAL9003 excl.driver
2030992-PH,Pragmalux,Pragmalux LED Opbouwarmatuur Optic matte reflector 150x1520mm 36W 4350-4750lm 6500K CRI>90 UGR<16 wit RAL9003 + Philips driver
2030992,Pragmalux,Pragmalux LED Opbouwarmatuur Optic matte reflector 150x1520mm 36W 4350-4750lm 6500K CRI>90 UGR<16 wit RAL9003 excl.driver
3501618,Pragmalux,Pragmalux LED Paneel 30x120cm Clean IP65 Opaal 39W 3000K 4655lm UGR<22
3501636,Pragmalux,Pragmalux LED Paneel 30x120cm Clean IP65 Opaal 39W 3000K 4655lm UGR<22 DALI
3501627,Pragmalux,Pragmalux LED Paneel 30x120cm Clean IP65 Opaal 39W 4000K 4900lm UGR<22
3501645,Pragmalux,Pragmalux LED Paneel 30x120cm Clean IP65 Opaal 39W 4000K 4900lm UGR<22 DALI
3501619,Pragmalux,Pragmalux LED Paneel 30x120cm Clean IP65 Opaal 54W 3000K 6270lm UGR<22
3501637,Pragmalux,Pragmalux LED Paneel 30x120cm Clean IP65 Opaal 54W 3000K 6270lm UGR<22 DALI
3501628,Pragmalux,Pragmalux LED Paneel 30x120cm Clean IP65 Opaal 54W 4000K 6600lm UGR<22
3501646,Pragmalux,Pragmalux LED Paneel 30x120cm Clean IP65 Opaal 54W 4000K 6600lm UGR<22 DALI
3501582,Pragmalux,Pragmalux LED Paneel 30x120cm Clean IP65 Prisma 39W 3000K 4236lm UGR<19
3501600,Pragmalux,Pragmalux LED Paneel 30x120cm Clean IP65 Prisma 39W 3000K 4236lm UGR<19 DALI
3501591,Pragmalux,Pragmalux LED Paneel 30x120cm Clean IP65 Prisma 39W 4000K 4459lm UGR<19
3501609,Pragmalux,Pragmalux LED Paneel 30x120cm Clean IP65 Prisma 39W 4000K 4459lm UGR<19 DALI
3501583,Pragmalux,Pragmalux LED Paneel 30x120cm Clean IP65 Prisma 54W 3000K 5706lm UGR<19
3501601,Pragmalux,Pragmalux LED Paneel 30x120cm Clean IP65 Prisma 54W 3000K 5706lm UGR<19 DALI
3501592,Pragmalux,Pragmalux LED Paneel 30x120cm Clean IP65 Prisma 54W 4000K 6006lm UGR<19
3501610,Pragmalux,Pragmalux LED Paneel 30x120cm Clean IP65 Prisma 54W 4000K 6006lm UGR<19 DALI
3501562,Pragmalux,Pragmalux LED Paneel 30x120cm Spruzi IP44 Opaal 30W 3000K 3105lm UGR<20
3501678,Pragmalux,Pragmalux LED Paneel 30x120cm Spruzi IP44 Opaal 30W 3000K 3105lm UGR<20 DALI
3501573,Pragmalux,Pragmalux LED Paneel 30x120cm Spruzi IP44 Opaal 30W 4000K 3260lm UGR<20
3501689,Pragmalux,Pragmalux LED Paneel 30x120cm Spruzi IP44 Opaal 30W 4000K 3260lm UGR<20 DALI
3501563,Pragmalux,Pragmalux LED Paneel 30x120cm Spruzi IP44 Opaal 40W 3000K 4140lm UGR<20
3501679,Pragmalux,Pragmalux LED Paneel 30x120cm Spruzi IP44 Opaal 40W 3000K 4140lm UGR<20 DALI
3501574,Pragmalux,Pragmalux LED Paneel 30x120cm Spruzi IP44 Opaal 40W 4000K 4345lm UGR<20
3501690,Pragmalux,Pragmalux LED Paneel 30x120cm Spruzi IP44 Opaal 40W 4000K 4345lm UGR<20 DALI
3501564,Pragmalux,Pragmalux LED Paneel 30x120cm Spruzi IP44 Opaal 45W 3000K 4660m UGR<20
3501680,Pragmalux,Pragmalux LED Paneel 30x120cm Spruzi IP44 Opaal 45W 3000K 4660m UGR<20 DALI
3501575,Pragmalux,Pragmalux LED Paneel 30x120cm Spruzi IP44 Opaal 45W 4000K 4885lm UGR<20
3501691,Pragmalux,Pragmalux LED Paneel 30x120cm Spruzi IP44 Opaal 45W 4000K 4885lm UGR<20 DALI
3501540,Pragmalux,Pragmalux LED Paneel 30x120cm Spruzi IP44 Prisma 30W 3000K 3450lm UGR<19
3501656,Pragmalux,Pragmalux LED Paneel 30x120cm Spruzi IP44 Prisma 30W 3000K 3450lm UGR<19 DALI
3501551,Pragmalux,Pragmalux LED Paneel 30x120cm Spruzi IP44 Prisma 30W 4000K 3620lm UGR<19
3501667,Pragmalux,Pragmalux LED Paneel 30x120cm Spruzi IP44 Prisma 30W 4000K 3620lm UGR<19 DALI
3501541,Pragmalux,Pragmalux LED Paneel 30x120cm Spruzi IP44 Prisma 40W 3000K 4600lm UGR<19
3501657,Pragmalux,Pragmalux LED Paneel 30x120cm Spruzi IP44 Prisma 40W 3000K 4600lm UGR<19 DALI
3501552,Pragmalux,Pragmalux LED Paneel 30x120cm Spruzi IP44 Prisma 40W 4000K 4830lm UGR<19
3501668,Pragmalux,Pragmalux LED Paneel 30x120cm Spruzi IP44 Prisma 40W 4000K 4830lm UGR<19 DALI
3501542,Pragmalux,Pragmalux LED Paneel 30x120cm Spruzi IP44 Prisma 45W 3000K 5175lm UGR<19
3501658,Pragmalux,Pragmalux LED Paneel 30x120cm Spruzi IP44 Prisma 45W 3000K 5175lm UGR<19 DALI
3501553,Pragmalux,Pragmalux LED Paneel 30x120cm Spruzi IP44 Prisma 45W 4000K 5430lm UGR<19
3501669,Pragmalux,Pragmalux LED Paneel 30x120cm Spruzi IP44 Prisma 45W 4000K 5430lm UGR<19 DALI
3501622,Pragmalux,Pragmalux LED Paneel 30x150cm Clean IP65 Opaal 49W 3000K 5795lm UGR<22
3501640,Pragmalux,Pragmalux LED Paneel 30x150cm Clean IP65 Opaal 49W 3000K 5795lm UGR<22 DALI
3501631,Pragmalux,Pragmalux LED Paneel 30x150cm Clean IP65 Opaal 49W 4000K 6100lm UGR<22
3501649,Pragmalux,Pragmalux LED Paneel 30x150cm Clean IP65 Opaal 49W 4000K 6100lm UGR<22 DALI
3501623,Pragmalux,Pragmalux LED Paneel 30x150cm Clean IP65 Opaal 99W 3000K 10925lm UGR<22
3501641,Pragmalux,Pragmalux LED Paneel 30x150cm Clean IP65 Opaal 99W 3000K 10925lm UGR<22 DALI
3501632,Pragmalux,Pragmalux LED Paneel 30x150cm Clean IP65 Opaal 99W 4000K 11500lm UGR<22
3501650,Pragmalux,Pragmalux LED Paneel 30x150cm Clean IP65 Opaal 99W 4000K 11500lm UGR<22 DALI
3501586,Pragmalux,Pragmalux LED Paneel 30x150cm Clean IP65 Prisma 49W 3000K 5273lm UGR<19
3501604,Pragmalux,Pragmalux LED Paneel 30x150cm Clean IP65 Prisma 49W 3000K 5273lm UGR<19 DALI
3501595,Pragmalux,Pragmalux LED Paneel 30x150cm Clean IP65 Prisma 49W 4000K 5551lm UGR<19
3501613,Pragmalux,Pragmalux LED Paneel 30x150cm Clean IP65 Prisma 49W 4000K 5551lm UGR<19 DALI
3501587,Pragmalux,Pragmalux LED Paneel 30x150cm Clean IP65 Prisma 99W 3000K 9942lm UGR<19
3501605,Pragmalux,Pragmalux LED Paneel 30x150cm Clean IP65 Prisma 99W 3000K 9942lm UGR<19 DALI
3501596,Pragmalux,Pragmalux LED Paneel 30x150cm Clean IP65 Prisma 99W 4000K 10465lm UGR<19
3501614,Pragmalux,Pragmalux LED Paneel 30x150cm Clean IP65 Prisma 99W 4000K 10465lm UGR<19 DALI
3501565,Pragmalux,Pragmalux LED Paneel 30x150cm Spruzi IP44 Opaal 38W 3000K 3930lm UGR<20
3501681,Pragmalux,Pragmalux LED Paneel 30x150cm Spruzi IP44 Opaal 38W 3000K 3930lm UGR<20 DALI
3501576,Pragmalux,Pragmalux LED Paneel 30x150cm Spruzi IP44 Opaal 38W 4000K 4130lm UGR<20
3501692,Pragmalux,Pragmalux LED Paneel 30x150cm Spruzi IP44 Opaal 38W 4000K 4130lm UGR<20 DALI
3501566,Pragmalux,Pragmalux LED Paneel 30x150cm Spruzi IP44 Opaal 50W 3000K 5175lm UGR<20
3501682,Pragmalux,Pragmalux LED Paneel 30x150cm Spruzi IP44 Opaal 50W 3000K 5175lm UGR<20 DALI
3501577,Pragmalux,Pragmalux LED Paneel 30x150cm Spruzi IP44 Opaal 50W 4000K 5430lm UGR<20
3501693,Pragmalux,Pragmalux LED Paneel 30x150cm Spruzi IP44 Opaal 50W 4000K 5430lm UGR<20 DALI
3501543,Pragmalux,Pragmalux LED Paneel 30x150cm Spruzi IP44 Prisma 38W 3000K 4370lm UGR<19
3501659,Pragmalux,Pragmalux LED Paneel 30x150cm Spruzi IP44 Prisma 38W 3000K 4370lm UGR<19 DALI
3501554,Pragmalux,Pragmalux LED Paneel 30x150cm Spruzi IP44 Prisma 38W 4000K 4590lm UGR<19
3501670,Pragmalux,Pragmalux LED Paneel 30x150cm Spruzi IP44 Prisma 38W 4000K 4590lm UGR<19 DALI
3501544,Pragmalux,Pragmalux LED Paneel 30x150cm Spruzi IP44 Prisma 50W 3000K 5750lm UGR<19
3501660,Pragmalux,Pragmalux LED Paneel 30x150cm Spruzi IP44 Prisma 50W 3000K 5750lm UGR<19 DALI
3501555,Pragmalux,Pragmalux LED Paneel 30x150cm Spruzi IP44 Prisma 50W 4000K 6035lm UGR<19
3501671,Pragmalux,Pragmalux LED Paneel 30x150cm Spruzi IP44 Prisma 50W 4000K 6035lm UGR<19 DALI
3501615,Pragmalux,Pragmalux LED Paneel 30x60cm Clean IP65 Opaal 17W 3000K 1995lm UGR<22
3501633,Pragmalux,Pragmalux LED Paneel 30x60cm Clean IP65 Opaal 17W 3000K 1995lm UGR<22 DALI
3501624,Pragmalux,Pragmalux LED Paneel 30x60cm Clean IP65 Opaal 17W 4000K 2100lm UGR<22
3501642,Pragmalux,Pragmalux LED Paneel 30x60cm Clean IP65 Opaal 17W 4000K 2100lm UGR<22 DALI
3501579,Pragmalux,Pragmalux LED Paneel 30x60cm Clean IP65 Prisma 17W 3000K 1815lm UGR<19
3501597,Pragmalux,Pragmalux LED Paneel 30x60cm Clean IP65 Prisma 17W 3000K 1815lm UGR<19 DALI
3501588,Pragmalux,Pragmalux LED Paneel 30x60cm Clean IP65 Prisma 17W 4000K 1911lm UGR<19
3501606,Pragmalux,Pragmalux LED Paneel 30x60cm Clean IP65 Prisma 17W 4000K 1911lm UGR<19 DALI
3501557,Pragmalux,Pragmalux LED Paneel 30x60cm Spruzi IP44 Opaal 18W 3000K 1865lm UGR<20
3501673,Pragmalux,Pragmalux LED Paneel 30x60cm Spruzi IP44 Opaal 18W 3000K 1865lm UGR<20 DALI
3501568,Pragmalux,Pragmalux LED Paneel 30x60cm Spruzi IP44 Opaal 18W 4000K 1960lm UGR<20
3501684,Pragmalux,Pragmalux LED Paneel 30x60cm Spruzi IP44 Opaal 18W 4000K 1960lm UGR<20 DALI
3501558,Pragmalux,Pragmalux LED Paneel 30x60cm Spruzi IP44 Opaal 26W 3000K 2690lm UGR<20
3501674,Pragmalux,Pragmalux LED Paneel 30x60cm Spruzi IP44 Opaal 26W 3000K 2690lm UGR<20 DALI
3501569,Pragmalux,Pragmalux LED Paneel 30x60cm Spruzi IP44 Opaal 26W 4000K 2825lm UGR<20
3501685,Pragmalux,Pragmalux LED Paneel 30x60cm Spruzi IP44 Opaal 26W 4000K 2825lm UGR<20 DALI
3501535,Pragmalux,Pragmalux LED Paneel 30x60cm Spruzi IP44 Prisma 18W 3000K 2070lm UGR<19
3501651,Pragmalux,Pragmalux LED Paneel 30x60cm Spruzi IP44 Prisma 18W 3000K 2070lm UGR<19 DALI
3501546,Pragmalux,Pragmalux LED Paneel 30x60cm Spruzi IP44 Prisma 18W 4000K 2175lm UGR<19
3501662,Pragmalux,Pragmalux LED Paneel 30x60cm Spruzi IP44 Prisma 18W 4000K 2175lm UGR<19 DALI
3501536,Pragmalux,Pragmalux LED Paneel 30x60cm Spruzi IP44 Prisma 26W 3000K 2990lm UGR<19
3501652,Pragmalux,Pragmalux LED Paneel 30x60cm Spruzi IP44 Prisma 26W 3000K 2990lm UGR<19 DALI
3501547,Pragmalux,Pragmalux LED Paneel 30x60cm Spruzi IP44 Prisma 26W 4000K 3140lm UGR<19
3501663,Pragmalux,Pragmalux LED Paneel 30x60cm Spruzi IP44 Prisma 26W 4000K 3140lm UGR<19 DALI
3501621,Pragmalux,Pragmalux LED Paneel 60x120cm Clean IP65 Opaal 113W 3000K 13205lm UGR<22
3501639,Pragmalux,Pragmalux LED Paneel 60x120cm Clean IP65 Opaal 113W 3000K 13205lm UGR<22 DALI
3501630,Pragmalux,Pragmalux LED Paneel 60x120cm Clean IP65 Opaal 113W 4000K 13900lm UGR<22
3501648,Pragmalux,Pragmalux LED Paneel 60x120cm Clean IP65 Opaal 113W 4000K 13900lm UGR<22 DALI
3501620,Pragmalux,Pragmalux LED Paneel 60x120cm Clean IP65 Opaal 79W 3000K 9310lm UGR<22
3501638,Pragmalux,Pragmalux LED Paneel 60x120cm Clean IP65 Opaal 79W 3000K 9310lm UGR<22 DALI
3501629,Pragmalux,Pragmalux LED Paneel 60x120cm Clean IP65 Opaal 79W 4000K 9800lm UGR<22
3501647,Pragmalux,Pragmalux LED Paneel 60x120cm Clean IP65 Opaal 79W 4000K 9800lm UGR<22 DALI
3501585,Pragmalux,Pragmalux LED Paneel 60x120cm Clean IP65 Prisma 113W 3000K 12016lm UGR<19
3501603,Pragmalux,Pragmalux LED Paneel 60x120cm Clean IP65 Prisma 113W 3000K 12016lm UGR<19 DALI
3501594,Pragmalux,Pragmalux LED Paneel 60x120cm Clean IP65 Prisma 113W 4000K 12649lm UGR<19
3501612,Pragmalux,Pragmalux LED Paneel 60x120cm Clean IP65 Prisma 113W 4000K 12649lm UGR<19 DALI
3501584,Pragmalux,Pragmalux LED Paneel 60x120cm Clean IP65 Prisma 79W 3000K 8472lm UGR<19
3501602,Pragmalux,Pragmalux LED Paneel 60x120cm Clean IP65 Prisma 79W 3000K 8472lm UGR<19 DALI
3501593,Pragmalux,Pragmalux LED Paneel 60x120cm Clean IP65 Prisma 79W 4000K 8918lm UGR<19
3501611,Pragmalux,Pragmalux LED Paneel 60x120cm Clean IP65 Prisma 79W 4000K 8918lm UGR<19 DALI
3501567,Pragmalux,Pragmalux LED Paneel 60x120cm Spruzi IP44 Opaal 76W 3000K 8765lm UGR<20
3501683,Pragmalux,Pragmalux LED Paneel 60x120cm Spruzi IP44 Opaal 76W 3000K 8765lm UGR<20 DALI
3501578,Pragmalux,Pragmalux LED Paneel 60x120cm Spruzi IP44 Opaal 76W 4000K 8260lm UGR<20
3501694,Pragmalux,Pragmalux LED Paneel 60x120cm Spruzi IP44 Opaal 76W 4000K 8260lm UGR<20 DALI
3501545,Pragmalux,Pragmalux LED Paneel 60x120cm Spruzi IP44 Prisma 76W 3000K 8740lm UGR<19
3501661,Pragmalux,Pragmalux LED Paneel 60x120cm Spruzi IP44 Prisma 76W 3000K 8740lm UGR<19 DALI
3501556,Pragmalux,Pragmalux LED Paneel 60x120cm Spruzi IP44 Prisma 76W 4000K 9175lm UGR<19
3501672,Pragmalux,Pragmalux LED Paneel 60x120cm Spruzi IP44 Prisma 76W 4000K 9175lm UGR<19 DALI
3501616,Pragmalux,Pragmalux LED Paneel 60x60cm Clean IP65 Opaal 39W 3000K 4655lm UGR<22
3501634,Pragmalux,Pragmalux LED Paneel 60x60cm Clean IP65 Opaal 39W 3000K 4655lm UGR<22 DALI
3501625,Pragmalux,Pragmalux LED Paneel 60x60cm Clean IP65 Opaal 39W 4000K 4900lm UGR<22
3501643,Pragmalux,Pragmalux LED Paneel 60x60cm Clean IP65 Opaal 39W 4000K 4900lm UGR<22 DALI
3501617,Pragmalux,Pragmalux LED Paneel 60x60cm Clean IP65 Opaal 54W 3000K 6270lm UGR<22
3501635,Pragmalux,Pragmalux LED Paneel 60x60cm Clean IP65 Opaal 54W 3000K 6270lm UGR<22 DALI
3501626,Pragmalux,Pragmalux LED Paneel 60x60cm Clean IP65 Opaal 54W 4000K 6600lm UGR<22
3501644,Pragmalux,Pragmalux LED Paneel 60x60cm Clean IP65 Opaal 54W 4000K 6600lm UGR<22 DALI
3501580,Pragmalux,Pragmalux LED Paneel 60x60cm Clean IP65 Prisma 39W 3000K 4236lm UGR<19
3501598,Pragmalux,Pragmalux LED Paneel 60x60cm Clean IP65 Prisma 39W 3000K 4236lm UGR<19 DALI
3501589,Pragmalux,Pragmalux LED Paneel 60x60cm Clean IP65 Prisma 39W 4000K 4459lm UGR<19
3501607,Pragmalux,Pragmalux LED Paneel 60x60cm Clean IP65 Prisma 39W 4000K 4459lm UGR<19 DALI
3501581,Pragmalux,Pragmalux LED Paneel 60x60cm Clean IP65 Prisma 54W 3000K 5706lm UGR<19
3501599,Pragmalux,Pragmalux LED Paneel 60x60cm Clean IP65 Prisma 54W 3000K 5706lm UGR<19 DALI
3501590,Pragmalux,Pragmalux LED Paneel 60x60cm Clean IP65 Prisma 54W 4000K 6006lm UGR<19
3501608,Pragmalux,Pragmalux LED Paneel 60x60cm Clean IP65 Prisma 54W 4000K 6006lm UGR<19 DALI
3501559,Pragmalux,Pragmalux LED Paneel 60x60cm Spruzi IP44 Opaal 30W 3000K 3800lm UGR<20
3501675,Pragmalux,Pragmalux LED Paneel 60x60cm Spruzi IP44 Opaal 30W 3000K 3800lm UGR<20 DALI
3501533,Pragmalux,Pragmalux LED Paneel 60x60cm Spruzi IP44 Opaal 30W 4000K 4000lm UGR<20
3501686,Pragmalux,Pragmalux LED Paneel 60x60cm Spruzi IP44 Opaal 30W 4000K 4000lm UGR<20 DALI
3501560,Pragmalux,Pragmalux LED Paneel 60x60cm Spruzi IP44 Opaal 40W 3000K 4980lm UGR<20
3501676,Pragmalux,Pragmalux LED Paneel 60x60cm Spruzi IP44 Opaal 40W 3000K 4980lm UGR<20 DALI
3501571,Pragmalux,Pragmalux LED Paneel 60x60cm Spruzi IP44 Opaal 40W 4000K 5240lm UGR<20
3501687,Pragmalux,Pragmalux LED Paneel 60x60cm Spruzi IP44 Opaal 40W 4000K 5240lm UGR<20 DALI
3501561,Pragmalux,Pragmalux LED Paneel 60x60cm Spruzi IP44 Opaal 45W 3000K 5380lm UGR<20
3501677,Pragmalux,Pragmalux LED Paneel 60x60cm Spruzi IP44 Opaal 45W 3000K 5380lm UGR<20 DALI
3501572,Pragmalux,Pragmalux LED Paneel 60x60cm Spruzi IP44 Opaal 45W 4000K 5660lm UGR<20
3501688,Pragmalux,Pragmalux LED Paneel 60x60cm Spruzi IP44 Opaal 45W 4000K 5660lm UGR<20 DALI
3501537,Pragmalux,Pragmalux LED Paneel 60x60cm Spruzi IP44 Prisma 30W 3000K 4000lm UGR<19
3501653,Pragmalux,Pragmalux LED Paneel 60x60cm Spruzi IP44 Prisma 30W 3000K 4000lm UGR<19 DALI
3501548,Pragmalux,Pragmalux LED Paneel 60x60cm Spruzi IP44 Prisma 30W 4000K 4200lm UGR<19
3501664,Pragmalux,Pragmalux LED Paneel 60x60cm Spruzi IP44 Prisma 30W 4000K 4200lm UGR<19 DALI
3501538,Pragmalux,Pragmalux LED Paneel 60x60cm Spruzi IP44 Prisma 40W 3000K 5240lm UGR<19
3501654,Pragmalux,Pragmalux LED Paneel 60x60cm Spruzi IP44 Prisma 40W 3000K 5240lm UGR<19 DALI
3501549,Pragmalux,Pragmalux LED Paneel 60x60cm Spruzi IP44 Prisma 40W 4000K 5500lm UGR<19
3501665,Pragmalux,Pragmalux LED Paneel 60x60cm Spruzi IP44 Prisma 40W 4000K 5500lm UGR<19 DALI
3501539,Pragmalux,Pragmalux LED Paneel 60x60cm Spruzi IP44 Prisma 45W 3000K 5660lm UGR<19
3501655,Pragmalux,Pragmalux LED Paneel 60x60cm Spruzi IP44 Prisma 45W 3000K 5660lm UGR<19 DALI
3501550,Pragmalux,Pragmalux LED Paneel 60x60cm Spruzi IP44 Prisma 45W 4000K 5945lm UGR<19
3501666,Pragmalux,Pragmalux LED Paneel 60x60cm Spruzi IP44 Prisma 45W 4000K 5945lm UGR<19 DALI
1048970,Pragmalux,Pragmalux LED Paneel Flexcore IP44 30x120cm 26-39W 3600-5500lm 3000K-3500K-4000K 3CCT CRI >90 UGR<19 zwart RAL9005 excl. led driver
2036253,Pragmalux,Pragmalux LED Paneel Flexcore IP44 30x120cm 26-39W 3600-5500lm 3000K-3500K-4000K 3CCT CRI>90 UGR<19 wit RAL9003 excl. led driver + PLENUM
2036239,Pragmalux,Pragmalux LED Paneel Flexcore IP44 60x60cm 26-39W 3600-5500lm 3000K-3500K-4000K 3CCT CRI >90 UGR<19 wit RAL9003 excl. led driver + PLENUM
1048963,Pragmalux,Pragmalux LED Paneel Flexcore IP44 60x60cm 26-39W 3600-5500lm 3000K-3500K-4000K 3CCT CRI >90 UGR<19 zwart RAL9005 excl. led driver
1049014,Pragmalux,Pragmalux LED Paneel Flexcore IP44 Easyair Sensor 30x120cm 26-39W 3600-5500lm 3000K-3500K-4000K 3CCT CRI >90 UGR<19 zwart RAL9005 excl. led driver
1048987,Pragmalux,Pragmalux LED Paneel Flexcore IP44 Easyair Sensor 60x60cm 26-39W 3600-5500lm 3000K-3500K-4000K 3CCT CRI >90 UGR<19 wit RAL9003excl. led driver
1049007,Pragmalux,Pragmalux LED Paneel Flexcore IP44 Easyair Sensor 60x60cm 26-39W 3600-5500lm 3000K-3500K-4000K 3CCT CRI >90 UGR<19 zwart RAL9005 excl. led driver
74310301,Pragmalux,Pragmalux LED Paneel Lino 60x60cm 29W 3625lm 3000K UGR<19
84310301,Pragmalux,Pragmalux LED Paneel Lino 60x60cm 29W 3625lm 3000K UGR<19 DALI
74410301,Pragmalux,Pragmalux LED Paneel Lino 60x60cm 29W 3700lm 4000K UGR<19
84410301,Pragmalux,Pragmalux LED Paneel Lino 60x60cm 29W 3700lm 4000K UGR<19 DALI
74610301,Pragmalux,Pragmalux LED Paneel Lino 60x60cm 29W 3725lm 6500K UGR<19
84610301,Pragmalux,Pragmalux LED Paneel Lino 60x60cm 29W 3725lm 6500K UGR<19 DALI
74310308,Pragmalux,Pragmalux LED Paneel Lino 60x60cm 34W 4250lm 3000K UGR<19
84310308,Pragmalux,Pragmalux LED Paneel Lino 60x60cm 34W 4250lm 3000K UGR<19 DALI
74410308,Pragmalux,Pragmalux LED Paneel Lino 60x60cm 34W 4275lm 4000K UGR<19
84410308,Pragmalux,Pragmalux LED Paneel Lino 60x60cm 34W 4275lm 4000K UGR<19 DALI
74610308,Pragmalux,Pragmalux LED Paneel Lino 60x60cm 34W 4300lm 6500K UGR<19
84610308,Pragmalux,Pragmalux LED Paneel Lino 60x60cm 34W 4300lm 6500K UGR<19 DALI
1000978,Pragmalux,Pragmalux LED Paneel Opbouwset Sigma G2/Easy 30x120cm
1000961,Pragmalux,Pragmalux LED Paneel Opbouwset Sigma G2/Easy 60x60cm
H1088389-TC-DA-ST5,Pragmalux,Pragmalux LED Paneel Optic hoogglans reflector 60x60cm 36W 4400-4800lm 3000K-3500K-4000K 3CCT CRI>90 UGR<16 wit RAL9003 + TCI DALI Driver + 5P Aansluitsnoer B2ca
2033221,Pragmalux,Pragmalux LED Paneel Optic matte reflector 60x60cm 26-36W 3550-4750lm 3000K-3500K-4000K 3CCT CRI>90 UGR<16 wit RAL9003 excl.driver+ plenum
Z1088389-TC-DA-ST5,Pragmalux,Pragmalux LED Paneel Optic zwarte reflector 60x60cm 36W 4050-4400lm 3000K-3500K-4000K 3CCT CRI>90 UGR<16 wit RAL9003 + TCI DALI Driver + 5P Aansluitsnoer B2ca
74330301,Pragmalux,Pragmalux LED Paneel Sky 60x60cm 35W 4400lm 3000K UGR<19
84330308,Pragmalux,Pragmalux LED Paneel Sky 60x60cm 35W 4400lm 3000K UGR<19 DALI
74340301,Pragmalux,Pragmalux LED Paneel Sky 60x60cm 35W 4500lm 4000K UGR<19
84340308,Pragmalux,Pragmalux LED Paneel Sky 60x60cm 35W 4500lm 4000K UGR<19 DALI
74360301,Pragmalux,Pragmalux LED Paneel Sky 60x60cm 35W 4525lm 6500K UGR<19
84360308,Pragmalux,Pragmalux LED Paneel Sky 60x60cm 35W 4525lm 6500K UGR<19 DALI
3501736,Pragmalux,Pragmalux LED Paneel Sparta Inbouw 1200x300 95W 4000K 11750lm GST18i5
3501505,Pragmalux,Pragmalux LED Paneel Sparta Surface 102W 3000K 10869lm 85D
3501519,Pragmalux,Pragmalux LED Paneel Sparta Surface 102W 3000K 10869lm 85D Dali
3501512,Pragmalux,Pragmalux LED Paneel Sparta Surface 102W 4000K 11441lm 85D
3501526,Pragmalux,Pragmalux LED Paneel Sparta Surface 102W 4000K 11441lm 85D Dali
3501506,Pragmalux,Pragmalux LED Paneel Sparta Surface 142W 3000K 16602lm 85D
3501520,Pragmalux,Pragmalux LED Paneel Sparta Surface 142W 3000K 16602lm 85D Dali
3501513,Pragmalux,Pragmalux LED Paneel Sparta Surface 142W 4000K 17476lm 85D
3501527,Pragmalux,Pragmalux LED Paneel Sparta Surface 142W 4000K 17476lm 85D Dali
3501507,Pragmalux,Pragmalux LED Paneel Sparta Surface 145W 3000K 15349lm 85D
3501521,Pragmalux,Pragmalux LED Paneel Sparta Surface 145W 3000K 15349lm 85D Dali
3501514,Pragmalux,Pragmalux LED Paneel Sparta Surface 145W 4000K 16157lm 85D
3501528,Pragmalux,Pragmalux LED Paneel Sparta Surface 145W 4000K 16157lm 85D Dali
3501508,Pragmalux,Pragmalux LED Paneel Sparta Surface 205W 3000K 23954lm 85D
3501522,Pragmalux,Pragmalux LED Paneel Sparta Surface 205W 3000K 23954lm 85D Dali
3501515,Pragmalux,Pragmalux LED Paneel Sparta Surface 205W 4000K 25215lm 85D
3501529,Pragmalux,Pragmalux LED Paneel Sparta Surface 205W 4000K 25215lm 85D Dali
3501502,Pragmalux,Pragmalux LED Paneel Sparta Surface 47W 3000K 5345lm 85D
3501516,Pragmalux,Pragmalux LED Paneel Sparta Surface 47W 3000K 5345lm 85D Dali
3501509,Pragmalux,Pragmalux LED Paneel Sparta Surface 47W 4000K 5625lm 85D
3501523,Pragmalux,Pragmalux LED Paneel Sparta Surface 47W 4000K 5625lm 85D Dali
3501504,Pragmalux,Pragmalux LED Paneel Sparta Surface 70W 3000K 7889lm 85D
3501518,Pragmalux,Pragmalux LED Paneel Sparta Surface 70W 3000K 7889lm 85D Dali
3501511,Pragmalux,Pragmalux LED Paneel Sparta Surface 70W 4000K 8301lm 85D
3501525,Pragmalux,Pragmalux LED Paneel Sparta Surface 70W 4000K 8301lm 85D Dali
3501503,Pragmalux,Pragmalux LED Paneel Sparta Surface 95W 3000K 11163lm 85D
3501517,Pragmalux,Pragmalux LED Paneel Sparta Surface 95W 3000K 11163lm 85D Dali
3501510,Pragmalux,Pragmalux LED Paneel Sparta Surface 95W 4000K 11750lm 85D
3501524,Pragmalux,Pragmalux LED Paneel Sparta Surface 95W 4000K 11750lm 85D Dali
71310302,Pragmalux,Pragmalux LED Paneel Unico 30x120cm 29W 3625lm 3000K UGR<19
81310302,Pragmalux,Pragmalux LED Paneel Unico 30x120cm 29W 3625lm 3000K UGR<19 DALI
71410302,Pragmalux,Pragmalux LED Paneel Unico 30x120cm 29W 3700lm 4000K UGR<19
81410302,Pragmalux,Pragmalux LED Paneel Unico 30x120cm 29W 3700lm 4000K UGR<19 DALI
71610302,Pragmalux,Pragmalux LED Paneel Unico 30x120cm 29W 3725lm 6500K UGR<19
81610302,Pragmalux,Pragmalux LED Paneel Unico 30x120cm 29W 3725lm 6500K UGR<19 DALI
71310308,Pragmalux,Pragmalux LED Paneel Unico 30x120cm 34W 4250lm 3000K UGR<19
81310308,Pragmalux,Pragmalux LED Paneel Unico 30x120cm 34W 4250lm 3000K UGR<19 DALI
71410308,Pragmalux,Pragmalux LED Paneel Unico 30x120cm 34W 4275lm 4000K UGR<19
81410308,Pragmalux,Pragmalux LED Paneel Unico 30x120cm 34W 4275lm 4000K UGR<19 DALI
71610308,Pragmalux,Pragmalux LED Paneel Unico 30x120cm 34W 4300lm 6500K UGR<19
81610308,Pragmalux,Pragmalux LED Paneel Unico 30x120cm 34W 4300lm 6500K UGR<19 DALI
71310301,Pragmalux,Pragmalux LED Paneel Unico 60x60cm 29W 3625lm 3000K UGR<19
81310301,Pragmalux,Pragmalux LED Paneel Unico 60x60cm 29W 3625lm 3000K UGR<19 DALI
71410301,Pragmalux,Pragmalux LED Paneel Unico 60x60cm 29W 3700lm 4000K UGR<19
81410301,Pragmalux,Pragmalux LED Paneel Unico 60x60cm 29W 3700lm 4000K UGR<19 DALI
71610301,Pragmalux,Pragmalux LED Paneel Unico 60x60cm 29W 3725lm 6500K UGR<19
81610301,Pragmalux,Pragmalux LED Paneel Unico 60x60cm 29W 3725lm 6500K UGR<19 DALI
71310307,Pragmalux,Pragmalux LED Paneel Unico 60x60cm 34W 4250lm 3000K UGR<19
81310307,Pragmalux,Pragmalux LED Paneel Unico 60x60cm 34W 4250lm 3000K UGR<19 DALI
71410307,Pragmalux,Pragmalux LED Paneel Unico 60x60cm 34W 4275lm 4000K UGR<19
81410307,Pragmalux,Pragmalux LED Paneel Unico 60x60cm 34W 4275lm 4000K UGR<19 DALI
71610307,Pragmalux,Pragmalux LED Paneel Unico 60x60cm 34W 4300lm 6500K UGR<19
81610307,Pragmalux,Pragmalux LED Paneel Unico 60x60cm 34W 4300lm 6500K UGR<19 DALI
3501339,Pragmalux,Pragmalux LED Pendel Downlight Mado 205 Darklight 12W 4000K 1869lm Ø205 Buitenmaat - Hoogte Ø190
3501377,Pragmalux,Pragmalux LED Pendel Downlight Mado 205 Darklight 18W 3000K 2486lm Ø205 Buitenmaat - Hoogte Ø190
3501350,Pragmalux,Pragmalux LED Pendel Downlight Mado 205 Darklight 25W 3000K 3395lm Ø205 Buitenmaat - Hoogte Ø190
3501362,Pragmalux,Pragmalux LED Pendel Downlight Mado 205 Darklight 25W 4000K 3566lm Ø205 Buitenmaat - Hoogte Ø190
3501331,Pragmalux,Pragmalux LED Pendel Downlight Mado 205 Mat IP40 12W 3000K 1545lm Ø205 Buitenmaat - Hoogte Ø190 UGR<18
3501340,Pragmalux,Pragmalux LED Pendel Downlight Mado 205 Mat IP40 12W 4000K 1625lm Ø205 Buitenmaat - Hoogte Ø190 UGR<18
3501351,Pragmalux,Pragmalux LED Pendel Downlight Mado 205 Mat IP40 25W 3000K 2950lm Ø205 Buitenmaat - Hoogte Ø190 UGR<18
3501363,Pragmalux,Pragmalux LED Pendel Downlight Mado 205 Mat IP40 25W 4000K 3100lm Ø205 Buitenmaat - Hoogte Ø190 UGR<18
3112340,Pragmalux,Pragmalux LED Ponto Downlighter Rond 27W 3000K CRI>80 36D 3700lm Zwart - G Ø97mm
1044033,Pragmalux,Pragmalux LED Portiek Port-S Frame Antraciet RAL7016
1044064,Pragmalux,Pragmalux LED Portiek Port-S Halve Afscherming Frame Antraciet RAL7016
4241036-17544,Pragmalux,Pragmalux LED Recessed Bandraster 195x1550mm 28W 3450lm 4000K microprismatic diffuser UGR<19 incl. GST18i3 feed-in in chassis
4231036-17113,Pragmalux,Pragmalux LED Recessed Bandraster Luminaire MIRO 150x1500mm 28W 3400lm 3000K UGR<16 Matt incl. GST18i3 feed-in in chassis
51141030-16998,Pragmalux,Pragmalux LED Recessed Luminaire MIRO 300x1500mm profile 40W 5200lm 4000K UGR<16 Glossy incl. GST18i3 feed-in in chassis
9112596,Pragmalux,Pragmalux LED Richtspot Adjusto 20W 3000K CRI>90 36D 2056lm Ø168 Buitenmaat - Gatmaat Ø154 Grijs
9113542,Pragmalux,Pragmalux LED Richtspot Adjusto 20W 3000K CRI>90 36D 2056lm Ø168 Buitenmaat - Gatmaat Ø154 Wit
9119348,Pragmalux,Pragmalux LED Richtspot Adjusto 20W 3000K CRI>90 36D 2056lm Ø168 Buitenmaat - Gatmaat Ø154 Wit Dali
9114843,Pragmalux,Pragmalux LED Richtspot Adjusto 20W 3000K CRI>90 36D 2056lm Ø168 Buitenmaat - Gatmaat Ø154 Zwart
9111714,Pragmalux,Pragmalux LED Richtspot Adjusto 24W 3000K CRI>80 36D 3700lm Ø205 Buitenmaat - Gatmaat Ø190 Grijs
9111715,Pragmalux,Pragmalux LED Richtspot Adjusto 24W 3000K CRI>80 36D 3700lm Ø205 Buitenmaat - Gatmaat Ø190 Wit
9111716,Pragmalux,Pragmalux LED Richtspot Adjusto 24W 3000K CRI>80 36D 3700lm Ø205 Buitenmaat - Gatmaat Ø190 Zwart
9110978,Pragmalux,Pragmalux LED Richtspot Adjusto 26W 3000K CRI>80 36D 3700lm Ø168 Buitenmaat - Gatmaat Ø154 Wit
9112062,Pragmalux,Pragmalux LED Richtspot Adjusto 27W 3000K CRI>90 36D 2858lm Ø205 Buitenmaat - Gatmaat Ø190 Grijs
9112078,Pragmalux,Pragmalux LED Richtspot Adjusto 27W 3000K CRI>90 36D 2858lm Ø205 Buitenmaat - Gatmaat Ø190 Wit
9119003,Pragmalux,Pragmalux LED Richtspot Adjusto 27W 3000K CRI>90 36D 2858lm Ø205 Buitenmaat - Gatmaat Ø190 Zwart
9111494,Pragmalux,Pragmalux LED Richtspot Adjusto 27W 3000K CRI>90 36D 2959lm Ø168 Buitenmaat - Gatmaat Ø154 Grijs
9111495,Pragmalux,Pragmalux LED Richtspot Adjusto 27W 3000K CRI>90 36D 2959lm Ø168 Buitenmaat - Gatmaat Ø154 Wit
9111496,Pragmalux,Pragmalux LED Richtspot Adjusto 27W 3000K CRI>90 36D 2959lm Ø168 Buitenmaat - Gatmaat Ø154 Zwart
9113481,Pragmalux,Pragmalux LED Richtspot Adjusto 27W 3000K CRI>90 36D 3700lm Ø205 Buitenmaat - Gatmaat Ø190 Zwart
9111718,Pragmalux,Pragmalux LED Richtspot Adjusto 32W 4000K CRI>80 36D 3850lm Wit Ø205 F - G Ø190
9111196,Pragmalux,"Pragmalux LED Richtspot Adjusto 40° 46,5w 2650LM  Mead Wit  zaagmaat 190 buitenmaat205"
9111720,Pragmalux,Pragmalux LED Richtspot Adjusto 42W 3000K CRI>80 36D 6050lm Ø205 Buitenmaat - Gatmaat Ø190 Grijs
9111721,Pragmalux,Pragmalux LED Richtspot Adjusto 42W 3000K CRI>80 36D 6050lm Ø205 Buitenmaat - Gatmaat Ø190 Wit
9111722,Pragmalux,Pragmalux LED Richtspot Adjusto 42W 3000K CRI>80 36D 6050lm Ø205 Buitenmaat - Gatmaat Ø190 Zwart
9112091,Pragmalux,Pragmalux LED Richtspot Adjusto 45W 3000K CRI>90 36D 4643lm Ø205 Buitenmaat - Gatmaat Ø190 Grijs
9112213,Pragmalux,Pragmalux LED Richtspot Adjusto 45W 3000K CRI>90 36D 4643lm Ø205 Buitenmaat - Gatmaat Ø190 Wit
9114183,Pragmalux,Pragmalux LED Richtspot Adjusto 45W 3000K CRI>90 36D 4643lm Ø205 Buitenmaat - Gatmaat Ø190 Zwart
9119369,Pragmalux,Pragmalux LED Richtspot Adjusto G2 27W 2400K CRI>80 PW 36D 2387lm Ø154 Buitenmaat - Grijs - Brood
9116001,Pragmalux,Pragmalux LED Richtspot Adjusto G3 45W 4000K CRI>90 PW 36D 4803lm Ø205 Buitenmaat - Gatmaat Ø190 Zwart + GST18i3
9112974,Pragmalux,Pragmalux LED Richtspot Adjusto Mini 12W 2700K CRI>95 38D 700lm Wit Ø95 F - G Ø80
9112975,Pragmalux,Pragmalux LED Richtspot Adjusto Mini 12W 2700K CRI>95 38D 700lm Wit Ø95 F - G Ø80 - Dimbaar
9112980,Pragmalux,Pragmalux LED Richtspot Adjusto Mini 12W 2700K CRI>95 38D 700lm Zwart Ø95 F - G Ø80
9112976,Pragmalux,Pragmalux LED Richtspot Adjusto Mini 12W 3000K CRI>95 38D 740lm Wit Ø95 F - G Ø80
9112976-DA,Pragmalux,Pragmalux LED Richtspot Adjusto Mini 12W 3000K CRI>95 38D 740lm Wit Ø95 F - G Ø80 - DALI
9112982,Pragmalux,Pragmalux LED Richtspot Adjusto Mini 12W 3000K CRI>95 38D 740lm Zwart Ø95 F - G Ø80
9112983,Pragmalux,Pragmalux LED Richtspot Adjusto Mini 12W 3000K CRI>95 38D 740lm Zwart Ø95 F - G Ø80 - Dimbaar
9112978,Pragmalux,Pragmalux LED Richtspot Adjusto Mini 12W 4000K CRI>95 38D 820lm Wit Ø95 F - G Ø80
9112979,Pragmalux,Pragmalux LED Richtspot Adjusto Mini 12W 4000K CRI>95 38D 820lm Wit Ø95 F - G Ø80 - Dimbaar
9112984,Pragmalux,Pragmalux LED Richtspot Adjusto Mini 12W 4000K CRI>95 38D 820lm Zwart Ø95 F - G Ø80
18531-43355-1,Pragmalux,Pragmalux LED Special 60x60cm 3000K Zwart
1051451,Pragmalux,Pragmalux LED Straatverlichting Area 100W 4000K 14000lm asymmetrisch Ø60mm Spigot incl. 6m kabel
1051468,Pragmalux,Pragmalux LED Straatverlichting Area 150W 4000K 21000lm asymmetrisch Ø60mm Spigot incl. 6m kabel
1051468-DA,Pragmalux,Pragmalux LED Straatverlichting Area 150W 4000K 21000lm asymmetrisch Ø60mm Spigot incl. 6m kabel Dali
2028296-DA,Pragmalux,Pragmalux LED Straatverlichting Area 150W 4000K 21000lm asymmetrisch Ø60mm Spigot incl. 8m kabel Dali
1035475,Pragmalux,Pragmalux LED Straatverlichting Area 300W 4000K 42000m asymmetrisch Ø60mm Spigot incl. 2m kabel
1041070,Pragmalux,Pragmalux LED Straatverlichting Masto 40W 4000K 6000lm asymmetrisch 150x60gr Ø60mm Spigot incl. 8m kabel DALI
1047638,Pragmalux,Pragmalux LED Straatverlichting Strada 40W 5000K 5800lm 55x145D Ø60mm Spigot incl. 6m kabel
1051611,Pragmalux,Pragmalux LED Straatverlichting Strada 55W 2200K 55x145D Ø60mm Spigot 7000lm
1051628,Pragmalux,Pragmalux LED Straatverlichting Strada 55W 2200K 55x145D Ø60mm Spigot 7000lm DALI
1045528,Pragmalux,Pragmalux LED Straatverlichting Strada 55W 4000K 7900m 55x145D Ø60mm Spigot Photocell zwart incl. 6m kabel
1029184,Pragmalux,Pragmalux LED straatverlichting Strada Doorverbind kap voor NEMA
1028903,Pragmalux,Pragmalux LED Straatverlichting Strada paaltop uithouder enkelvoudig Ø60mm
1028910,Pragmalux,Pragmalux LED Straatverlichting Strada verloop stuk Ø60mm naar Ø76 mm
9211200,Pragmalux,"Pragmalux LED Strip 24V 5m 120LED/m 14,4W/m 1162 lm/m 3000K CRI>90 + Tape"
9211203,Pragmalux,"Pragmalux LED Strip 24V 5m 120LED/m 16,3W/m 620 lm/m RGB + W (2700K) CRI>80 + Tape"
9211204,Pragmalux,"Pragmalux LED Strip 24V 5m 120LED/m 16,3W/m 630 lm/m RGB + W (3000K) CRI>80 + Tape"
9211205,Pragmalux,"Pragmalux LED Strip 24V 5m 120LED/m 16,3W/m 640 lm/m RGB + W (4000K) CRI>80 + Tape"
9210978,Pragmalux,"Pragmalux LED Strip 24V 5m 120LED/m 9,6W/m 180 lm/m Rood"
9210977,Pragmalux,"Pragmalux LED Strip 24V 5m 120LED/m 9,6W/m 360 lm/m Groen"
9211180,Pragmalux,"Pragmalux LED Strip 24V 5m 120LED/m 9,6W/m 400 lm/m 2700K CRI>80 + Tape"
9211181,Pragmalux,"Pragmalux LED Strip 24V 5m 120LED/m 9,6W/m 420 lm/m 3000K CRI>80 + Tape"
9211182,Pragmalux,"Pragmalux LED Strip 24V 5m 120LED/m 9,6W/m 460 lm/m 4000K CRI>80 + Tape"
9211183,Pragmalux,"Pragmalux LED Strip 24V 5m 120LED/m 9,6W/m 520 lm/m 6000K CRI>80 + Tape"
9210976,Pragmalux,"Pragmalux LED Strip 24V 5m 120LED/m 9,6W/m 90 lm/m Blauw"
9211168,Pragmalux,"Pragmalux LED Strip 24V 5m 168LED/m 20,2W/m 1587 lm/m 2700K CRI>80 + Tape"
9221169,Pragmalux,"Pragmalux LED Strip 24V 5m 168LED/m 20,2W/m 1626 lm/m 3000K CRI>80 + Tape"
9211171,Pragmalux,"Pragmalux LED Strip 24V 5m 168LED/m 20,2W/m 1713 lm/m 6000K CRI>80"
9210965,Pragmalux,"Pragmalux LED Strip 24V 5m 60LED/m 4,8W/m 180 lm/m Groen"
9211176,Pragmalux,"Pragmalux LED Strip 24V 5m 60LED/m 4,8W/m 190 lm/m 2700K CRI>80 + Tape"
9211177,Pragmalux,"Pragmalux LED Strip 24V 5m 60LED/m 4,8W/m 210 lm/m 3000K CRI>80 + Tape"
9211178,Pragmalux,"Pragmalux LED Strip 24V 5m 60LED/m 4,8W/m 230 lm/m 4000K CRI>80 + Tape"
9211179,Pragmalux,"Pragmalux LED Strip 24V 5m 60LED/m 4,8W/m 260 lm/m 6000K CRI>80 + Tape"
9210964,Pragmalux,"Pragmalux LED Strip 24V 5m 60LED/m 4,8W/m 50 lm/m Blauw"
9210966,Pragmalux,"Pragmalux LED Strip 24V 5m 60LED/m 4,8W/m 90 lm/m Rood"
9211206,Pragmalux,Pragmalux LED Strip 24V 5m 84LED/m 27W/m 907 lm/m RGB + W (2700K) CRI>80 + Tape
9211207,Pragmalux,Pragmalux LED Strip 24V 5m 84LED/m 27W/m 917 lm/m RGB + W (3000K) CRI>80 + Tape
9211208,Pragmalux,Pragmalux LED Strip 24V 5m 84LED/m 27W/m 947 lm/m RGB + W (4000K) CRI>80 + Tape
9100797,Pragmalux,Pragmalux LED Strip 24V LED Driver Max. 30W Primair Dimbaar
9100284,Pragmalux,Pragmalux LED Strip 24V LED Driver Max. 35W
9100748,Pragmalux,Pragmalux LED Strip 24V LED Driver Max. 60W Primair Dimbaar
9211614,Pragmalux,Pragmalux LED Strip COB 24V 5m 544 LED's/m 10W/m 1046lm/m 4000K CRI>90
9211612,Pragmalux,Pragmalux LED Strip COB 24V 5m 544 LED's/m 10W/m 948lm/m 2700K CRI>90
9211613,Pragmalux,Pragmalux LED Strip COB 24V 5m 544 LED's/m 10W/m 974lm/m 3000K CRI>90
9211599,Pragmalux,"Pragmalux LED Strip Design 24V 4m 266 LED's/m 16,42W/m 1167lm/m 2200K CRI>90"
9211601,Pragmalux,"Pragmalux LED Strip Design 24V 4m 266 LED's/m 16,42W/m 1296lm/m 2700K CRI>90"
9211600,Pragmalux,"Pragmalux LED Strip Design 24V 4m 266 LED's/m 16,42W/m 1379lm/m 2500K CRI>90"
9211602,Pragmalux,"Pragmalux LED Strip Design 24V 4m 266 LED's/m 16,42W/m 1413lm/m 3000K CRI>90"
9211604,Pragmalux,"Pragmalux LED Strip Design 24V 4m 266 LED's/m 16,42W/m 1435lm/m 4000K CRI>90"
9211603,Pragmalux,"Pragmalux LED Strip Design 24V 4m 266 LED's/m 16,42W/m 1445lm/m 3500K CRI>90"
9211598,Pragmalux,"Pragmalux LED Strip Design 24V 4m 266 LED's/m 16,42W/m 975lm/m 1800K CRI>90"
9211554,Pragmalux,"Pragmalux LED Strip Dim to Warm 24V 4m 224 LED's/m 11,52W/m 900-1000lm/m 1800-2700K CRI>90"
9211555,Pragmalux,"Pragmalux LED Strip Dim to Warm 24V 4m 224 LED's/m 11,52W/m 900-1000lm/m 2200-3000K CRI>90"
9211608,Pragmalux,Pragmalux LED Strip Neo 24V 10m 112 LED's/m 15W/m 780lm/m 2700K CRI>90
9211609,Pragmalux,Pragmalux LED Strip Neo 24V 10m 112 LED's/m 15W/m 810lm/m 3000K CRI>90
9211610,Pragmalux,Pragmalux LED Strip Neo 24V 10m 112 LED's/m 15W/m 840lm/m 4000K CRI>90
9211605,Pragmalux,"Pragmalux LED Strip Neo 24V 10m 112 LED's/m 7,68W/m 453lm/m 2700K CRI>90"
9211606,Pragmalux,"Pragmalux LED Strip Neo 24V 10m 112 LED's/m 7,68W/m 455lm/m 3000K CRI>90"
9211607,Pragmalux,"Pragmalux LED Strip Neo 24V 10m 112 LED's/m 7,68W/m 476lm/m 4000K CRI>90"
9211580,Pragmalux,"Pragmalux LED Strip Perform 24V 5m 160 LED's/m 11,52W/m 1238lm/m 2700K CRI>90"
9211581,Pragmalux,"Pragmalux LED Strip Perform 24V 5m 160 LED's/m 11,52W/m 1247lm/m 3000K CRI>90"
9211577,Pragmalux,"Pragmalux LED Strip Perform 24V 5m 160 LED's/m 11,52W/m 1279lm/m 2700K CRI>80"
9211578,Pragmalux,"Pragmalux LED Strip Perform 24V 5m 160 LED's/m 11,52W/m 1289lm/m 3000K CRI>80"
9211582,Pragmalux,"Pragmalux LED Strip Perform 24V 5m 160 LED's/m 11,52W/m 1376lm/m 3500K CRI>90"
9211579,Pragmalux,"Pragmalux LED Strip Perform 24V 5m 160 LED's/m 11,52W/m 1401lm/m 4000K CRI>80"
9211583,Pragmalux,"Pragmalux LED Strip Perform 24V 5m 160 LED's/m 11,52W/m 1432lm/m 4000K CRI>90"
9211587,Pragmalux,"Pragmalux LED Strip Perform 24V 5m 160 LED's/m 14,4W/m 1508lm/m 2700K CRI>90"
9211588,Pragmalux,"Pragmalux LED Strip Perform 24V 5m 160 LED's/m 14,4W/m 1545lm/m 3000K CRI>90"
9211584,Pragmalux,"Pragmalux LED Strip Perform 24V 5m 160 LED's/m 14,4W/m 1576lm/m 2700K CRI>80"
9211589,Pragmalux,"Pragmalux LED Strip Perform 24V 5m 160 LED's/m 14,4W/m 1583lm/m 3500K CRI>90"
9211585,Pragmalux,"Pragmalux LED Strip Perform 24V 5m 160 LED's/m 14,4W/m 1629lm/m 3000K CRI>80"
9211590,Pragmalux,"Pragmalux LED Strip Perform 24V 5m 160 LED's/m 14,4W/m 1647lm/m 4000K CRI>90"
9211586,Pragmalux,"Pragmalux LED Strip Perform 24V 5m 160 LED's/m 14,4W/m 1770lm/m 4000K CRI>80"
9211594,Pragmalux,"Pragmalux LED Strip Perform 24V 5m 160 LED's/m 19,2W/m 2540lm/m 2700K CRI>90"
9211591,Pragmalux,"Pragmalux LED Strip Perform 24V 5m 160 LED's/m 19,2W/m 2570lm/m 2700K CRI>80"
9211595,Pragmalux,"Pragmalux LED Strip Perform 24V 5m 160 LED's/m 19,2W/m 2695lm/m 3000K CRI>90"
9211596,Pragmalux,"Pragmalux LED Strip Perform 24V 5m 160 LED's/m 19,2W/m 2747lm/m 3500K CRI>90"
9211592,Pragmalux,"Pragmalux LED Strip Perform 24V 5m 160 LED's/m 19,2W/m 2750lm/m 3000K CRI>80"
9211597,Pragmalux,"Pragmalux LED Strip Perform 24V 5m 160 LED's/m 19,2W/m 2764lm/m 4000K CRI>90"
9211593,Pragmalux,"Pragmalux LED Strip Perform 24V 5m 160 LED's/m 19,2W/m 2850lm/m 4000K CRI>80"
9211574,Pragmalux,"Pragmalux LED Strip Perform 24V 5m 160 LED's/m 9,6W/m 1067lm/m 3000K CRI>90"
9211573,Pragmalux,"Pragmalux LED Strip Perform 24V 5m 160 LED's/m 9,6W/m 1082lm/m 2700K CRI>90"
9211570,Pragmalux,"Pragmalux LED Strip Perform 24V 5m 160 LED's/m 9,6W/m 1099lm/m 2700K CRI>80"
9211571,Pragmalux,"Pragmalux LED Strip Perform 24V 5m 160 LED's/m 9,6W/m 1122lm/m 3000K CRI>80"
9211572,Pragmalux,"Pragmalux LED Strip Perform 24V 5m 160 LED's/m 9,6W/m 1166lm/m 4000K CRI>80"
9211575,Pragmalux,"Pragmalux LED Strip Perform 24V 5m 160 LED's/m 9,6W/m 1223lm/m 3500K CRI>90"
9211576,Pragmalux,"Pragmalux LED Strip Perform 24V 5m 160 LED's/m 9,6W/m 1335lm/m 4000K CRI>90"
9211560,Pragmalux,"Pragmalux LED Strip Perform 24V 5m 80 LED's/m 4,8W/m 537lm/m 3000K CRI>90"
9211559,Pragmalux,"Pragmalux LED Strip Perform 24V 5m 80 LED's/m 4,8W/m 539lm/m 2700K CRI>90"
9211556,Pragmalux,"Pragmalux LED Strip Perform 24V 5m 80 LED's/m 4,8W/m 551lm/m 2700K CRI>80"
9211562,Pragmalux,"Pragmalux LED Strip Perform 24V 5m 80 LED's/m 4,8W/m 565lm/m 4000K CRI>90"
9211561,Pragmalux,"Pragmalux LED Strip Perform 24V 5m 80 LED's/m 4,8W/m 571lm/m 3500K CRI>90"
9211557,Pragmalux,"Pragmalux LED Strip Perform 24V 5m 80 LED's/m 4,8W/m 591lm/m 3000K CRI>80"
9211558,Pragmalux,"Pragmalux LED Strip Perform 24V 5m 80 LED's/m 4,8W/m 600lm/m 4000K CRI>80"
9211566,Pragmalux,"Pragmalux LED Strip Perform 24V 5m 80 LED's/m 7,2W/m 709lm/m 2700K CRI>90"
9211564,Pragmalux,"Pragmalux LED Strip Perform 24V 5m 80 LED's/m 7,2W/m 828lm/m 3000K CRI>80"
9211567,Pragmalux,"Pragmalux LED Strip Perform 24V 5m 80 LED's/m 7,2W/m 831lm/m 3000K CRI>90"
9211568,Pragmalux,"Pragmalux LED Strip Perform 24V 5m 80 LED's/m 7,2W/m 835lm/m 3500K CRI>90"
9211569,Pragmalux,"Pragmalux LED Strip Perform 24V 5m 80 LED's/m 7,2W/m 835lm/m 4000K CRI>90"
9211565,Pragmalux,"Pragmalux LED Strip Perform 24V 5m 80 LED's/m 7,2W/m 874lm/m 4000K CRI>80"
9211563,Pragmalux,"Pragmalux LED Strip Perform 24V 5m 80 LED's/m 7,2W/m 876lm/m 2700K CRI>80"
9211611,Pragmalux,"Pragmalux LED Strip Tunable White 24V 4m 240 LED's/m 17,28W/m 635-1338lm/m 2700K-5000K CRI>90"
4235030-16303,Pragmalux,Pragmalux LED Surface Mounted MIRO 110x1200mm 34W 4250lm 3000K UGR<16 Glossy (feed-in rear plate)
4605050,Pragmalux,"Pragmalux LED TL Waterdicht Armatuur Cyclone HT IP66 120cm 18W 4000K 3000lm Alu+PC 3x2,5mm Doorvoerbedrading (1x36W)"
4605043,Pragmalux,"Pragmalux LED TL Waterdicht Armatuur Cyclone HT IP66 120cm 24W 4000K 4000lm Alu+PC 3x2,5mm Doorvoerbedrading (2x36W)"
4605036,Pragmalux,"Pragmalux LED TL Waterdicht Armatuur Cyclone HT IP66 120cm 30W 4000K 5000lm Alu+PC 3x2,5mm Doorvoerbedrading (2x36W)"
4605029,Pragmalux,"Pragmalux LED TL Waterdicht Armatuur Cyclone HT IP66 120cm 36W 4000K 6000lm Alu+PC 3x2,5mm Doorvoerbedrading (2x58W)"
4604268-N,Pragmalux,"Pragmalux LED TL Waterdicht Armatuur Cyclone HT IP66 120cm 42W 4000K 6000lm Alu+PC 3x2,5mm Doorvoerbedrading (2x58W)+ noodmodule 3 uur"
4605012,Pragmalux,"Pragmalux LED TL Waterdicht Armatuur Cyclone HT IP66 120cm 42W 4000K 7000lm Alu+PC 3x2,5mm Doorvoerbedrading (2x58W)"
4605005,Pragmalux,"Pragmalux LED TL Waterdicht Armatuur Cyclone HT IP66 120cm 48W 4000K 8000lm Alu+PC 3x2,5mm Doorvoerbedrading (2x80W)"
1004099,Pragmalux,"Pragmalux LED TL Waterdicht Armatuur Cyclone HT IP66 150cm 42W 4000K 7000lm Alu+PC 3x2,5mm Doorvoerbedrading (2x58W)"
4604992,Pragmalux,"Pragmalux LED TL Waterdicht Armatuur Cyclone HT IP66 150cm 61W 4000K 10000lm Alu+PC 3x2,5mm Doorvoerbedrading (2x80W)"
2024779,Pragmalux,Pragmalux LED TL Waterdicht Armatuur Essence Classic G3 reserveonderdeel accessoire zakje
2024830,Pragmalux,"Pragmalux LED TL Waterdicht Armatuur Essence Classic G3 reserveonderdeel batterij LiFePO4 6,4V 1,5Ah"
2024809,Pragmalux,Pragmalux LED TL Waterdicht Armatuur Essence Classic G3 reserveonderdeel Inventronics EM-FIT 18W 350mA
2024816,Pragmalux,Pragmalux LED TL Waterdicht Armatuur Essence Classic G3 reserveonderdeel Inventronics EM-FIT 40W 350mA
2024823,Pragmalux,Pragmalux LED TL Waterdicht Armatuur Essence Classic G3 reserveonderdeel Inventronics EM-FIT 60W 350mA
4604947,Pragmalux,"Pragmalux LED TL Waterdicht Armatuur Typhoon 120cm IP69K IK10 PMMA  40W 4000K 5400lm 3x2,5mm Doorvoerbedrading (2x36W)"
4604923,Pragmalux,"Pragmalux LED TL Waterdicht Armatuur Typhoon 150cm IP69K IK10 PMMA  50W 4000K 7200lm 3x2,5mm Doorvoerbedrading (2x58W)"
2029026,Pragmalux,"Pragmalux LED TL Waterdicht Armatuur Typhoon 150cm IP69K IK10 PMMA  50W 5000K 7200lm 3x2,5mm Doorvoerbedrading (2x58W)"
4604930,Pragmalux,"Pragmalux LED TL Waterdicht Armatuur Typhoon IP69K IK10 PC 120cm 40W 4000K 5100lm 3x2,5mm Doorvoerbedrading (2x36W)"
4604916,Pragmalux,"Pragmalux LED TL Waterdicht Armatuur Typhoon IP69K IK10 PC 150cm 50W 4000K 6700lm 3x2,5mm Doorvoerbedrading (2x58W)"
4609911,Pragmalux,Pragmalux LED TL Waterdicht Armatuur Typhoon IP69K IK10 PC 28W 120cm 4000K 3500lm 3x2.5mm Doorvoerbedrading (2x36W)
4604978,Pragmalux,"Pragmalux LED TL Waterdicht Armatuur Typhoon IP69K IK10 PC 60cm 20W 4000K 2500lm 3x2,5mm Doorvoerbedrading (2x18W)"
4604954,Pragmalux,"Pragmalux LED TL Waterdicht Armatuur Typhoon IP69K IK10 PC 90cm 28W 4000K 3500lm 3x2,5mm Doorvoerbedrading (2x30W)"
1029245,Pragmalux,"Pragmalux LED TL Waterdicht Armatuur Typhoon IP69K IK10 PMMA 120cm 22W 3000K 3000lm 3x2,5mm Doorvoerbedrading (2x36W)"
1036366,Pragmalux,"Pragmalux LED TL Waterdicht Armatuur Typhoon IP69K IK10 PMMA 120cm 40W 3000K 5100lm 3x2,5mm Doorvoerbedrading (2x36W)"
4604947-N,Pragmalux,"Pragmalux LED TL Waterdicht Armatuur Typhoon IP69K IK10 PMMA 120cm 40W 4000K 5400lm 4x2,5mm Doorvoerbedrading (2x36W) + Noodmodule 3 uur"
1005706,Pragmalux,"Pragmalux LED TL Waterdicht Armatuur Typhoon IP69K IK10 PMMA 150cm 4000K 2000lm 3x2,5mm Doorvoerbedrading (2x58W)"
1005713,Pragmalux,"Pragmalux LED TL Waterdicht Armatuur Typhoon IP69K IK10 PMMA 150cm 4000K 3000lm 3x2,5mm Doorvoerbedrading (2x58W)"
1005720,Pragmalux,"Pragmalux LED TL Waterdicht Armatuur Typhoon IP69K IK10 PMMA 150cm 4000K 4500lm 3x2,5mm Doorvoerbedrading (2x58W)"
1031279,Pragmalux,"Pragmalux LED TL Waterdicht Armatuur Typhoon IP69K IK10 PMMA 150cm 50W 3000K 6850lm 3x2,5mm Doorvoerbedrading (2x58W)"
4604923-DA,Pragmalux,"Pragmalux LED TL waterdicht armatuur typhoon IP69k IK10 pmma 150cm 50W 4000K 7200lm - DALI (5x2,5mm doorvoerbedrading (2x58w)"
4604923-N,Pragmalux,"Pragmalux LED TL Waterdicht Armatuur Typhoon IP69K IK10 PMMA 150cm 50W 4000K 7200lm 4x2,5mm Doorvoerbedrading (2x58W) + Noodmodule 3 uur"
1041094,Pragmalux,"Pragmalux LED TL Waterdicht Armatuur Typhoon IP69K IK10 PMMA 150cm 50W 6500K CRI90 6500lm 3x2,5mm Doorvoerbedrading (2x58W)"
1036373,Pragmalux,"Pragmalux LED TL Waterdicht Armatuur Typhoon IP69K IK10 PMMA 60cm 20W 3000K 2500lm 3x2,5mm Doorvoerbedrading (2x18W)"
4604985,Pragmalux,"Pragmalux LED TL Waterdicht Armatuur Typhoon IP69K IK10 PMMA 60cm 20W 4000K 2700lm 3x2,5mm Doorvoerbedrading (2x18W)"
4604961,Pragmalux,"Pragmalux LED TL Waterdicht Armatuur Typhoon IP69K IK10 PMMA 90cm 28W 4000K 3800lm 3x2,5mm Doorvoerbedrading (2x30W)"
9114063,Pragmalux,"Pragmalux LED Wallwasher Projecto 19,4W 3000K CRI>80 70x75D 2854lm Wit"
9114327,Pragmalux,"Pragmalux LED Wallwasher Projecto 19W 3000K CRI>90  2582 lm  Wit Ø238x145 / zaagmaat 222,5X125mm"
9114346,Pragmalux,Pragmalux LED Wallwasher Projecto 24W 3000K CRI>90 78x100D 3078lm Ø238x145 Buitenmaat - Gatmaat Ø218x125 Wit Incl. Schuko stekker
9112219,Pragmalux,Pragmalux LED Wallwasher Projecto 27W 3000K CRI>90 78x100D 3659lm White Ø238x100 F - G Ø218x125
9119370,Pragmalux,Pragmalux LED Wallwasher Projecto 42W 2400K CRI>80 70x75D Grijs Ø238x145 F - G Ø225x135 DALI - Brood
9111789,Pragmalux,Pragmalux LED Wallwasher Projecto 42W 3000K CRI>80 70x75D 6050lm Grijs Ø238x145 F - G Ø225x135
9111790,Pragmalux,Pragmalux LED Wallwasher Projecto 42W 3000K CRI>80 70x75D 6050lm Wit Ø238x145 F - G Ø225x135
9111791,Pragmalux,Pragmalux LED Wallwasher Projecto 42W 3000K CRI>80 70x75D 6050lm Zwart Ø238x145 F - G Ø225x135
9114425,Pragmalux,Pragmalux LED Wallwasher Projecto 42W 3000K CRI>80 70x75D 6400lm Wit Ø238x145 F - G Ø225x135 DALI
9111792,Pragmalux,Pragmalux LED Wallwasher Projecto 42W 4000K CRI>80 70x75D 6400lm Grijs Ø238x145 F - G Ø225x135
9111793,Pragmalux,Pragmalux LED Wallwasher Projecto 42W 4000K CRI>80 70x75D 6400lm Wit Ø238x145 F - G Ø225x135
9111794,Pragmalux,Pragmalux LED Wallwasher Projecto 42W 4000K CRI>80 70x75D 6400lm Zwart Ø238x145 F - G Ø225x135
2011458,Pragmalux,Pragmalux LED Wandarmatuur Facio IP65 Up/Down 6W 500lm 2700K Wit RAL9016
2011625,Pragmalux,Pragmalux LED Wandarmatuur Facio IP65 Up/Down 6W 580lm 3000K Wit RAL9016
9190213,Pragmalux,"Pragmalux LED Wandlamp Up/Down Lota Rond 2V 14,2W 2700K 451lm Wit"
9190214,Pragmalux,"Pragmalux LED Wandlamp Up/Down Lota Rond 2V 14,2W 2700K 451lm Zwart"
9190215,Pragmalux,"Pragmalux LED Wandlamp Up/Down Lota Rond 2V 14,2W 3000K 451lm Wit"
9190216,Pragmalux,"Pragmalux LED Wandlamp Up/Down Lota Rond 2V 14,2W 3000K 451lm Zwart"
9190212,Pragmalux,Pragmalux LED Wandlamp Up/Down Lota Rond 2V 8W 3000K 484lm Zwart
9190209,Pragmalux,"Pragmalux LED Wandlamp Up/Down Lota Rond 7,4W 2700K 451lm Wit"
9190210,Pragmalux,"Pragmalux LED Wandlamp Up/Down Lota Rond 7,4W 2700K 451lm Zwart"
9190211,Pragmalux,"Pragmalux LED Wandlamp Up/Down Lota Rond 7,4W 3000K 451lm Wit"
9190221,Pragmalux,"Pragmalux LED Wandlamp Up/Down Lota Vierkant 2V 14,2W 2700K 451lm Wit"
9190222,Pragmalux,"Pragmalux LED Wandlamp Up/Down Lota Vierkant 2V 14,2W 2700K 451lm Zwart"
9190223,Pragmalux,"Pragmalux LED Wandlamp Up/Down Lota Vierkant 2V 14,2W 3000K 451lm Wit"
9190224,Pragmalux,"Pragmalux LED Wandlamp Up/Down Lota Vierkant 2V 14,2W 3000K 451lm Zwart"
9190217,Pragmalux,"Pragmalux LED Wandlamp Up/Down Lota Vierkant 7,4W 2700K 451lm Wit"
9190218,Pragmalux,"Pragmalux LED Wandlamp Up/Down Lota Vierkant 7,4W 2700K 451lm Zwart"
9190219,Pragmalux,"Pragmalux LED Wandlamp Up/Down Lota Vierkant 7,4W 3000K 451lm Wit"
9190220,Pragmalux,"Pragmalux LED Wandlamp Up/Down Lota Vierkant 7,4W 3000K 451lm Zwart"
1036458,Pragmalux,Pragmalux PRX component LED module body 1472 met 120D. opale kap
1049038,Pragmalux,Pragmalux PRX LED-PCB-60W-geel Component
4090-QE-T5-HO,Pragmalux,Pragmalux PRX Retroline LED-module HO Lite Light Q-emms T5 75-22W 12900-3785lm 4000K 90D
5090-QE-T5-HO,Pragmalux,Pragmalux PRX Retroline LED-module HO Lite Light Q-emms T5 75-22W 12900-3785lm 5000k 90D
3090-QE-T8-HO,Pragmalux,Pragmalux PRX Retroline LED-module HO Lite Light Q-emms T8 75-22W  12000-3520lm 3000k 90D
4090-QE-T8-HO,Pragmalux,Pragmalux PRX Retroline LED-module HO Lite Light Q-emms T8 75-22W 12900-3785lm 4000K 90D
5090-QE-T8-HO,Pragmalux,Pragmalux PRX Retroline LED-module HO Lite Light Q-emms T8 75-22W 12900-3785lm 5000k 90D
30120-O-TX4-T5-HO,Pragmalux,Pragmalux PRX Retroline LED-module HO Philips TTX400-T5 75-22W 11400-3345lm 3000K 120D opaal
40120-O-TX4-T5-HO,Pragmalux,Pragmalux PRX Retroline LED-module HO Philips TTX400-T5 75-22W 11850-3475lm 4000K 120D opaal
3060-VLSG5-HO,Pragmalux,Pragmalux PRX Retroline LED-module HO RIDI-VLSG-5 75-22W 12000-3520lm 3000K 60D
3090-VLSG5-HO,Pragmalux,Pragmalux PRX Retroline LED-module HO RIDI-VLSG-5 75-22W 12000-3520lm 3000K 90D
4030-VLSG5-HO,Pragmalux,Pragmalux PRX Retroline LED-module HO RIDI-VLSG-5 75-22W 12900-3785lm 4000K 30D
4060-VLSG5-HO,Pragmalux,Pragmalux PRX Retroline LED-module HO RIDI-VLSG-5 75-22W 12900-3785lm 4000K 60D
4090-VLSG5-HO,Pragmalux,Pragmalux PRX Retroline LED-module HO RIDI-VLSG-5 75-22W 12900-3785lm 4000K 90D
50120-VLSG5-HO,Pragmalux,Pragmalux PRX Retroline LED-module HO RIDI-VLSG-5 75-22W 12900-3785lm 5000K 120D
5030-VLSG5-HO,Pragmalux,Pragmalux PRX Retroline LED-module HO RIDI-VLSG-5 75-22W 12900-3785lm 5000K 30D
5060-VLSG5-HO,Pragmalux,Pragmalux PRX Retroline LED-module HO RIDI-VLSG-5 75-22W 12900-3785lm 5000K 60D
5090-VLSG5-HO,Pragmalux,Pragmalux PRX Retroline LED-module HO RIDI-VLSG-5 75-22W 12900-3785lm 5000K 90D
65120-VLSG5-HO,Pragmalux,Pragmalux PRX Retroline LED-module HO RIDI-VLSG-5 75-22W 12900-3785lm 6500K 120D
6530-VLSG5-HO,Pragmalux,Pragmalux PRX Retroline LED-module HO RIDI-VLSG-5 75-22W 12900-3785lm 6500K 30D
6560-VLSG5-HO,Pragmalux,Pragmalux PRX Retroline LED-module HO RIDI-VLSG-5 75-22W 12900-3785lm 6500K 60D
6590-VLSG5-HO,Pragmalux,Pragmalux PRX Retroline LED-module HO RIDI-VLSG-5 75-22W 12900-3785lm 6500K 90D
3030-VLSG7-T8-HO,Pragmalux,Pragmalux PRX Retroline LED-module HO RIDI-VLSG-7 75-22W 12000-3520lm 3000K 30D
3060-VLSG7-T8-HO,Pragmalux,Pragmalux PRX Retroline LED-module HO RIDI-VLSG-7 75-22W 12000-3520lm 3000K 60D
3090-VLSG7-T8-HO,Pragmalux,Pragmalux PRX Retroline LED-module HO RIDI-VLSG-7 75-22W 12000-3520lm 3000K 90D
4030-VLSG7-T8-HO,Pragmalux,Pragmalux PRX Retroline LED-module HO RIDI-VLSG-7 75-22W 12900-3785lm 4000K 30D
4060-VLSG7-T8-HO,Pragmalux,Pragmalux PRX Retroline LED-module HO RIDI-VLSG-7 75-22W 12900-3785lm 4000K 60D
4090-VLSG7-T8-HO,Pragmalux,Pragmalux PRX Retroline LED-module HO RIDI-VLSG-7 75-22W 12900-3785lm 4000K 90D
50120-VLSG7-T8-HO,Pragmalux,Pragmalux PRX Retroline LED-module HO RIDI-VLSG-7 75-22W 12900-3785lm 5000K 120D
5030-VLSG7-T8-HO,Pragmalux,Pragmalux PRX Retroline LED-module HO RIDI-VLSG-7 75-22W 12900-3785lm 5000K 30D
5060-VLSG7-T8-HO,Pragmalux,Pragmalux PRX Retroline LED-module HO RIDI-VLSG-7 75-22W 12900-3785lm 5000K 60D
5090-VLSG7-T8-HO,Pragmalux,Pragmalux PRX Retroline LED-module HO RIDI-VLSG-7 75-22W 12900-3785lm 5000K 90D
65120-VLSG7-T8-HO,Pragmalux,Pragmalux PRX Retroline LED-module HO RIDI-VLSG-7 75-22W 12900-3785lm 6500K 120D
6530-VLSG7-T8-HO,Pragmalux,Pragmalux PRX Retroline LED-module HO RIDI-VLSG-7 75-22W 12900-3785lm 6500K 30D
6560-VLSG7-T8-HO,Pragmalux,Pragmalux PRX Retroline LED-module HO RIDI-VLSG-7 75-22W 12900-3785lm 6500K 60D
6590-VLSG7-T8-HO,Pragmalux,Pragmalux PRX Retroline LED-module HO RIDI-VLSG-7 75-22W 12900-3785lm 6500K 90D
3060-VLSG7-T5-HO,Pragmalux,Pragmalux PRX Retroline LED-module HO RIDI-VLSG-7-T5 75-22W 12000-3520lm 3000K 60D
3090-VLSG7-T5-HO,Pragmalux,Pragmalux PRX Retroline LED-module HO RIDI-VLSG-7-T5 75-22W 12000-3520lm 3000K 90D
4030-VLSG7-T5-HO,Pragmalux,Pragmalux PRX Retroline LED-module HO RIDI-VLSG-7-T5 75-22W 12900-3785lm 4000K 30D
4060-VLSG7-T5-HO,Pragmalux,Pragmalux PRX Retroline LED-module HO RIDI-VLSG-7-T5 75-22W 12900-3785lm 4000K 60D
4090-VLSG7-T5-HO,Pragmalux,Pragmalux PRX Retroline LED-module HO RIDI-VLSG-7-T5 75-22W 12900-3785lm 4000K 90D
50120-VLSG7-T5-HO,Pragmalux,Pragmalux PRX Retroline LED-module HO RIDI-VLSG-7-T5 75-22W 12900-3785lm 5000K 120D
5030-VLSG7-T5-HO,Pragmalux,Pragmalux PRX Retroline LED-module HO RIDI-VLSG-7-T5 75-22W 12900-3785lm 5000K 30D
5060-VLSG7-T5-HO,Pragmalux,Pragmalux PRX Retroline LED-module HO RIDI-VLSG-7-T5 75-22W 12900-3785lm 5000K 60D
5090-VLSG7-T5-HO,Pragmalux,Pragmalux PRX Retroline LED-module HO RIDI-VLSG-7-T5 75-22W 12900-3785lm 5000K 90D
65120-VLSG7-T5-HO,Pragmalux,Pragmalux PRX Retroline LED-module HO RIDI-VLSG-7-T5 75-22W 12900-3785lm 6500K 120D
6530-VLSG7-T5-HO,Pragmalux,Pragmalux PRX Retroline LED-module HO RIDI-VLSG-7-T5 75-22W 12900-3785lm 6500K 30D
6560-VLSG7-T5-HO,Pragmalux,Pragmalux PRX Retroline LED-module HO RIDI-VLSG-7-T5 75-22W 12900-3785lm 6500K 60D
6590-VLSG7-T5-HO,Pragmalux,Pragmalux PRX Retroline LED-module HO RIDI-VLSG-7-T5 75-22W 12900-3785lm 6500K 90D
3060-TECTON-HO,Pragmalux,Pragmalux PRX Retroline LED-module HO ZUMTOBEL TECTON 75-22W 12000-3520lm 3000K 60D
3090-TECTON-HO,Pragmalux,Pragmalux PRX Retroline LED-module HO ZUMTOBEL TECTON 75-22W 12000-3520lm 3000K 90D
4030-TECTON-HO,Pragmalux,Pragmalux PRX Retroline LED-module HO ZUMTOBEL TECTON 75-22W 12900-3785lm 4000K 30D
4060-TECTON-HO,Pragmalux,Pragmalux PRX Retroline LED-module HO ZUMTOBEL TECTON 75-22W 12900-3785lm 4000K 60D
50120-TECTON-HO,Pragmalux,Pragmalux PRX Retroline LED-module HO ZUMTOBEL TECTON 75-22W 12900-3785lm 5000K 120D
5030-TECTON-HO,Pragmalux,Pragmalux PRX Retroline LED-module HO ZUMTOBEL TECTON 75-22W 12900-3785lm 5000K 30D
5060-TECTON-HO,Pragmalux,Pragmalux PRX Retroline LED-module HO ZUMTOBEL TECTON 75-22W 12900-3785lm 5000K 60D
5090-TECTON-HO,Pragmalux,Pragmalux PRX Retroline LED-module HO ZUMTOBEL TECTON 75-22W 12900-3785lm 5000K 90D
65120-TECTON-HO,Pragmalux,Pragmalux PRX Retroline LED-module HO ZUMTOBEL TECTON 75-22W 12900-3785lm 6500K 120D
6530-TECTON-HO,Pragmalux,Pragmalux PRX Retroline LED-module HO ZUMTOBEL TECTON 75-22W 12900-3785lm 6500K 30D
6560-TECTON-HO,Pragmalux,Pragmalux PRX Retroline LED-module HO ZUMTOBEL TECTON 75-22W 12900-3785lm 6500K 60D
6590-TECTON-HO,Pragmalux,Pragmalux PRX Retroline LED-module HO ZUMTOBEL TECTON 75-22W 12900-3785lm 6500K 90D
4090-48-ZX1-HO,Pragmalux,Pragmalux PRX Retroline LED-module HO ZUMTOBEL ZX1 48-24W 12900-3785lm 4000K 90D
2019690,Pragmalux,Pragmalux PRX Retroline LED-module Philips TMX204-T8 60W 8500lm 3000K 90D Dali
2019706,Pragmalux,Pragmalux PRX Retroline LED-module Philips TMX204-T8 vervanger 36W 5700lm 1200mm 3000K 90D Dali
2039315,Pragmalux,Pragmalux PRX-Line LED IP54 module 1450mm Wit 9600lm 4000K 90D DALI
409054-L,Pragmalux,Pragmalux PRX-Line LED IP54 module 1450mm Wit dipswitch 50-32W max 9000lm 4000K 90D
30120-O-UO-L-DA,Pragmalux,Pragmalux PRX-Line UO LED module-wit 2039mm 110W max 14800lm 3000K 120D opal cover DALI
40120-O-UO-L-DA,Pragmalux,Pragmalux PRX-Line UO LED module-wit 2039mm 110W max 15750lm 4000K 120D opal cover DALI
50120-O-UO-L-DA,Pragmalux,Pragmalux PRX-Line UO LED module-wit 2039mm 110W max 15750lm 5000K 120D opal cover DALI
65120-O-UO-L-DA,Pragmalux,Pragmalux PRX-Line UO LED module-wit 2039mm 110W max 15750lm 6500K 120D opal cover DALI
30120-O-UO-L,Pragmalux,Pragmalux PRX-Line UO LED module-wit 2039mm dipswitch 115-83W 15300-11700lm 3000K 120D opal cover
40120-O-UO-L,Pragmalux,Pragmalux PRX-Line UO LED module-wit 2039mm dipswitch 115-83W 16200-12600lm 4000K 120D opal cover
50120-O-UO-L,Pragmalux,Pragmalux PRX-Line UO LED module-wit 2039mm dipswitch 115-83W 16200-12600lm 5000K 120D opal cover
65120-O-UO-L,Pragmalux,Pragmalux PRX-Line UO LED module-wit 2039mm dipswitch 115-83W 16200-12600lm 6500K 120D opal cover
1035833,Pragmalux,Pragmalux PRX-UO component LED-PCB-115W-3000K 120D Opaal
1035840,Pragmalux,Pragmalux PRX-UO component LED-PCB-115W-4000K 120D Opaal
1035857,Pragmalux,Pragmalux PRX-UO component LED-PCB-115W-5000K 120D Opaal
1035864,Pragmalux,Pragmalux PRX-UO component LED-PCB-115W-6500K 120D Opaal
2011366,Pragmalux,Pragmalux Re-light kit T5/T8 2-voudig LED module 1129mm 25W 3800-3900lm 3000-4000K 2-CCT + Philips DALI2 D4i driver
2037014,Pragmalux,Pragmalux Re-light kit T5/T8 2-voudig LED module 1429mm 18-30W 3000-5150lm 3000-4000K 2-CCT + Philips DALI2 D4i driver
2011359,Pragmalux,Pragmalux Re-light kit T5/T8 2-voudig LED module 1429mm 31W 4700-4900lm 3000-4000K 2-CCT + Philips DALI2 D4i driver
2011373,Pragmalux,Pragmalux Re-light kit T5/T8 3-voudig LED module 529mm 14W 2000-2050lm 3000-4000K 2-CCT + Philips DALI2 D4i driver
2011571,Pragmalux,Pragmalux Re-light kit T5/T8 3-voudig LED module 529mm 14W 2000-2050lm 3000-4000K 2-CCT + Philips DALI2 D4i driver
2011557,Pragmalux,Pragmalux Re-light kit T5/T8 3-voudig LED module 529mm 14W 2000-2050lm 3000-4000K 2-CCT + Philips driver
2011342,Pragmalux,Pragmalux Re-light kit T5/T8 4-voudig LED module 529mm 14W 2000-2050lm 3000-4000K 2-CCT + Philips DALI2 D4i driver
2011588,Pragmalux,Pragmalux Re-light kit T5/T8 4-voudig LED module 529mm 14W 2000-2050lm 3000-4000K 2-CCT + Philips DALI2 D4i driver
2011564,Pragmalux,Pragmalux Re-light kit T5/T8 4-voudig LED module 529mm 14W 2000-2050lm 3000-4000K 2-CCT + Philips driver
2024885,Pragmalux,Pragmalux Re-light LED Philips D4i driver 35W voor LED module1129/1429mm
2024878,Pragmalux,Pragmalux Re-light LED Philips D4i driver 36W voor LED module 529mm
9118276,Pragmalux,Richtspot Adjusto G2 36W Foodmodule 3000K CRI>90 36D 3029lm Wit
9900663,Pragmalux,Pragmalux LED 3-Fase Railspot Alto 24W 4000K CRI>90 PW 60D 2970lm Wit
9905539,Pragmalux,Pragmalux LED 3-Fase Railspot Alto BROOD 35W CRI>90 60D 2300lm Wit
9905540,Pragmalux,Pragmalux LED 3-Fase Railspot Alto VLEES 35W CRI>90 60D 2300lm Wit Casambi
